{
  "text": "कभी न बोलना ग्राम वाणी कम्युनिटी को कभी न बोलना ग्राम वाणी कम्युनिटी को जनता कहता हैं आज रिपोर्टर हैं बिहार वाणी को",
  "segments": [
    {
      "id": 0,
      "seek": 0,
      "start": 0.0,
      "end": 10.98,
      "text": "कभी न बोलना ग्राम वाणी कम्युनिटी को कभी न बोलना ग्राम वाणी कम्युनिटी को जनता कहता हैं आज रिपोर्टर हैं बिहार वाणी को",
      "tokens": [
        50364,
        41858,
        3941,
        255,
        31881,
        8485,
        101,
        8485,
        105,
        33926,
        46758,
        35082,
        17937,
        8485,
        245,
        27099,
        25411,
        17937,
        48521,
        8485,
        113,
        17937,
        3941,
        96,
        31881,
        31970,
        48521,
        27099,
        48268,
        8703,
        223,
        35082,
        33279,
        3941,
        253,
        31881,
        31970,
        33926,
        31970,
        3941,
        255,
        31881,
        8485,
        101,
        8485,
        105,
        33926,
        46758,
        35082,
        17937,
        8485,
        245,
        27099,
        25411,
        17937,
        48521,
        8485,
        113,
        17937,
        3941,
        96,
        31881,
        31970,
        48521,
        27099,
        48268,
        8703,
        223,
        35082,
        33279,
        3941,
        253,
        31881,
        31970,
        33926,
        8485,
        250,
        35082,
        36158,
        17937,
        31970,
        44500,
        36158,
        17937,
        37139,
        43372,
        31945,
        8485,
        228,
        3941,
        250,
        8485,
        108,
        33279,
        3941,
        103,
        33926,
        25411,
        27099,
        3941,
        253,
        25411,
        37139,
        43372,
        31945,
        8485,
        105,
        33279,
        44500,
        17937,
        25411,
        8485,
        113,
        17937,
        3941,
        96,
        31881,
        31970,
        33926
      ],
      "temperature": 0.0,
      "avg_logprob": -0.07200963497161865,
      "compression_ratio": 2.388888888888889,
      "no_speech_prob": 1.5031609471119364e-16,
      "confidence": 0.954,
      "words": [
        {
          "text": "कभी",
          "start": 0.0,
          "end": 0.7,
          "confidence": 0.969
        },
        {
          "text": "न",
          "start": 0.7,
          "end": 0.9,
          "confidence": 0.984
        },
        {
          "text": "बोलना",
          "start": 0.9,
          "end": 1.56,
          "confidence": 0.878
        },
        {
          "text": "ग्राम",
          "start": 1.56,
          "end": 2.6,
          "confidence": 0.986
        },
        {
          "text": "वाणी",
          "start": 2.6,
          "end": 2.84,
          "confidence": 0.969
        },
        {
          "text": "कम्युनिटी",
          "start": 2.84,
          "end": 3.38,
          "confidence": 0.966
        },
        {
          "text": "को",
          "start": 3.38,
          "end": 3.74,
          "confidence": 0.987
        },
        {
          "text": "कभी",
          "start": 3.74,
          "end": 4.88,
          "confidence": 0.948
        },
        {
          "text": "न",
          "start": 4.88,
          "end": 5.02,
          "confidence": 0.995
        },
        {
          "text": "बोलना",
          "start": 5.02,
          "end": 5.54,
          "confidence": 0.992
        },
        {
          "text": "ग्राम",
          "start": 5.54,
          "end": 5.86,
          "confidence": 0.997
        },
        {
          "text": "वाणी",
          "start": 5.86,
          "end": 6.2,
          "confidence": 0.997
        },
        {
          "text": "कम्युनिटी",
          "start": 6.2,
          "end": 6.64,
          "confidence": 0.997
        },
        {
          "text": "को",
          "start": 6.64,
          "end": 6.98,
          "confidence": 0.991
        },
        {
          "text": "जनता",
          "start": 6.98,
          "end": 8.24,
          "confidence": 0.993
        },
        {
          "text": "कहता",
          "start": 8.24,
          "end": 8.7,
          "confidence": 0.855
        },
        {
          "text": "हैं",
          "start": 8.7,
          "end": 8.98,
          "confidence": 0.793
        },
        {
          "text": "आज",
          "start": 8.98,
          "end": 9.24,
          "confidence": 0.956
        },
        {
          "text": "रिपोर्टर",
          "start": 9.24,
          "end": 9.9,
          "confidence": 0.841
        },
        {
          "text": "हैं",
          "start": 9.9,
          "end": 10.14,
          "confidence": 0.979
        },
        {
          "text": "बिहार",
          "start": 10.14,
          "end": 10.54,
          "confidence": 0.996
        },
        {
          "text": "वाणी",
          "start": 10.54,
          "end": 10.84,
          "confidence": 0.996
        },
        {
          "text": "को",
          "start": 10.84,
          "end": 10.98,
          "confidence": 0.993
        }
      ]
    }
  ],
  "language": "hi"
}