{
  "text": "कहाँ तक की हैं आप ये सब जो हैं अभी तक देखा जाता हैं की बहुत दूर दूर ऐसी ये मेले को देखने आते हैं और यहाँ ऐसी हमारे जो हरनी पंचायत में मेला लगता हैं",
  "segments": [
    {
      "id": 0,
      "seek": 0,
      "start": 0.0,
      "end": 9.48,
      "text": "कहाँ तक की हैं आप ये सब जो हैं अभी तक देखा जाता हैं की बहुत दूर दूर ऐसी ये मेले को देखने आते हैं और यहाँ ऐसी हमारे जो हरनी पंचायत में मेला लगता हैं",
      "tokens": [
        50364,
        41858,
        44500,
        17937,
        3941,
        223,
        8485,
        97,
        41858,
        31970,
        31881,
        37139,
        43372,
        31945,
        8485,
        228,
        3941,
        103,
        8485,
        107,
        21981,
        49316,
        3941,
        105,
        8485,
        250,
        33926,
        37139,
        43372,
        31945,
        8485,
        227,
        3941,
        255,
        31881,
        8485,
        97,
        41858,
        8485,
        99,
        21981,
        3941,
        244,
        17937,
        8485,
        250,
        17937,
        36158,
        17937,
        37139,
        43372,
        31945,
        31970,
        31881,
        8485,
        105,
        44500,
        8703,
        223,
        36158,
        8485,
        99,
        8703,
        224,
        25411,
        8485,
        99,
        8703,
        224,
        25411,
        8485,
        238,
        45938,
        31881,
        8485,
        107,
        21981,
        48449,
        21981,
        46758,
        21981,
        31970,
        33926,
        8485,
        99,
        21981,
        3941,
        244,
        35082,
        21981,
        8485,
        228,
        36158,
        21981,
        37139,
        43372,
        31945,
        8485,
        242,
        25411,
        8485,
        107,
        44500,
        17937,
        3941,
        223,
        8485,
        238,
        45938,
        31881,
        37139,
        48521,
        17937,
        25411,
        21981,
        8485,
        250,
        33926,
        37139,
        25411,
        35082,
        31881,
        8485,
        103,
        31945,
        3941,
        248,
        17937,
        48268,
        36158,
        48449,
        21981,
        31945,
        48449,
        21981,
        46758,
        17937,
        8485,
        110,
        3941,
        245,
        36158,
        17937,
        37139,
        43372,
        31945
      ],
      "temperature": 0.0,
      "avg_logprob": -0.09295375979676539,
      "compression_ratio": 2.2349397590361444,
      "no_speech_prob": 9.37006765580617e-13,
      "confidence": 0.92,
      "words": [
        {
          "text": "कहाँ",
          "start": 0.0,
          "end": 0.4,
          "confidence": 0.848
        },
        {
          "text": "तक",
          "start": 0.4,
          "end": 0.42,
          "confidence": 0.981
        },
        {
          "text": "की",
          "start": 0.42,
          "end": 0.5,
          "confidence": 0.669
        },
        {
          "text": "हैं",
          "start": 0.5,
          "end": 0.68,
          "confidence": 0.782
        },
        {
          "text": "आप",
          "start": 0.68,
          "end": 0.72,
          "confidence": 0.953
        },
        {
          "text": "ये",
          "start": 0.72,
          "end": 1.08,
          "confidence": 0.696
        },
        {
          "text": "सब",
          "start": 1.08,
          "end": 1.32,
          "confidence": 0.97
        },
        {
          "text": "जो",
          "start": 1.32,
          "end": 1.48,
          "confidence": 0.941
        },
        {
          "text": "हैं",
          "start": 1.48,
          "end": 1.72,
          "confidence": 0.919
        },
        {
          "text": "अभी",
          "start": 1.72,
          "end": 2.12,
          "confidence": 0.866
        },
        {
          "text": "तक",
          "start": 2.12,
          "end": 2.26,
          "confidence": 0.901
        },
        {
          "text": "देखा",
          "start": 2.26,
          "end": 2.54,
          "confidence": 0.99
        },
        {
          "text": "जाता",
          "start": 2.54,
          "end": 2.74,
          "confidence": 0.989
        },
        {
          "text": "हैं",
          "start": 2.74,
          "end": 3.06,
          "confidence": 0.971
        },
        {
          "text": "की",
          "start": 3.06,
          "end": 3.08,
          "confidence": 0.871
        },
        {
          "text": "बहुत",
          "start": 3.08,
          "end": 3.56,
          "confidence": 0.983
        },
        {
          "text": "दूर",
          "start": 3.56,
          "end": 3.94,
          "confidence": 0.987
        },
        {
          "text": "दूर",
          "start": 3.94,
          "end": 3.96,
          "confidence": 0.997
        },
        {
          "text": "ऐसी",
          "start": 3.96,
          "end": 4.18,
          "confidence": 0.966
        },
        {
          "text": "ये",
          "start": 4.18,
          "end": 4.34,
          "confidence": 0.9
        },
        {
          "text": "मेले",
          "start": 4.34,
          "end": 4.66,
          "confidence": 0.952
        },
        {
          "text": "को",
          "start": 4.66,
          "end": 4.74,
          "confidence": 0.974
        },
        {
          "text": "देखने",
          "start": 4.74,
          "end": 5.22,
          "confidence": 0.904
        },
        {
          "text": "आते",
          "start": 5.22,
          "end": 5.44,
          "confidence": 0.756
        },
        {
          "text": "हैं",
          "start": 5.44,
          "end": 6.62,
          "confidence": 0.992
        },
        {
          "text": "और",
          "start": 6.62,
          "end": 6.9,
          "confidence": 0.913
        },
        {
          "text": "यहाँ",
          "start": 6.9,
          "end": 7.28,
          "confidence": 0.996
        },
        {
          "text": "ऐसी",
          "start": 7.28,
          "end": 7.36,
          "confidence": 0.787
        },
        {
          "text": "हमारे",
          "start": 7.36,
          "end": 7.7,
          "confidence": 0.965
        },
        {
          "text": "जो",
          "start": 7.7,
          "end": 7.86,
          "confidence": 0.937
        },
        {
          "text": "हरनी",
          "start": 7.86,
          "end": 8.3,
          "confidence": 0.671
        },
        {
          "text": "पंचायत",
          "start": 8.3,
          "end": 8.54,
          "confidence": 0.992
        },
        {
          "text": "में",
          "start": 8.54,
          "end": 8.76,
          "confidence": 0.976
        },
        {
          "text": "मेला",
          "start": 8.76,
          "end": 9.0,
          "confidence": 0.977
        },
        {
          "text": "लगता",
          "start": 9.0,
          "end": 9.26,
          "confidence": 0.991
        },
        {
          "text": "हैं",
          "start": 9.26,
          "end": 9.48,
          "confidence": 0.973
        }
      ]
    }
  ],
  "language": "hi"
}