{
  "text": "लोगो को यह भी समझ में आ रही है की सरकार गरीब क्षेत्र विकास की योजना के तहत राशि देती है पंचायत आरोप अधिकारी प्रतिनिधि दलालों अधिक",
  "segments": [
    {
      "id": 0,
      "seek": 0,
      "start": 0.0,
      "end": 11.26,
      "text": "लोगो को यह भी समझ में आ रही है की सरकार गरीब क्षेत्र विकास की योजना के तहत राशि देती है पंचायत आरोप अधिकारी प्रतिनिधि दलालों अधिक",
      "tokens": [
        50364,
        46758,
        33926,
        3941,
        245,
        33926,
        31970,
        33926,
        8485,
        107,
        44500,
        8485,
        255,
        31881,
        49316,
        48521,
        3941,
        251,
        48449,
        21981,
        31945,
        8485,
        228,
        8485,
        108,
        44500,
        31881,
        37139,
        43372,
        31970,
        31881,
        49316,
        25411,
        41858,
        17937,
        25411,
        8485,
        245,
        25411,
        31881,
        3941,
        105,
        31970,
        27099,
        3941,
        115,
        21981,
        36158,
        27099,
        25411,
        8485,
        113,
        33279,
        41858,
        17937,
        45938,
        31970,
        31881,
        8485,
        107,
        33926,
        3941,
        250,
        35082,
        17937,
        31970,
        21981,
        8485,
        97,
        44500,
        36158,
        8485,
        108,
        17937,
        3941,
        114,
        33279,
        8485,
        99,
        21981,
        36158,
        31881,
        37139,
        43372,
        8485,
        103,
        31945,
        3941,
        248,
        17937,
        48268,
        36158,
        8485,
        228,
        25411,
        33926,
        3941,
        103,
        8485,
        227,
        3941,
        100,
        33279,
        41858,
        17937,
        25411,
        31881,
        8485,
        103,
        27099,
        25411,
        36158,
        33279,
        35082,
        33279,
        3941,
        100,
        33279,
        8485,
        99,
        46758,
        17937,
        46758,
        33926,
        31945,
        8485,
        227,
        3941,
        100,
        33279,
        41858
      ],
      "temperature": 0.0,
      "avg_logprob": -0.0686120047713771,
      "compression_ratio": 1.9705882352941178,
      "no_speech_prob": 6.730765575967135e-13,
      "confidence": 0.949,
      "words": [
        {
          "text": "लोगो",
          "start": 0.0,
          "end": 0.74,
          "confidence": 0.988
        },
        {
          "text": "को",
          "start": 0.74,
          "end": 0.92,
          "confidence": 0.729
        },
        {
          "text": "यह",
          "start": 0.92,
          "end": 1.36,
          "confidence": 0.958
        },
        {
          "text": "भी",
          "start": 1.36,
          "end": 1.38,
          "confidence": 0.972
        },
        {
          "text": "समझ",
          "start": 1.38,
          "end": 2.08,
          "confidence": 0.917
        },
        {
          "text": "में",
          "start": 2.08,
          "end": 2.4,
          "confidence": 0.9
        },
        {
          "text": "आ",
          "start": 2.4,
          "end": 2.42,
          "confidence": 0.989
        },
        {
          "text": "रही",
          "start": 2.42,
          "end": 2.72,
          "confidence": 0.984
        },
        {
          "text": "है",
          "start": 2.72,
          "end": 2.84,
          "confidence": 0.963
        },
        {
          "text": "की",
          "start": 2.84,
          "end": 3.02,
          "confidence": 0.796
        },
        {
          "text": "सरकार",
          "start": 3.02,
          "end": 3.62,
          "confidence": 0.996
        },
        {
          "text": "गरीब",
          "start": 3.62,
          "end": 3.98,
          "confidence": 0.991
        },
        {
          "text": "क्षेत्र",
          "start": 3.98,
          "end": 4.58,
          "confidence": 0.986
        },
        {
          "text": "विकास",
          "start": 4.58,
          "end": 4.92,
          "confidence": 0.949
        },
        {
          "text": "की",
          "start": 4.92,
          "end": 5.32,
          "confidence": 0.822
        },
        {
          "text": "योजना",
          "start": 5.32,
          "end": 5.44,
          "confidence": 0.998
        },
        {
          "text": "के",
          "start": 5.44,
          "end": 6.18,
          "confidence": 0.971
        },
        {
          "text": "तहत",
          "start": 6.18,
          "end": 6.2,
          "confidence": 0.842
        },
        {
          "text": "राशि",
          "start": 6.2,
          "end": 6.82,
          "confidence": 0.895
        },
        {
          "text": "देती",
          "start": 6.82,
          "end": 7.22,
          "confidence": 0.992
        },
        {
          "text": "है",
          "start": 7.22,
          "end": 7.5,
          "confidence": 0.997
        },
        {
          "text": "पंचायत",
          "start": 7.5,
          "end": 8.24,
          "confidence": 0.952
        },
        {
          "text": "आरोप",
          "start": 8.24,
          "end": 8.48,
          "confidence": 0.935
        },
        {
          "text": "अधिकारी",
          "start": 8.48,
          "end": 9.5,
          "confidence": 0.989
        },
        {
          "text": "प्रतिनिधि",
          "start": 9.5,
          "end": 10.08,
          "confidence": 0.967
        },
        {
          "text": "दलालों",
          "start": 10.08,
          "end": 10.88,
          "confidence": 0.941
        },
        {
          "text": "अधिक",
          "start": 10.88,
          "end": 11.26,
          "confidence": 0.918
        }
      ]
    }
  ],
  "language": "hi"
}