{
  "text": "मैं दिलीप पांडे जमुई अघरा ऐसी मोबाइल वाणी न्यूज एक्सप्रेस ऐसी जिस रिकॉर्ड बनाएगी मानव श्रृंखला प्रभारी मंत्री",
  "segments": [
    {
      "id": 0,
      "seek": 0,
      "start": 0.0,
      "end": 6.48,
      "text": "मैं दिलीप पांडे जमुई अघरा ऐसी मोबाइल वाणी न्यूज एक्सप्रेस ऐसी जिस रिकॉर्ड बनाएगी मानव श्रृंखला प्रभारी मंत्री",
      "tokens": [
        50364,
        48521,
        43372,
        31945,
        8485,
        99,
        33279,
        46758,
        31881,
        3941,
        103,
        8485,
        103,
        17937,
        31945,
        3941,
        94,
        21981,
        8485,
        250,
        48521,
        8703,
        223,
        3941,
        230,
        8485,
        227,
        3941,
        246,
        25411,
        17937,
        8485,
        238,
        45938,
        31881,
        48449,
        33926,
        3941,
        105,
        17937,
        3941,
        229,
        46758,
        8485,
        113,
        17937,
        3941,
        96,
        31881,
        8485,
        101,
        27099,
        48268,
        8703,
        224,
        3941,
        250,
        8485,
        237,
        41858,
        27099,
        45938,
        3941,
        103,
        27099,
        25411,
        21981,
        45938,
        8485,
        238,
        45938,
        31881,
        8485,
        250,
        33279,
        45938,
        8485,
        108,
        33279,
        41858,
        8703,
        231,
        25411,
        27099,
        3941,
        94,
        8485,
        105,
        35082,
        17937,
        3941,
        237,
        3941,
        245,
        31881,
        48449,
        17937,
        35082,
        3941,
        113,
        8485,
        114,
        27099,
        25411,
        8703,
        225,
        31945,
        3941,
        244,
        46758,
        17937,
        8485,
        103,
        27099,
        25411,
        3941,
        255,
        17937,
        25411,
        31881,
        48449,
        31945,
        36158,
        27099,
        25411,
        31881
      ],
      "temperature": 0.0,
      "avg_logprob": -0.12363630580151175,
      "compression_ratio": 1.7865853658536586,
      "no_speech_prob": 5.033102065716167e-16,
      "confidence": 0.899,
      "words": [
        {
          "text": "मैं",
          "start": 0.0,
          "end": 0.62,
          "confidence": 0.705
        },
        {
          "text": "दिलीप",
          "start": 0.62,
          "end": 0.94,
          "confidence": 0.991
        },
        {
          "text": "पांडे",
          "start": 0.94,
          "end": 1.08,
          "confidence": 0.967
        },
        {
          "text": "जमुई",
          "start": 1.08,
          "end": 1.56,
          "confidence": 0.852
        },
        {
          "text": "अघरा",
          "start": 1.56,
          "end": 1.58,
          "confidence": 0.721
        },
        {
          "text": "ऐसी",
          "start": 1.58,
          "end": 2.1,
          "confidence": 0.849
        },
        {
          "text": "मोबाइल",
          "start": 2.1,
          "end": 2.28,
          "confidence": 0.975
        },
        {
          "text": "वाणी",
          "start": 2.28,
          "end": 2.52,
          "confidence": 0.979
        },
        {
          "text": "न्यूज",
          "start": 2.52,
          "end": 3.02,
          "confidence": 0.869
        },
        {
          "text": "एक्सप्रेस",
          "start": 3.02,
          "end": 3.1,
          "confidence": 0.892
        },
        {
          "text": "ऐसी",
          "start": 3.1,
          "end": 3.38,
          "confidence": 0.866
        },
        {
          "text": "जिस",
          "start": 3.38,
          "end": 3.62,
          "confidence": 0.721
        },
        {
          "text": "रिकॉर्ड",
          "start": 3.62,
          "end": 4.12,
          "confidence": 0.856
        },
        {
          "text": "बनाएगी",
          "start": 4.12,
          "end": 4.56,
          "confidence": 0.934
        },
        {
          "text": "मानव",
          "start": 4.56,
          "end": 4.98,
          "confidence": 0.979
        },
        {
          "text": "श्रृंखला",
          "start": 4.98,
          "end": 5.4,
          "confidence": 0.911
        },
        {
          "text": "प्रभारी",
          "start": 5.4,
          "end": 6.12,
          "confidence": 0.976
        },
        {
          "text": "मंत्री",
          "start": 6.12,
          "end": 6.48,
          "confidence": 0.98
        }
      ]
    }
  ],
  "language": "hi"
}