{
  "text": "पुने वाले उन सरकार या पार्टी का समर्थक होते है आम नागरिक नहीं इसलिए उनको लाभ नहीं मिल पता है धन्यवाद",
  "segments": [
    {
      "id": 0,
      "seek": 0,
      "start": 0.0,
      "end": 9.28,
      "text": "पुने वाले उन सरकार या पार्टी का समर्थक होते है आम नागरिक नहीं इसलिए उनको लाभ नहीं मिल पता है धन्यवाद",
      "tokens": [
        50364,
        3941,
        103,
        8703,
        223,
        35082,
        21981,
        8485,
        113,
        17937,
        46758,
        21981,
        8485,
        231,
        35082,
        49316,
        25411,
        41858,
        17937,
        25411,
        8485,
        107,
        17937,
        8485,
        103,
        17937,
        25411,
        27099,
        3941,
        253,
        31881,
        31970,
        17937,
        49316,
        48521,
        25411,
        27099,
        3941,
        98,
        41858,
        37139,
        33926,
        36158,
        21981,
        37139,
        43372,
        8485,
        228,
        48521,
        8485,
        101,
        17937,
        3941,
        245,
        25411,
        33279,
        41858,
        8485,
        101,
        44500,
        31881,
        31945,
        8485,
        229,
        45938,
        46758,
        33279,
        3941,
        237,
        8485,
        231,
        35082,
        41858,
        33926,
        8485,
        110,
        17937,
        3941,
        255,
        8485,
        101,
        44500,
        31881,
        31945,
        48449,
        33279,
        46758,
        8485,
        103,
        36158,
        17937,
        37139,
        43372,
        8485,
        100,
        35082,
        27099,
        48268,
        3941,
        113,
        17937,
        3941,
        99
      ],
      "temperature": 0.0,
      "avg_logprob": -0.08933618435492882,
      "compression_ratio": 1.8055555555555556,
      "no_speech_prob": 3.403852286837372e-12,
      "confidence": 0.928,
      "words": [
        {
          "text": "पुने",
          "start": 0.0,
          "end": 0.74,
          "confidence": 0.534
        },
        {
          "text": "वाले",
          "start": 0.74,
          "end": 1.0,
          "confidence": 0.989
        },
        {
          "text": "उन",
          "start": 1.0,
          "end": 1.32,
          "confidence": 0.946
        },
        {
          "text": "सरकार",
          "start": 1.32,
          "end": 1.74,
          "confidence": 0.993
        },
        {
          "text": "या",
          "start": 1.74,
          "end": 1.94,
          "confidence": 0.917
        },
        {
          "text": "पार्टी",
          "start": 1.94,
          "end": 2.3,
          "confidence": 0.986
        },
        {
          "text": "का",
          "start": 2.3,
          "end": 2.46,
          "confidence": 0.943
        },
        {
          "text": "समर्थक",
          "start": 2.46,
          "end": 3.34,
          "confidence": 0.981
        },
        {
          "text": "होते",
          "start": 3.34,
          "end": 3.76,
          "confidence": 0.957
        },
        {
          "text": "है",
          "start": 3.76,
          "end": 4.14,
          "confidence": 0.963
        },
        {
          "text": "आम",
          "start": 4.14,
          "end": 5.08,
          "confidence": 0.785
        },
        {
          "text": "नागरिक",
          "start": 5.08,
          "end": 5.34,
          "confidence": 0.976
        },
        {
          "text": "नहीं",
          "start": 5.34,
          "end": 5.96,
          "confidence": 0.946
        },
        {
          "text": "इसलिए",
          "start": 5.96,
          "end": 6.34,
          "confidence": 0.89
        },
        {
          "text": "उनको",
          "start": 6.34,
          "end": 6.8,
          "confidence": 0.988
        },
        {
          "text": "लाभ",
          "start": 6.8,
          "end": 7.1,
          "confidence": 0.977
        },
        {
          "text": "नहीं",
          "start": 7.1,
          "end": 7.48,
          "confidence": 0.981
        },
        {
          "text": "मिल",
          "start": 7.48,
          "end": 7.54,
          "confidence": 0.997
        },
        {
          "text": "पता",
          "start": 7.54,
          "end": 7.86,
          "confidence": 0.919
        },
        {
          "text": "है",
          "start": 7.86,
          "end": 8.12,
          "confidence": 0.988
        },
        {
          "text": "धन्यवाद",
          "start": 8.12,
          "end": 9.28,
          "confidence": 0.988
        }
      ]
    }
  ],
  "language": "hi"
}