{
  "text": "धनबाद के जिला को ओरिणेशन सफाजुल अजहाब रविन्द्र महतो फरकेश्वर महतो मदन लाल चौहान राधू राय बीरबल महतो कंचन कुमारी रानी कुमारी गुलाम",
  "segments": [
    {
      "id": 0,
      "seek": 0,
      "start": 0.0,
      "end": 11.3,
      "text": "धनबाद के जिला को ओरिणेशन सफाजुल अजहाब रविन्द्र महतो फरकेश्वर महतो मदन लाल चौहान राधू राय बीरबल महतो कंचन कुमारी रानी कुमारी गुलाम",
      "tokens": [
        50364,
        3941,
        100,
        35082,
        3941,
        105,
        17937,
        3941,
        99,
        31970,
        21981,
        8485,
        250,
        33279,
        46758,
        17937,
        31970,
        33926,
        8485,
        241,
        25411,
        33279,
        3941,
        96,
        21981,
        3941,
        114,
        35082,
        49316,
        3941,
        104,
        17937,
        3941,
        250,
        8703,
        223,
        46758,
        8485,
        227,
        3941,
        250,
        44500,
        17937,
        3941,
        105,
        8485,
        108,
        3941,
        113,
        33279,
        35082,
        27099,
        3941,
        99,
        27099,
        25411,
        48449,
        44500,
        36158,
        33926,
        8485,
        104,
        25411,
        41858,
        21981,
        3941,
        114,
        27099,
        3941,
        113,
        25411,
        48449,
        44500,
        36158,
        33926,
        48449,
        3941,
        99,
        35082,
        8485,
        110,
        17937,
        46758,
        8485,
        248,
        8703,
        234,
        44500,
        17937,
        35082,
        8485,
        108,
        17937,
        3941,
        100,
        8703,
        224,
        8485,
        108,
        17937,
        48268,
        8485,
        105,
        31881,
        25411,
        3941,
        105,
        46758,
        48449,
        44500,
        36158,
        33926,
        31970,
        31945,
        3941,
        248,
        35082,
        31970,
        8703,
        223,
        48521,
        17937,
        25411,
        31881,
        8485,
        108,
        17937,
        35082,
        31881,
        31970,
        8703,
        223,
        48521,
        17937,
        25411,
        31881,
        8485,
        245,
        8703,
        223,
        46758,
        17937,
        48521
      ],
      "temperature": 0.0,
      "avg_logprob": -0.10564529895782471,
      "compression_ratio": 2.0416666666666665,
      "no_speech_prob": 3.395040825009718e-15,
      "confidence": 0.916,
      "words": [
        {
          "text": "धनबाद",
          "start": 0.0,
          "end": 0.64,
          "confidence": 0.984
        },
        {
          "text": "के",
          "start": 0.64,
          "end": 0.82,
          "confidence": 0.874
        },
        {
          "text": "जिला",
          "start": 0.82,
          "end": 1.18,
          "confidence": 0.984
        },
        {
          "text": "को",
          "start": 1.18,
          "end": 1.38,
          "confidence": 0.906
        },
        {
          "text": "ओरिणेशन",
          "start": 1.38,
          "end": 1.74,
          "confidence": 0.793
        },
        {
          "text": "सफाजुल",
          "start": 1.74,
          "end": 2.46,
          "confidence": 0.864
        },
        {
          "text": "अजहाब",
          "start": 2.46,
          "end": 3.02,
          "confidence": 0.695
        },
        {
          "text": "रविन्द्र",
          "start": 3.02,
          "end": 3.7,
          "confidence": 0.935
        },
        {
          "text": "महतो",
          "start": 3.7,
          "end": 4.22,
          "confidence": 0.984
        },
        {
          "text": "फरकेश्वर",
          "start": 4.22,
          "end": 5.0,
          "confidence": 0.891
        },
        {
          "text": "महतो",
          "start": 5.0,
          "end": 5.54,
          "confidence": 0.995
        },
        {
          "text": "मदन",
          "start": 5.54,
          "end": 6.04,
          "confidence": 0.97
        },
        {
          "text": "लाल",
          "start": 6.04,
          "end": 6.3,
          "confidence": 0.86
        },
        {
          "text": "चौहान",
          "start": 6.3,
          "end": 6.68,
          "confidence": 0.992
        },
        {
          "text": "राधू",
          "start": 6.68,
          "end": 7.44,
          "confidence": 0.917
        },
        {
          "text": "राय",
          "start": 7.44,
          "end": 7.72,
          "confidence": 0.936
        },
        {
          "text": "बीरबल",
          "start": 7.72,
          "end": 8.16,
          "confidence": 0.984
        },
        {
          "text": "महतो",
          "start": 8.16,
          "end": 8.54,
          "confidence": 0.995
        },
        {
          "text": "कंचन",
          "start": 8.54,
          "end": 9.1,
          "confidence": 0.961
        },
        {
          "text": "कुमारी",
          "start": 9.1,
          "end": 9.42,
          "confidence": 0.995
        },
        {
          "text": "रानी",
          "start": 9.42,
          "end": 9.84,
          "confidence": 0.98
        },
        {
          "text": "कुमारी",
          "start": 9.84,
          "end": 10.28,
          "confidence": 0.998
        },
        {
          "text": "गुलाम",
          "start": 10.28,
          "end": 11.3,
          "confidence": 0.871
        }
      ]
    }
  ],
  "language": "hi"
}