{
  "text": "शहर के लिए निकाले जब दोनो भाई कुछ पैसा बचत करके माता पिता को देखते थे और कुछ पैसा इकट्ठा करके दूसरी बार जब घर",
  "segments": [
    {
      "id": 0,
      "seek": 0,
      "start": 0.0,
      "end": 10.56,
      "text": "शहर के लिए निकाले जब दोनो भाई कुछ पैसा बचत करके माता पिता को देखते थे और कुछ पैसा इकट्ठा करके दूसरी बार जब घर",
      "tokens": [
        50364,
        3941,
        114,
        44500,
        25411,
        31970,
        21981,
        8485,
        110,
        33279,
        3941,
        237,
        8485,
        101,
        33279,
        41858,
        17937,
        46758,
        21981,
        8485,
        250,
        3941,
        105,
        8485,
        99,
        33926,
        35082,
        33926,
        8485,
        255,
        17937,
        3941,
        230,
        31970,
        8703,
        223,
        3941,
        249,
        8485,
        103,
        43372,
        45938,
        17937,
        8485,
        105,
        3941,
        248,
        36158,
        31970,
        25411,
        41858,
        21981,
        48449,
        17937,
        36158,
        17937,
        8485,
        103,
        33279,
        36158,
        17937,
        31970,
        33926,
        8485,
        99,
        21981,
        3941,
        244,
        36158,
        21981,
        8485,
        98,
        21981,
        8485,
        242,
        25411,
        31970,
        8703,
        223,
        3941,
        249,
        8485,
        103,
        43372,
        45938,
        17937,
        8485,
        229,
        41858,
        3941,
        253,
        27099,
        3941,
        254,
        17937,
        31970,
        25411,
        41858,
        21981,
        8485,
        99,
        8703,
        224,
        45938,
        25411,
        31881,
        8485,
        105,
        17937,
        25411,
        8485,
        250,
        3941,
        105,
        8485,
        246,
        25411
      ],
      "temperature": 0.0,
      "avg_logprob": -0.06752998546018439,
      "compression_ratio": 1.8724832214765101,
      "no_speech_prob": 1.1746655030105005e-15,
      "confidence": 0.958,
      "words": [
        {
          "text": "शहर",
          "start": 0.0,
          "end": 0.68,
          "confidence": 0.915
        },
        {
          "text": "के",
          "start": 0.68,
          "end": 0.94,
          "confidence": 0.966
        },
        {
          "text": "लिए",
          "start": 0.94,
          "end": 1.0,
          "confidence": 0.987
        },
        {
          "text": "निकाले",
          "start": 1.0,
          "end": 1.48,
          "confidence": 0.901
        },
        {
          "text": "जब",
          "start": 1.48,
          "end": 1.96,
          "confidence": 0.945
        },
        {
          "text": "दोनो",
          "start": 1.96,
          "end": 2.28,
          "confidence": 0.993
        },
        {
          "text": "भाई",
          "start": 2.28,
          "end": 2.64,
          "confidence": 0.966
        },
        {
          "text": "कुछ",
          "start": 2.64,
          "end": 3.2,
          "confidence": 0.989
        },
        {
          "text": "पैसा",
          "start": 3.2,
          "end": 3.72,
          "confidence": 0.969
        },
        {
          "text": "बचत",
          "start": 3.72,
          "end": 4.3,
          "confidence": 0.987
        },
        {
          "text": "करके",
          "start": 4.3,
          "end": 4.72,
          "confidence": 0.883
        },
        {
          "text": "माता",
          "start": 4.72,
          "end": 5.82,
          "confidence": 0.982
        },
        {
          "text": "पिता",
          "start": 5.82,
          "end": 5.84,
          "confidence": 0.992
        },
        {
          "text": "को",
          "start": 5.84,
          "end": 6.12,
          "confidence": 0.975
        },
        {
          "text": "देखते",
          "start": 6.12,
          "end": 6.58,
          "confidence": 0.882
        },
        {
          "text": "थे",
          "start": 6.58,
          "end": 7.18,
          "confidence": 0.975
        },
        {
          "text": "और",
          "start": 7.18,
          "end": 7.92,
          "confidence": 0.957
        },
        {
          "text": "कुछ",
          "start": 7.92,
          "end": 8.16,
          "confidence": 0.995
        },
        {
          "text": "पैसा",
          "start": 8.16,
          "end": 8.64,
          "confidence": 0.994
        },
        {
          "text": "इकट्ठा",
          "start": 8.64,
          "end": 8.98,
          "confidence": 0.936
        },
        {
          "text": "करके",
          "start": 8.98,
          "end": 9.48,
          "confidence": 0.98
        },
        {
          "text": "दूसरी",
          "start": 9.48,
          "end": 10.06,
          "confidence": 0.948
        },
        {
          "text": "बार",
          "start": 10.06,
          "end": 10.16,
          "confidence": 0.991
        },
        {
          "text": "जब",
          "start": 10.16,
          "end": 10.42,
          "confidence": 0.98
        },
        {
          "text": "घर",
          "start": 10.42,
          "end": 10.56,
          "confidence": 0.988
        }
      ]
    }
  ],
  "language": "hi"
}