{
  "text": "ज्यादा उम्र के लड़का के साथ उसको कर दिया था उसको शादी किया उसका पहली पत्नी थी जो डेट कर गए थे उनके तीन चार बच्चे थे",
  "segments": [
    {
      "id": 0,
      "seek": 0,
      "start": 0.0,
      "end": 10.44,
      "text": "ज्यादा उम्र के लड़का के साथ उसको कर दिया था उसको शादी किया उसका पहली पत्नी थी जो डेट कर गए थे उनके तीन चार बच्चे थे",
      "tokens": [
        50380,
        3941,
        250,
        27099,
        48268,
        17937,
        3941,
        99,
        17937,
        8485,
        231,
        48521,
        27099,
        25411,
        31970,
        21981,
        8485,
        110,
        8703,
        250,
        41858,
        17937,
        31970,
        21981,
        49316,
        17937,
        3941,
        98,
        8485,
        231,
        45938,
        41858,
        33926,
        31970,
        25411,
        8485,
        99,
        33279,
        48268,
        17937,
        8485,
        98,
        17937,
        8485,
        231,
        45938,
        41858,
        33926,
        8485,
        114,
        17937,
        3941,
        99,
        31881,
        31970,
        33279,
        48268,
        17937,
        8485,
        231,
        45938,
        41858,
        17937,
        8485,
        103,
        44500,
        46758,
        31881,
        8485,
        103,
        36158,
        27099,
        35082,
        31881,
        8485,
        98,
        31881,
        8485,
        250,
        33926,
        8485,
        94,
        21981,
        3941,
        253,
        31970,
        25411,
        8485,
        245,
        3941,
        237,
        8485,
        98,
        21981,
        8485,
        231,
        35082,
        41858,
        21981,
        8485,
        97,
        31881,
        35082,
        8485,
        248,
        17937,
        25411,
        8485,
        105,
        3941,
        248,
        27099,
        3941,
        248,
        21981,
        8485,
        98,
        21981
      ],
      "temperature": 0.0,
      "avg_logprob": -0.08399631596412979,
      "compression_ratio": 2.0,
      "no_speech_prob": 3.806577923422087e-15,
      "confidence": 0.941,
      "words": [
        {
          "text": "ज्यादा",
          "start": 0.0,
          "end": 0.82,
          "confidence": 0.983
        },
        {
          "text": "उम्र",
          "start": 0.82,
          "end": 1.1,
          "confidence": 0.993
        },
        {
          "text": "के",
          "start": 1.1,
          "end": 1.4,
          "confidence": 0.942
        },
        {
          "text": "लड़का",
          "start": 1.4,
          "end": 2.02,
          "confidence": 0.908
        },
        {
          "text": "के",
          "start": 2.02,
          "end": 2.34,
          "confidence": 0.983
        },
        {
          "text": "साथ",
          "start": 2.34,
          "end": 3.04,
          "confidence": 0.996
        },
        {
          "text": "उसको",
          "start": 3.04,
          "end": 3.52,
          "confidence": 0.981
        },
        {
          "text": "कर",
          "start": 3.52,
          "end": 3.84,
          "confidence": 0.958
        },
        {
          "text": "दिया",
          "start": 3.84,
          "end": 4.06,
          "confidence": 0.993
        },
        {
          "text": "था",
          "start": 4.06,
          "end": 4.4,
          "confidence": 0.995
        },
        {
          "text": "उसको",
          "start": 4.4,
          "end": 5.18,
          "confidence": 0.925
        },
        {
          "text": "शादी",
          "start": 5.18,
          "end": 5.62,
          "confidence": 0.982
        },
        {
          "text": "किया",
          "start": 5.62,
          "end": 5.86,
          "confidence": 0.941
        },
        {
          "text": "उसका",
          "start": 5.86,
          "end": 6.18,
          "confidence": 0.942
        },
        {
          "text": "पहली",
          "start": 6.18,
          "end": 6.74,
          "confidence": 0.965
        },
        {
          "text": "पत्नी",
          "start": 6.74,
          "end": 6.94,
          "confidence": 0.994
        },
        {
          "text": "थी",
          "start": 6.94,
          "end": 7.26,
          "confidence": 0.964
        },
        {
          "text": "जो",
          "start": 7.26,
          "end": 7.68,
          "confidence": 0.79
        },
        {
          "text": "डेट",
          "start": 7.68,
          "end": 8.1,
          "confidence": 0.87
        },
        {
          "text": "कर",
          "start": 8.1,
          "end": 8.32,
          "confidence": 0.983
        },
        {
          "text": "गए",
          "start": 8.32,
          "end": 8.52,
          "confidence": 0.78
        },
        {
          "text": "थे",
          "start": 8.52,
          "end": 8.86,
          "confidence": 0.971
        },
        {
          "text": "उनके",
          "start": 8.86,
          "end": 9.16,
          "confidence": 0.96
        },
        {
          "text": "तीन",
          "start": 9.16,
          "end": 9.62,
          "confidence": 0.796
        },
        {
          "text": "चार",
          "start": 9.62,
          "end": 9.82,
          "confidence": 0.838
        },
        {
          "text": "बच्चे",
          "start": 9.82,
          "end": 10.22,
          "confidence": 0.975
        },
        {
          "text": "थे",
          "start": 10.22,
          "end": 10.44,
          "confidence": 0.996
        }
      ]
    }
  ],
  "language": "hi"
}