{
  "text": "दिखावा न हो इसके लिए आवश्यकता आवश्यक है की माह में केवल दो घंटे स्कूल कॉलेज सरकारी एवं व्यवस्था सरकारी संस्थाएं",
  "segments": [
    {
      "id": 0,
      "seek": 0,
      "start": 0.0,
      "end": 7.24,
      "text": "दिखावा न हो इसके लिए आवश्यकता आवश्यक है की माह में केवल दो घंटे स्कूल कॉलेज सरकारी एवं व्यवस्था सरकारी संस्थाएं",
      "tokens": [
        50364,
        3941,
        99,
        33279,
        3941,
        244,
        17937,
        3941,
        113,
        17937,
        8485,
        101,
        37139,
        33926,
        8485,
        229,
        45938,
        41858,
        21981,
        8485,
        110,
        33279,
        3941,
        237,
        8485,
        228,
        3941,
        113,
        3941,
        114,
        27099,
        48268,
        41858,
        36158,
        17937,
        8485,
        228,
        3941,
        113,
        3941,
        114,
        27099,
        48268,
        41858,
        37139,
        43372,
        31970,
        31881,
        48449,
        17937,
        44500,
        48449,
        21981,
        31945,
        31970,
        21981,
        3941,
        113,
        46758,
        8485,
        99,
        33926,
        8485,
        246,
        31945,
        3941,
        253,
        21981,
        49316,
        27099,
        41858,
        8703,
        224,
        46758,
        31970,
        8703,
        231,
        46758,
        21981,
        3941,
        250,
        49316,
        25411,
        41858,
        17937,
        25411,
        31881,
        8485,
        237,
        3941,
        113,
        31945,
        8485,
        113,
        27099,
        48268,
        3941,
        113,
        45938,
        27099,
        3941,
        98,
        17937,
        49316,
        25411,
        41858,
        17937,
        25411,
        31881,
        49316,
        31945,
        45938,
        27099,
        3941,
        98,
        17937,
        3941,
        237,
        31945
      ],
      "temperature": 0.0,
      "avg_logprob": -0.0953296422958374,
      "compression_ratio": 1.9533333333333334,
      "no_speech_prob": 3.364241224739894e-15,
      "confidence": 0.92,
      "words": [
        {
          "text": "दिखावा",
          "start": 0.0,
          "end": 0.72,
          "confidence": 0.987
        },
        {
          "text": "न",
          "start": 0.72,
          "end": 0.92,
          "confidence": 0.992
        },
        {
          "text": "हो",
          "start": 0.92,
          "end": 1.04,
          "confidence": 0.979
        },
        {
          "text": "इसके",
          "start": 1.04,
          "end": 1.54,
          "confidence": 0.917
        },
        {
          "text": "लिए",
          "start": 1.54,
          "end": 1.56,
          "confidence": 0.987
        },
        {
          "text": "आवश्यकता",
          "start": 1.56,
          "end": 2.32,
          "confidence": 0.946
        },
        {
          "text": "आवश्यक",
          "start": 2.32,
          "end": 2.9,
          "confidence": 0.92
        },
        {
          "text": "है",
          "start": 2.9,
          "end": 3.24,
          "confidence": 0.717
        },
        {
          "text": "की",
          "start": 3.24,
          "end": 3.36,
          "confidence": 0.828
        },
        {
          "text": "माह",
          "start": 3.36,
          "end": 3.76,
          "confidence": 0.805
        },
        {
          "text": "में",
          "start": 3.76,
          "end": 3.86,
          "confidence": 0.984
        },
        {
          "text": "केवल",
          "start": 3.86,
          "end": 4.24,
          "confidence": 0.994
        },
        {
          "text": "दो",
          "start": 4.24,
          "end": 4.44,
          "confidence": 0.995
        },
        {
          "text": "घंटे",
          "start": 4.44,
          "end": 4.78,
          "confidence": 0.989
        },
        {
          "text": "स्कूल",
          "start": 4.78,
          "end": 5.24,
          "confidence": 0.992
        },
        {
          "text": "कॉलेज",
          "start": 5.24,
          "end": 5.56,
          "confidence": 0.991
        },
        {
          "text": "सरकारी",
          "start": 5.56,
          "end": 6.08,
          "confidence": 0.987
        },
        {
          "text": "एवं",
          "start": 6.08,
          "end": 6.28,
          "confidence": 0.654
        },
        {
          "text": "व्यवस्था",
          "start": 6.28,
          "end": 6.34,
          "confidence": 0.858
        },
        {
          "text": "सरकारी",
          "start": 6.34,
          "end": 6.78,
          "confidence": 0.866
        },
        {
          "text": "संस्थाएं",
          "start": 6.78,
          "end": 7.24,
          "confidence": 0.895
        }
      ]
    }
  ],
  "language": "hi"
}