{
  "text": "मैं मोहम्मद मुज़फ्फर हुसैन हजारीबाग जिले के मोबाइल वाणी मुहर्रम का उत्सव शुरू हो चुका है मिटटी रखाने के बाद आज छठी की फासियाँ हुई और कल सातवे की होगी",
  "segments": [
    {
      "id": 0,
      "seek": 0,
      "start": 0.0,
      "end": 9.62,
      "text": "मैं मोहम्मद मुज़फ्फर हुसैन हजारीबाग जिले के मोबाइल वाणी मुहर्रम का उत्सव शुरू हो चुका है मिटटी रखाने के बाद आज छठी की फासियाँ हुई और कल सातवे की होगी",
      "tokens": [
        50380,
        48521,
        43372,
        31945,
        48449,
        33926,
        44500,
        48521,
        27099,
        48521,
        3941,
        99,
        48449,
        8703,
        223,
        8703,
        249,
        3941,
        104,
        27099,
        3941,
        104,
        25411,
        37139,
        8703,
        223,
        45938,
        43372,
        35082,
        37139,
        3941,
        250,
        17937,
        25411,
        31881,
        3941,
        105,
        17937,
        3941,
        245,
        8485,
        250,
        33279,
        46758,
        21981,
        31970,
        21981,
        48449,
        33926,
        3941,
        105,
        17937,
        3941,
        229,
        46758,
        8485,
        113,
        17937,
        3941,
        96,
        31881,
        48449,
        8703,
        223,
        44500,
        25411,
        27099,
        25411,
        48521,
        31970,
        17937,
        8485,
        231,
        36158,
        27099,
        45938,
        3941,
        113,
        8485,
        114,
        8703,
        223,
        25411,
        8703,
        224,
        37139,
        33926,
        8485,
        248,
        8703,
        223,
        41858,
        17937,
        37139,
        43372,
        48449,
        33279,
        3941,
        253,
        3941,
        253,
        31881,
        8485,
        108,
        3941,
        244,
        17937,
        35082,
        21981,
        31970,
        21981,
        8485,
        105,
        17937,
        3941,
        99,
        8485,
        228,
        3941,
        250,
        8485,
        249,
        3941,
        254,
        31881,
        31970,
        31881,
        8485,
        104,
        17937,
        45938,
        33279,
        48268,
        17937,
        3941,
        223,
        37139,
        8703,
        223,
        3941,
        230,
        8485,
        242,
        25411,
        31970,
        46758,
        49316,
        17937,
        36158,
        3941,
        113,
        21981,
        31970,
        31881,
        37139,
        33926,
        3941,
        245,
        31881
      ],
      "temperature": 0.0,
      "avg_logprob": -0.13095003366470337,
      "compression_ratio": 2.0,
      "no_speech_prob": 5.510724187629372e-14,
      "confidence": 0.892,
      "words": [
        {
          "text": "मैं",
          "start": 0.0,
          "end": 0.64,
          "confidence": 0.723
        },
        {
          "text": "मोहम्मद",
          "start": 0.64,
          "end": 0.96,
          "confidence": 0.973
        },
        {
          "text": "मुज़फ्फर",
          "start": 0.96,
          "end": 1.5,
          "confidence": 0.924
        },
        {
          "text": "हुसैन",
          "start": 1.5,
          "end": 1.84,
          "confidence": 0.851
        },
        {
          "text": "हजारीबाग",
          "start": 1.84,
          "end": 2.18,
          "confidence": 0.955
        },
        {
          "text": "जिले",
          "start": 2.18,
          "end": 2.38,
          "confidence": 0.648
        },
        {
          "text": "के",
          "start": 2.38,
          "end": 2.78,
          "confidence": 0.585
        },
        {
          "text": "मोबाइल",
          "start": 2.78,
          "end": 3.12,
          "confidence": 0.928
        },
        {
          "text": "वाणी",
          "start": 3.12,
          "end": 3.3,
          "confidence": 0.961
        },
        {
          "text": "मुहर्रम",
          "start": 3.3,
          "end": 3.76,
          "confidence": 0.897
        },
        {
          "text": "का",
          "start": 3.76,
          "end": 4.0,
          "confidence": 0.923
        },
        {
          "text": "उत्सव",
          "start": 4.0,
          "end": 4.32,
          "confidence": 0.853
        },
        {
          "text": "शुरू",
          "start": 4.32,
          "end": 4.6,
          "confidence": 0.991
        },
        {
          "text": "हो",
          "start": 4.6,
          "end": 4.76,
          "confidence": 0.984
        },
        {
          "text": "चुका",
          "start": 4.76,
          "end": 4.94,
          "confidence": 0.913
        },
        {
          "text": "है",
          "start": 4.94,
          "end": 5.26,
          "confidence": 0.969
        },
        {
          "text": "मिटटी",
          "start": 5.26,
          "end": 5.6,
          "confidence": 0.915
        },
        {
          "text": "रखाने",
          "start": 5.6,
          "end": 5.92,
          "confidence": 0.954
        },
        {
          "text": "के",
          "start": 5.92,
          "end": 6.22,
          "confidence": 0.988
        },
        {
          "text": "बाद",
          "start": 6.22,
          "end": 6.28,
          "confidence": 0.927
        },
        {
          "text": "आज",
          "start": 6.28,
          "end": 6.58,
          "confidence": 0.98
        },
        {
          "text": "छठी",
          "start": 6.58,
          "end": 7.7,
          "confidence": 0.711
        },
        {
          "text": "की",
          "start": 7.7,
          "end": 7.84,
          "confidence": 0.962
        },
        {
          "text": "फासियाँ",
          "start": 7.84,
          "end": 8.42,
          "confidence": 0.79
        },
        {
          "text": "हुई",
          "start": 8.42,
          "end": 8.46,
          "confidence": 0.928
        },
        {
          "text": "और",
          "start": 8.46,
          "end": 8.72,
          "confidence": 0.942
        },
        {
          "text": "कल",
          "start": 8.72,
          "end": 9.06,
          "confidence": 0.952
        },
        {
          "text": "सातवे",
          "start": 9.06,
          "end": 9.28,
          "confidence": 0.838
        },
        {
          "text": "की",
          "start": 9.28,
          "end": 9.38,
          "confidence": 0.828
        },
        {
          "text": "होगी",
          "start": 9.38,
          "end": 9.62,
          "confidence": 0.988
        }
      ]
    }
  ],
  "language": "hi"
}