{
  "text": "की हमारे गाँव में या हमारे आस पास के गाँव में जितने भी कम बाईस गाँव होंगे पिछला दो तीन महिना पहले जब",
  "segments": [
    {
      "id": 0,
      "seek": 0,
      "start": 0.0,
      "end": 11.1,
      "text": "की हमारे गाँव में या हमारे आस पास के गाँव में जितने भी कम बाईस गाँव होंगे पिछला दो तीन महिना पहले जब",
      "tokens": [
        50364,
        41858,
        31881,
        37139,
        48521,
        17937,
        25411,
        21981,
        8485,
        245,
        17937,
        3941,
        223,
        3941,
        113,
        48449,
        21981,
        31945,
        8485,
        107,
        17937,
        37139,
        48521,
        17937,
        25411,
        21981,
        8485,
        228,
        45938,
        8485,
        103,
        17937,
        45938,
        31970,
        21981,
        8485,
        245,
        17937,
        3941,
        223,
        3941,
        113,
        48449,
        21981,
        31945,
        8485,
        250,
        33279,
        36158,
        35082,
        21981,
        8485,
        255,
        31881,
        31970,
        48521,
        8485,
        105,
        17937,
        3941,
        230,
        45938,
        8485,
        245,
        17937,
        3941,
        223,
        3941,
        113,
        37139,
        33926,
        31945,
        3941,
        245,
        21981,
        8485,
        103,
        33279,
        3941,
        249,
        46758,
        17937,
        8485,
        99,
        33926,
        8485,
        97,
        31881,
        35082,
        48449,
        44500,
        33279,
        35082,
        17937,
        8485,
        103,
        44500,
        46758,
        21981,
        8485,
        250,
        3941,
        105
      ],
      "temperature": 0.0,
      "avg_logprob": -0.07452129400693454,
      "compression_ratio": 1.8962962962962964,
      "no_speech_prob": 2.0890104645172056e-15,
      "confidence": 0.954,
      "words": [
        {
          "text": "की",
          "start": 0.0,
          "end": 0.54,
          "confidence": 0.842
        },
        {
          "text": "हमारे",
          "start": 0.54,
          "end": 1.14,
          "confidence": 0.987
        },
        {
          "text": "गाँव",
          "start": 1.14,
          "end": 1.42,
          "confidence": 0.996
        },
        {
          "text": "में",
          "start": 1.42,
          "end": 1.66,
          "confidence": 0.955
        },
        {
          "text": "या",
          "start": 1.66,
          "end": 2.44,
          "confidence": 0.884
        },
        {
          "text": "हमारे",
          "start": 2.44,
          "end": 2.88,
          "confidence": 0.997
        },
        {
          "text": "आस",
          "start": 2.88,
          "end": 3.34,
          "confidence": 0.985
        },
        {
          "text": "पास",
          "start": 3.34,
          "end": 3.36,
          "confidence": 0.956
        },
        {
          "text": "के",
          "start": 3.36,
          "end": 3.66,
          "confidence": 0.979
        },
        {
          "text": "गाँव",
          "start": 3.66,
          "end": 3.8,
          "confidence": 0.998
        },
        {
          "text": "में",
          "start": 3.8,
          "end": 4.14,
          "confidence": 0.988
        },
        {
          "text": "जितने",
          "start": 4.14,
          "end": 4.74,
          "confidence": 0.868
        },
        {
          "text": "भी",
          "start": 4.74,
          "end": 4.82,
          "confidence": 0.988
        },
        {
          "text": "कम",
          "start": 4.82,
          "end": 5.74,
          "confidence": 0.652
        },
        {
          "text": "बाईस",
          "start": 5.74,
          "end": 6.4,
          "confidence": 0.886
        },
        {
          "text": "गाँव",
          "start": 6.4,
          "end": 7.06,
          "confidence": 0.995
        },
        {
          "text": "होंगे",
          "start": 7.06,
          "end": 7.54,
          "confidence": 0.989
        },
        {
          "text": "पिछला",
          "start": 7.54,
          "end": 8.88,
          "confidence": 0.916
        },
        {
          "text": "दो",
          "start": 8.88,
          "end": 9.54,
          "confidence": 0.992
        },
        {
          "text": "तीन",
          "start": 9.54,
          "end": 9.74,
          "confidence": 0.982
        },
        {
          "text": "महिना",
          "start": 9.74,
          "end": 9.94,
          "confidence": 0.973
        },
        {
          "text": "पहले",
          "start": 9.94,
          "end": 10.24,
          "confidence": 0.992
        },
        {
          "text": "जब",
          "start": 10.24,
          "end": 11.1,
          "confidence": 0.992
        }
      ]
    }
  ],
  "language": "hi"
}