{
  "text": "आजाद क्लब खुटौना ऐसी मई संतोष कुमार मंडल बिहार मोबाइल वाणी के लिए श्रोता किताब के पन्नों ऐसी कहानी मई आप लोगो के सामने प्रस्तुत कर रहा हूँ जो भी होता शुरूआत है जो भी होता गोद में एक बच्चा बिहार में झोला लटकाई गी ग",
  "segments": [
    {
      "id": 0,
      "seek": 0,
      "start": 0.0,
      "end": 29.98,
      "text": "आजाद क्लब खुटौना ऐसी मई संतोष कुमार मंडल बिहार मोबाइल वाणी के लिए श्रोता किताब के पन्नों ऐसी कहानी मई आप लोगो के सामने प्रस्तुत कर रहा हूँ जो भी होता शुरूआत है जो भी होता गोद में एक बच्चा बिहार में झोला लटकाई गी ग",
      "tokens": [
        50364,
        3941,
        228,
        3941,
        250,
        17937,
        3941,
        99,
        31970,
        27099,
        46758,
        3941,
        105,
        8485,
        244,
        8703,
        223,
        3941,
        253,
        8703,
        234,
        35082,
        17937,
        8485,
        238,
        45938,
        31881,
        48449,
        3941,
        230,
        49316,
        31945,
        36158,
        33926,
        3941,
        115,
        31970,
        8703,
        223,
        48521,
        17937,
        25411,
        48449,
        31945,
        3941,
        94,
        46758,
        8485,
        105,
        33279,
        44500,
        17937,
        25411,
        48449,
        33926,
        3941,
        105,
        17937,
        3941,
        229,
        46758,
        8485,
        113,
        17937,
        3941,
        96,
        31881,
        31970,
        21981,
        8485,
        110,
        33279,
        3941,
        237,
        8485,
        114,
        27099,
        25411,
        33926,
        36158,
        17937,
        31970,
        33279,
        36158,
        17937,
        3941,
        105,
        31970,
        21981,
        8485,
        103,
        35082,
        27099,
        35082,
        33926,
        31945,
        8485,
        238,
        45938,
        31881,
        31970,
        44500,
        17937,
        35082,
        31881,
        48449,
        3941,
        230,
        8485,
        228,
        3941,
        103,
        8485,
        110,
        33926,
        3941,
        245,
        33926,
        31970,
        21981,
        49316,
        17937,
        48521,
        35082,
        21981,
        8485,
        103,
        27099,
        25411,
        45938,
        27099,
        36158,
        8703,
        223,
        36158,
        31970,
        25411,
        8485,
        108,
        44500,
        17937,
        37139,
        8703,
        224,
        3941,
        223,
        8485,
        250,
        33926,
        8485,
        255,
        31881,
        37139,
        33926,
        36158,
        17937,
        8485,
        114,
        8703,
        223,
        25411,
        8703,
        224,
        3941,
        228,
        36158,
        37139,
        43372,
        8485,
        250,
        33926,
        8485,
        255,
        31881,
        37139,
        33926,
        36158,
        17937,
        8485,
        245,
        33926,
        3941,
        99,
        48449,
        21981,
        31945,
        8485,
        237,
        41858,
        8485,
        105,
        3941,
        248,
        27099,
        3941,
        248,
        17937,
        8485,
        105,
        33279,
        44500,
        17937,
        25411,
        48449,
        21981,
        31945,
        8485,
        251,
        33926,
        46758,
        17937,
        8485,
        110,
        3941,
        253,
        41858,
        17937,
        3941,
        230,
        8485,
        245,
        31881,
        8485,
        245
      ],
      "temperature": 0.0,
      "avg_logprob": -0.09391935560438368,
      "compression_ratio": 2.231707317073171,
      "no_speech_prob": 6.323716320689532e-15,
      "confidence": 0.918,
      "words": [
        {
          "text": "आजाद",
          "start": 0.0,
          "end": 0.62,
          "confidence": 0.935
        },
        {
          "text": "क्लब",
          "start": 0.62,
          "end": 0.82,
          "confidence": 0.863
        },
        {
          "text": "खुटौना",
          "start": 0.82,
          "end": 1.26,
          "confidence": 0.95
        },
        {
          "text": "ऐसी",
          "start": 1.26,
          "end": 1.54,
          "confidence": 0.942
        },
        {
          "text": "मई",
          "start": 1.54,
          "end": 1.68,
          "confidence": 0.739
        },
        {
          "text": "संतोष",
          "start": 1.68,
          "end": 2.08,
          "confidence": 0.986
        },
        {
          "text": "कुमार",
          "start": 2.08,
          "end": 2.8,
          "confidence": 0.975
        },
        {
          "text": "मंडल",
          "start": 2.8,
          "end": 2.82,
          "confidence": 0.975
        },
        {
          "text": "बिहार",
          "start": 2.82,
          "end": 3.16,
          "confidence": 0.991
        },
        {
          "text": "मोबाइल",
          "start": 3.16,
          "end": 3.52,
          "confidence": 0.983
        },
        {
          "text": "वाणी",
          "start": 3.52,
          "end": 3.78,
          "confidence": 0.976
        },
        {
          "text": "के",
          "start": 3.78,
          "end": 4.08,
          "confidence": 0.931
        },
        {
          "text": "लिए",
          "start": 4.08,
          "end": 4.18,
          "confidence": 0.991
        },
        {
          "text": "श्रोता",
          "start": 4.18,
          "end": 4.68,
          "confidence": 0.988
        },
        {
          "text": "किताब",
          "start": 4.68,
          "end": 5.24,
          "confidence": 0.964
        },
        {
          "text": "के",
          "start": 5.24,
          "end": 5.4,
          "confidence": 0.931
        },
        {
          "text": "पन्नों",
          "start": 5.4,
          "end": 5.78,
          "confidence": 0.934
        },
        {
          "text": "ऐसी",
          "start": 5.78,
          "end": 6.02,
          "confidence": 0.987
        },
        {
          "text": "कहानी",
          "start": 6.02,
          "end": 6.52,
          "confidence": 0.969
        },
        {
          "text": "मई",
          "start": 6.52,
          "end": 6.78,
          "confidence": 0.889
        },
        {
          "text": "आप",
          "start": 6.78,
          "end": 7.16,
          "confidence": 0.99
        },
        {
          "text": "लोगो",
          "start": 7.16,
          "end": 7.46,
          "confidence": 0.992
        },
        {
          "text": "के",
          "start": 7.46,
          "end": 7.76,
          "confidence": 0.791
        },
        {
          "text": "सामने",
          "start": 7.76,
          "end": 8.06,
          "confidence": 0.994
        },
        {
          "text": "प्रस्तुत",
          "start": 8.06,
          "end": 8.58,
          "confidence": 0.987
        },
        {
          "text": "कर",
          "start": 8.58,
          "end": 8.82,
          "confidence": 0.994
        },
        {
          "text": "रहा",
          "start": 8.82,
          "end": 9.0,
          "confidence": 0.992
        },
        {
          "text": "हूँ",
          "start": 9.0,
          "end": 9.26,
          "confidence": 0.982
        },
        {
          "text": "जो",
          "start": 9.26,
          "end": 9.36,
          "confidence": 0.976
        },
        {
          "text": "भी",
          "start": 9.36,
          "end": 9.52,
          "confidence": 0.992
        },
        {
          "text": "होता",
          "start": 9.52,
          "end": 9.96,
          "confidence": 0.992
        },
        {
          "text": "शुरूआत",
          "start": 9.96,
          "end": 10.72,
          "confidence": 0.682
        },
        {
          "text": "है",
          "start": 10.72,
          "end": 11.0,
          "confidence": 0.954
        },
        {
          "text": "जो",
          "start": 11.0,
          "end": 11.22,
          "confidence": 0.759
        },
        {
          "text": "भी",
          "start": 11.22,
          "end": 11.36,
          "confidence": 0.996
        },
        {
          "text": "होता",
          "start": 11.36,
          "end": 11.78,
          "confidence": 0.997
        },
        {
          "text": "गोद",
          "start": 11.78,
          "end": 12.22,
          "confidence": 0.931
        },
        {
          "text": "में",
          "start": 12.22,
          "end": 12.34,
          "confidence": 0.962
        },
        {
          "text": "एक",
          "start": 12.34,
          "end": 12.62,
          "confidence": 0.969
        },
        {
          "text": "बच्चा",
          "start": 12.62,
          "end": 13.1,
          "confidence": 0.991
        },
        {
          "text": "बिहार",
          "start": 13.1,
          "end": 13.54,
          "confidence": 0.65
        },
        {
          "text": "में",
          "start": 13.54,
          "end": 13.94,
          "confidence": 0.895
        },
        {
          "text": "झोला",
          "start": 13.94,
          "end": 14.34,
          "confidence": 0.962
        },
        {
          "text": "लटकाई",
          "start": 14.34,
          "end": 14.82,
          "confidence": 0.909
        },
        {
          "text": "गी",
          "start": 14.82,
          "end": 15.0,
          "confidence": 0.37
        },
        {
          "text": "ग",
          "start": 15.0,
          "end": 29.98,
          "confidence": 0.744
        }
      ]
    }
  ],
  "language": "hi"
}