{
  "text": "उनके लिए छोड़ कर आपके पास आती है आपको पाती या बहु को बहु अपनी",
  "segments": [
    {
      "id": 0,
      "seek": 0,
      "start": 0.0,
      "end": 8.6,
      "text": "उनके लिए छोड़ कर आपके पास आती है आपको पाती या बहु को बहु अपनी",
      "tokens": [
        50364,
        3941,
        231,
        35082,
        41858,
        21981,
        8485,
        110,
        33279,
        3941,
        237,
        8485,
        249,
        33926,
        8703,
        250,
        31970,
        25411,
        8485,
        228,
        3941,
        103,
        41858,
        21981,
        8485,
        103,
        17937,
        45938,
        8485,
        228,
        36158,
        31881,
        37139,
        43372,
        8485,
        228,
        3941,
        103,
        41858,
        33926,
        8485,
        103,
        17937,
        36158,
        31881,
        8485,
        107,
        17937,
        8485,
        105,
        44500,
        8703,
        223,
        31970,
        33926,
        8485,
        105,
        44500,
        8703,
        223,
        8485,
        227,
        3941,
        103,
        35082,
        31881
      ],
      "temperature": 0.0,
      "avg_logprob": -0.22499188380454904,
      "compression_ratio": 1.6,
      "no_speech_prob": 2.885987279775508e-14,
      "confidence": 0.816,
      "words": [
        {
          "text": "उनके",
          "start": 0.0,
          "end": 0.64,
          "confidence": 0.361
        },
        {
          "text": "लिए",
          "start": 0.64,
          "end": 1.06,
          "confidence": 0.855
        },
        {
          "text": "छोड़",
          "start": 1.06,
          "end": 1.54,
          "confidence": 0.879
        },
        {
          "text": "कर",
          "start": 1.54,
          "end": 1.84,
          "confidence": 0.679
        },
        {
          "text": "आपके",
          "start": 1.84,
          "end": 3.4,
          "confidence": 0.736
        },
        {
          "text": "पास",
          "start": 3.4,
          "end": 3.98,
          "confidence": 0.898
        },
        {
          "text": "आती",
          "start": 3.98,
          "end": 4.56,
          "confidence": 0.95
        },
        {
          "text": "है",
          "start": 4.56,
          "end": 4.96,
          "confidence": 0.923
        },
        {
          "text": "आपको",
          "start": 4.96,
          "end": 5.9,
          "confidence": 0.89
        },
        {
          "text": "पाती",
          "start": 5.9,
          "end": 6.4,
          "confidence": 0.793
        },
        {
          "text": "या",
          "start": 6.4,
          "end": 7.04,
          "confidence": 0.938
        },
        {
          "text": "बहु",
          "start": 7.04,
          "end": 7.2,
          "confidence": 0.932
        },
        {
          "text": "को",
          "start": 7.2,
          "end": 7.52,
          "confidence": 0.947
        },
        {
          "text": "बहु",
          "start": 7.52,
          "end": 8.36,
          "confidence": 0.88
        },
        {
          "text": "अपनी",
          "start": 8.36,
          "end": 8.6,
          "confidence": 0.975
        }
      ]
    }
  ],
  "language": "hi"
}