{
  "text": "की बहुत ही तरह की बीमारियाँ तो उत्पन होती है जो की किसान भाई लोग काफी डूब चुके हुए है और ऐसे ही मतलब बहुत सरे किसान है लेकिन फिर भी ये उर्वरत हमेशा डालते है और आज तक हमारी झारखण्ड सरकार ऐसी कुछ",
  "segments": [
    {
      "id": 0,
      "seek": 0,
      "start": 0.0,
      "end": 12.96,
      "text": "की बहुत ही तरह की बीमारियाँ तो उत्पन होती है जो की किसान भाई लोग काफी डूब चुके हुए है और ऐसे ही मतलब बहुत सरे किसान है लेकिन फिर भी ये उर्वरत हमेशा डालते है और आज तक हमारी झारखण्ड सरकार ऐसी कुछ",
      "tokens": [
        50364,
        41858,
        31881,
        8485,
        105,
        44500,
        8703,
        223,
        36158,
        37139,
        31881,
        8485,
        97,
        25411,
        44500,
        31970,
        31881,
        8485,
        105,
        31881,
        48521,
        17937,
        25411,
        33279,
        48268,
        17937,
        3941,
        223,
        8485,
        97,
        33926,
        8485,
        231,
        36158,
        27099,
        3941,
        103,
        35082,
        37139,
        33926,
        36158,
        31881,
        37139,
        43372,
        8485,
        250,
        33926,
        31970,
        31881,
        31970,
        33279,
        45938,
        17937,
        35082,
        8485,
        255,
        17937,
        3941,
        230,
        8485,
        110,
        33926,
        3941,
        245,
        31970,
        17937,
        3941,
        104,
        31881,
        8485,
        94,
        8703,
        224,
        3941,
        105,
        8485,
        248,
        8703,
        223,
        41858,
        21981,
        37139,
        8703,
        223,
        3941,
        237,
        37139,
        43372,
        8485,
        242,
        25411,
        8485,
        238,
        45938,
        21981,
        37139,
        31881,
        48449,
        36158,
        46758,
        3941,
        105,
        8485,
        105,
        44500,
        8703,
        223,
        36158,
        49316,
        25411,
        21981,
        31970,
        33279,
        45938,
        17937,
        35082,
        37139,
        43372,
        8485,
        110,
        21981,
        41858,
        33279,
        35082,
        8485,
        104,
        33279,
        25411,
        8485,
        255,
        31881,
        8485,
        107,
        21981,
        8485,
        231,
        25411,
        27099,
        3941,
        113,
        25411,
        36158,
        37139,
        48521,
        21981,
        3941,
        114,
        17937,
        8485,
        94,
        17937,
        46758,
        36158,
        21981,
        37139,
        43372,
        8485,
        242,
        25411,
        8485,
        228,
        3941,
        250,
        8485,
        97,
        41858,
        37139,
        48521,
        17937,
        25411,
        31881,
        8485,
        251,
        17937,
        25411,
        3941,
        244,
        3941,
        96,
        27099,
        3941,
        94,
        49316,
        25411,
        41858,
        17937,
        25411,
        8485,
        238,
        45938,
        31881,
        31970,
        8703,
        223,
        3941,
        249
      ],
      "temperature": 0.0,
      "avg_logprob": -0.07828079746459342,
      "compression_ratio": 2.210762331838565,
      "no_speech_prob": 2.4406211426852842e-11,
      "confidence": 0.935,
      "words": [
        {
          "text": "की",
          "start": 0.0,
          "end": 0.4,
          "confidence": 0.77
        },
        {
          "text": "बहुत",
          "start": 0.4,
          "end": 0.94,
          "confidence": 0.981
        },
        {
          "text": "ही",
          "start": 0.94,
          "end": 1.0,
          "confidence": 0.805
        },
        {
          "text": "तरह",
          "start": 1.0,
          "end": 1.02,
          "confidence": 0.979
        },
        {
          "text": "की",
          "start": 1.02,
          "end": 1.2,
          "confidence": 0.916
        },
        {
          "text": "बीमारियाँ",
          "start": 1.2,
          "end": 1.78,
          "confidence": 0.955
        },
        {
          "text": "तो",
          "start": 1.78,
          "end": 1.82,
          "confidence": 0.789
        },
        {
          "text": "उत्पन",
          "start": 1.82,
          "end": 2.14,
          "confidence": 0.859
        },
        {
          "text": "होती",
          "start": 2.14,
          "end": 2.46,
          "confidence": 0.939
        },
        {
          "text": "है",
          "start": 2.46,
          "end": 2.58,
          "confidence": 0.986
        },
        {
          "text": "जो",
          "start": 2.58,
          "end": 2.74,
          "confidence": 0.861
        },
        {
          "text": "की",
          "start": 2.74,
          "end": 2.88,
          "confidence": 0.893
        },
        {
          "text": "किसान",
          "start": 2.88,
          "end": 3.36,
          "confidence": 0.991
        },
        {
          "text": "भाई",
          "start": 3.36,
          "end": 3.58,
          "confidence": 0.988
        },
        {
          "text": "लोग",
          "start": 3.58,
          "end": 3.74,
          "confidence": 0.985
        },
        {
          "text": "काफी",
          "start": 3.74,
          "end": 4.1,
          "confidence": 0.972
        },
        {
          "text": "डूब",
          "start": 4.1,
          "end": 4.36,
          "confidence": 0.981
        },
        {
          "text": "चुके",
          "start": 4.36,
          "end": 4.72,
          "confidence": 0.919
        },
        {
          "text": "हुए",
          "start": 4.72,
          "end": 5.0,
          "confidence": 0.987
        },
        {
          "text": "है",
          "start": 5.0,
          "end": 5.3,
          "confidence": 0.987
        },
        {
          "text": "और",
          "start": 5.3,
          "end": 5.66,
          "confidence": 0.903
        },
        {
          "text": "ऐसे",
          "start": 5.66,
          "end": 5.92,
          "confidence": 0.971
        },
        {
          "text": "ही",
          "start": 5.92,
          "end": 6.02,
          "confidence": 0.965
        },
        {
          "text": "मतलब",
          "start": 6.02,
          "end": 6.6,
          "confidence": 0.934
        },
        {
          "text": "बहुत",
          "start": 6.6,
          "end": 6.84,
          "confidence": 0.992
        },
        {
          "text": "सरे",
          "start": 6.84,
          "end": 6.98,
          "confidence": 0.794
        },
        {
          "text": "किसान",
          "start": 6.98,
          "end": 7.34,
          "confidence": 0.989
        },
        {
          "text": "है",
          "start": 7.34,
          "end": 7.7,
          "confidence": 0.988
        },
        {
          "text": "लेकिन",
          "start": 7.7,
          "end": 8.28,
          "confidence": 0.937
        },
        {
          "text": "फिर",
          "start": 8.28,
          "end": 8.62,
          "confidence": 0.98
        },
        {
          "text": "भी",
          "start": 8.62,
          "end": 8.66,
          "confidence": 0.988
        },
        {
          "text": "ये",
          "start": 8.66,
          "end": 9.0,
          "confidence": 0.765
        },
        {
          "text": "उर्वरत",
          "start": 9.0,
          "end": 9.36,
          "confidence": 0.859
        },
        {
          "text": "हमेशा",
          "start": 9.36,
          "end": 9.92,
          "confidence": 0.939
        },
        {
          "text": "डालते",
          "start": 9.92,
          "end": 10.32,
          "confidence": 0.961
        },
        {
          "text": "है",
          "start": 10.32,
          "end": 10.62,
          "confidence": 0.994
        },
        {
          "text": "और",
          "start": 10.62,
          "end": 11.2,
          "confidence": 0.935
        },
        {
          "text": "आज",
          "start": 11.2,
          "end": 11.22,
          "confidence": 0.978
        },
        {
          "text": "तक",
          "start": 11.22,
          "end": 11.32,
          "confidence": 0.986
        },
        {
          "text": "हमारी",
          "start": 11.32,
          "end": 11.66,
          "confidence": 0.934
        },
        {
          "text": "झारखण्ड",
          "start": 11.66,
          "end": 12.16,
          "confidence": 0.978
        },
        {
          "text": "सरकार",
          "start": 12.16,
          "end": 12.36,
          "confidence": 0.99
        },
        {
          "text": "ऐसी",
          "start": 12.36,
          "end": 12.8,
          "confidence": 0.831
        },
        {
          "text": "कुछ",
          "start": 12.8,
          "end": 12.96,
          "confidence": 0.838
        }
      ]
    }
  ],
  "language": "hi"
}