{
  "text": "धन्यवाद ज MANJUDA कोऑर्डिनेटर बोकारो प्रशासन झारखण्ड मोबाइल वाणी",
  "segments": [
    {
      "id": 0,
      "seek": 0,
      "start": 0.0,
      "end": 6.24,
      "text": "धन्यवाद ज MANJUDA कोऑर्डिनेटर बोकारो प्रशासन झारखण्ड मोबाइल वाणी",
      "tokens": [
        50364,
        3941,
        100,
        35082,
        27099,
        48268,
        3941,
        113,
        17937,
        3941,
        99,
        8485,
        250,
        376,
        1770,
        41,
        52,
        7509,
        31970,
        33926,
        3941,
        239,
        25411,
        27099,
        3941,
        94,
        33279,
        35082,
        21981,
        3941,
        253,
        25411,
        8485,
        105,
        33926,
        41858,
        17937,
        25411,
        33926,
        8485,
        103,
        27099,
        25411,
        3941,
        114,
        17937,
        45938,
        35082,
        8485,
        251,
        17937,
        25411,
        3941,
        244,
        3941,
        96,
        27099,
        3941,
        94,
        48449,
        33926,
        3941,
        105,
        17937,
        3941,
        229,
        46758,
        8485,
        113,
        17937,
        3941,
        96,
        31881
      ],
      "temperature": 0.0,
      "avg_logprob": -0.1730155171574773,
      "compression_ratio": 1.35,
      "no_speech_prob": 1.8005364113191612e-14,
      "confidence": 0.861,
      "words": [
        {
          "text": "धन्यवाद",
          "start": 0.0,
          "end": 1.0,
          "confidence": 0.977
        },
        {
          "text": "ज",
          "start": 1.0,
          "end": 1.16,
          "confidence": 0.86
        },
        {
          "text": "MANJUDA",
          "start": 1.16,
          "end": 2.08,
          "confidence": 0.26
        },
        {
          "text": "कोऑर्डिनेटर",
          "start": 2.08,
          "end": 3.22,
          "confidence": 0.91
        },
        {
          "text": "बोकारो",
          "start": 3.22,
          "end": 4.18,
          "confidence": 0.971
        },
        {
          "text": "प्रशासन",
          "start": 4.18,
          "end": 4.7,
          "confidence": 0.83
        },
        {
          "text": "झारखण्ड",
          "start": 4.7,
          "end": 5.68,
          "confidence": 0.997
        },
        {
          "text": "मोबाइल",
          "start": 5.68,
          "end": 6.18,
          "confidence": 0.975
        },
        {
          "text": "वाणी",
          "start": 6.18,
          "end": 6.24,
          "confidence": 0.991
        }
      ]
    }
  ],
  "language": "hi"
}