{
  "text": "गाँव की बूटिया अब गोबर सर्च कर रही है इंटरनेट की विशेष जानकारी प्रदान करने के लिए टाटा टेस्ट वगैरह गोबर के सजेद के",
  "segments": [
    {
      "id": 0,
      "seek": 0,
      "start": 0.0,
      "end": 8.28,
      "text": "गाँव की बूटिया अब गोबर सर्च कर रही है इंटरनेट की विशेष जानकारी प्रदान करने के लिए टाटा टेस्ट वगैरह गोबर के सजेद के",
      "tokens": [
        50380,
        3941,
        245,
        17937,
        3941,
        223,
        3941,
        113,
        31970,
        31881,
        8485,
        105,
        8703,
        224,
        3941,
        253,
        33279,
        48268,
        17937,
        8485,
        227,
        3941,
        105,
        8485,
        245,
        33926,
        3941,
        105,
        25411,
        49316,
        25411,
        27099,
        3941,
        248,
        31970,
        25411,
        8485,
        108,
        44500,
        31881,
        37139,
        43372,
        8485,
        229,
        31945,
        3941,
        253,
        25411,
        35082,
        21981,
        3941,
        253,
        31970,
        31881,
        8485,
        113,
        33279,
        3941,
        114,
        21981,
        3941,
        115,
        8485,
        250,
        17937,
        35082,
        41858,
        17937,
        25411,
        31881,
        8485,
        103,
        27099,
        25411,
        3941,
        99,
        17937,
        35082,
        31970,
        25411,
        35082,
        21981,
        31970,
        21981,
        8485,
        110,
        33279,
        3941,
        237,
        8485,
        253,
        17937,
        3941,
        253,
        17937,
        8485,
        253,
        21981,
        45938,
        27099,
        3941,
        253,
        8485,
        113,
        3941,
        245,
        43372,
        25411,
        44500,
        8485,
        245,
        33926,
        3941,
        105,
        25411,
        31970,
        21981,
        49316,
        3941,
        250,
        21981,
        3941,
        99,
        31970,
        21981
      ],
      "temperature": 0.0,
      "avg_logprob": -0.1334787853180416,
      "compression_ratio": 1.8853503184713376,
      "no_speech_prob": 7.536834790164773e-15,
      "confidence": 0.894,
      "words": [
        {
          "text": "गाँव",
          "start": 0.0,
          "end": 0.62,
          "confidence": 0.988
        },
        {
          "text": "की",
          "start": 0.62,
          "end": 0.92,
          "confidence": 0.964
        },
        {
          "text": "बूटिया",
          "start": 0.92,
          "end": 1.32,
          "confidence": 0.831
        },
        {
          "text": "अब",
          "start": 1.32,
          "end": 1.8,
          "confidence": 0.82
        },
        {
          "text": "गोबर",
          "start": 1.8,
          "end": 1.86,
          "confidence": 0.856
        },
        {
          "text": "सर्च",
          "start": 1.86,
          "end": 2.24,
          "confidence": 0.625
        },
        {
          "text": "कर",
          "start": 2.24,
          "end": 2.52,
          "confidence": 0.994
        },
        {
          "text": "रही",
          "start": 2.52,
          "end": 2.78,
          "confidence": 0.985
        },
        {
          "text": "है",
          "start": 2.78,
          "end": 2.92,
          "confidence": 0.99
        },
        {
          "text": "इंटरनेट",
          "start": 2.92,
          "end": 3.48,
          "confidence": 0.922
        },
        {
          "text": "की",
          "start": 3.48,
          "end": 3.68,
          "confidence": 0.915
        },
        {
          "text": "विशेष",
          "start": 3.68,
          "end": 4.06,
          "confidence": 0.996
        },
        {
          "text": "जानकारी",
          "start": 4.06,
          "end": 4.52,
          "confidence": 0.994
        },
        {
          "text": "प्रदान",
          "start": 4.52,
          "end": 5.02,
          "confidence": 0.99
        },
        {
          "text": "करने",
          "start": 5.02,
          "end": 5.42,
          "confidence": 0.992
        },
        {
          "text": "के",
          "start": 5.42,
          "end": 5.66,
          "confidence": 0.987
        },
        {
          "text": "लिए",
          "start": 5.66,
          "end": 5.68,
          "confidence": 0.995
        },
        {
          "text": "टाटा",
          "start": 5.68,
          "end": 6.22,
          "confidence": 0.943
        },
        {
          "text": "टेस्ट",
          "start": 6.22,
          "end": 6.64,
          "confidence": 0.934
        },
        {
          "text": "वगैरह",
          "start": 6.64,
          "end": 7.12,
          "confidence": 0.856
        },
        {
          "text": "गोबर",
          "start": 7.12,
          "end": 7.3,
          "confidence": 0.99
        },
        {
          "text": "के",
          "start": 7.3,
          "end": 7.54,
          "confidence": 0.926
        },
        {
          "text": "सजेद",
          "start": 7.54,
          "end": 8.04,
          "confidence": 0.494
        },
        {
          "text": "के",
          "start": 8.04,
          "end": 8.28,
          "confidence": 0.87
        }
      ]
    }
  ],
  "language": "hi"
}