{
  "text": "जबकि प्रखंड कार्यालय के पीछे में थाना का जमीन अधिग्रहण होने के बाद भवन निर्माण नहीं होने के कारण सी पी सी भवन में थाना कार्यालय",
  "segments": [
    {
      "id": 0,
      "seek": 0,
      "start": 0.0,
      "end": 9.16,
      "text": "जबकि प्रखंड कार्यालय के पीछे में थाना का जमीन अधिग्रहण होने के बाद भवन निर्माण नहीं होने के कारण सी पी सी भवन में थाना कार्यालय",
      "tokens": [
        50364,
        3941,
        250,
        3941,
        105,
        41858,
        33279,
        8485,
        103,
        27099,
        25411,
        3941,
        244,
        31945,
        3941,
        94,
        31970,
        17937,
        25411,
        27099,
        48268,
        17937,
        46758,
        48268,
        31970,
        21981,
        8485,
        103,
        31881,
        3941,
        249,
        21981,
        48449,
        21981,
        31945,
        8485,
        98,
        17937,
        35082,
        17937,
        31970,
        17937,
        8485,
        250,
        48521,
        31881,
        35082,
        8485,
        227,
        3941,
        100,
        33279,
        3941,
        245,
        27099,
        25411,
        44500,
        3941,
        96,
        37139,
        33926,
        35082,
        21981,
        31970,
        21981,
        8485,
        105,
        17937,
        3941,
        99,
        8485,
        255,
        3941,
        113,
        35082,
        8485,
        101,
        33279,
        25411,
        27099,
        48521,
        17937,
        3941,
        96,
        8485,
        101,
        44500,
        31881,
        31945,
        37139,
        33926,
        35082,
        21981,
        31970,
        21981,
        31970,
        17937,
        25411,
        3941,
        96,
        49316,
        31881,
        8485,
        103,
        31881,
        49316,
        31881,
        8485,
        255,
        3941,
        113,
        35082,
        48449,
        21981,
        31945,
        8485,
        98,
        17937,
        35082,
        17937,
        31970,
        17937,
        25411,
        27099,
        48268,
        17937,
        46758,
        48268
      ],
      "temperature": 0.0,
      "avg_logprob": -0.05911858506905016,
      "compression_ratio": 2.1633986928104574,
      "no_speech_prob": 8.382060036760735e-17,
      "confidence": 0.961,
      "words": [
        {
          "text": "जबकि",
          "start": 0.0,
          "end": 0.54,
          "confidence": 0.919
        },
        {
          "text": "प्रखंड",
          "start": 0.54,
          "end": 0.92,
          "confidence": 0.975
        },
        {
          "text": "कार्यालय",
          "start": 0.92,
          "end": 1.32,
          "confidence": 0.994
        },
        {
          "text": "के",
          "start": 1.32,
          "end": 1.56,
          "confidence": 0.956
        },
        {
          "text": "पीछे",
          "start": 1.56,
          "end": 1.8,
          "confidence": 0.903
        },
        {
          "text": "में",
          "start": 1.8,
          "end": 2.02,
          "confidence": 0.888
        },
        {
          "text": "थाना",
          "start": 2.02,
          "end": 2.28,
          "confidence": 0.989
        },
        {
          "text": "का",
          "start": 2.28,
          "end": 2.46,
          "confidence": 0.958
        },
        {
          "text": "जमीन",
          "start": 2.46,
          "end": 2.8,
          "confidence": 0.942
        },
        {
          "text": "अधिग्रहण",
          "start": 2.8,
          "end": 3.24,
          "confidence": 0.975
        },
        {
          "text": "होने",
          "start": 3.24,
          "end": 3.66,
          "confidence": 0.991
        },
        {
          "text": "के",
          "start": 3.66,
          "end": 3.96,
          "confidence": 0.993
        },
        {
          "text": "बाद",
          "start": 3.96,
          "end": 4.28,
          "confidence": 0.959
        },
        {
          "text": "भवन",
          "start": 4.28,
          "end": 5.16,
          "confidence": 0.996
        },
        {
          "text": "निर्माण",
          "start": 5.16,
          "end": 5.6,
          "confidence": 0.998
        },
        {
          "text": "नहीं",
          "start": 5.6,
          "end": 5.86,
          "confidence": 0.972
        },
        {
          "text": "होने",
          "start": 5.86,
          "end": 6.3,
          "confidence": 0.992
        },
        {
          "text": "के",
          "start": 6.3,
          "end": 6.64,
          "confidence": 0.989
        },
        {
          "text": "कारण",
          "start": 6.64,
          "end": 6.82,
          "confidence": 0.997
        },
        {
          "text": "सी",
          "start": 6.82,
          "end": 7.62,
          "confidence": 0.656
        },
        {
          "text": "पी",
          "start": 7.62,
          "end": 7.84,
          "confidence": 0.847
        },
        {
          "text": "सी",
          "start": 7.84,
          "end": 7.86,
          "confidence": 0.82
        },
        {
          "text": "भवन",
          "start": 7.86,
          "end": 8.24,
          "confidence": 0.988
        },
        {
          "text": "में",
          "start": 8.24,
          "end": 8.38,
          "confidence": 0.975
        },
        {
          "text": "थाना",
          "start": 8.38,
          "end": 8.74,
          "confidence": 0.997
        },
        {
          "text": "कार्यालय",
          "start": 8.74,
          "end": 9.16,
          "confidence": 0.994
        }
      ]
    }
  ],
  "language": "hi"
}