{
  "text": "अब प्रकृति आत्मा के मानव जीवन में चार दो पे चार होना पड़ता है और प्रकृति संतुलन बनाए रखने के लिए जीवन में अधिक ऐसी अधिक",
  "segments": [
    {
      "id": 0,
      "seek": 0,
      "start": 0.0,
      "end": 10.94,
      "text": "अब प्रकृति आत्मा के मानव जीवन में चार दो पे चार होना पड़ता है और प्रकृति संतुलन बनाए रखने के लिए जीवन में अधिक ऐसी अधिक",
      "tokens": [
        50382,
        3941,
        227,
        3941,
        105,
        8485,
        103,
        27099,
        25411,
        41858,
        8703,
        225,
        36158,
        33279,
        8485,
        228,
        36158,
        27099,
        48521,
        17937,
        31970,
        21981,
        48449,
        17937,
        35082,
        3941,
        113,
        8485,
        250,
        31881,
        3941,
        113,
        35082,
        48449,
        21981,
        31945,
        8485,
        248,
        17937,
        25411,
        8485,
        99,
        33926,
        8485,
        103,
        21981,
        8485,
        248,
        17937,
        25411,
        37139,
        33926,
        35082,
        17937,
        8485,
        103,
        8703,
        250,
        36158,
        17937,
        37139,
        43372,
        8485,
        242,
        25411,
        8485,
        103,
        27099,
        25411,
        41858,
        8703,
        225,
        36158,
        33279,
        49316,
        31945,
        36158,
        8703,
        223,
        46758,
        35082,
        8485,
        105,
        35082,
        17937,
        3941,
        237,
        8485,
        108,
        3941,
        244,
        35082,
        21981,
        31970,
        21981,
        8485,
        110,
        33279,
        3941,
        237,
        8485,
        250,
        31881,
        3941,
        113,
        35082,
        48449,
        21981,
        31945,
        8485,
        227,
        3941,
        100,
        33279,
        41858,
        8485,
        238,
        45938,
        31881,
        8485,
        227,
        3941,
        100,
        33279,
        41858
      ],
      "temperature": 0.0,
      "avg_logprob": -0.09964751440381246,
      "compression_ratio": 2.026666666666667,
      "no_speech_prob": 3.1617575751822797e-15,
      "confidence": 0.927,
      "words": [
        {
          "text": "अब",
          "start": 0.0,
          "end": 0.68,
          "confidence": 0.865
        },
        {
          "text": "प्रकृति",
          "start": 0.68,
          "end": 1.36,
          "confidence": 0.96
        },
        {
          "text": "आत्मा",
          "start": 1.36,
          "end": 2.48,
          "confidence": 0.827
        },
        {
          "text": "के",
          "start": 2.48,
          "end": 2.68,
          "confidence": 0.744
        },
        {
          "text": "मानव",
          "start": 2.68,
          "end": 3.04,
          "confidence": 0.905
        },
        {
          "text": "जीवन",
          "start": 3.04,
          "end": 3.38,
          "confidence": 0.992
        },
        {
          "text": "में",
          "start": 3.38,
          "end": 3.54,
          "confidence": 0.973
        },
        {
          "text": "चार",
          "start": 3.54,
          "end": 3.92,
          "confidence": 0.837
        },
        {
          "text": "दो",
          "start": 3.92,
          "end": 4.84,
          "confidence": 0.847
        },
        {
          "text": "पे",
          "start": 4.84,
          "end": 5.06,
          "confidence": 0.538
        },
        {
          "text": "चार",
          "start": 5.06,
          "end": 5.24,
          "confidence": 0.95
        },
        {
          "text": "होना",
          "start": 5.24,
          "end": 6.3,
          "confidence": 0.971
        },
        {
          "text": "पड़ता",
          "start": 6.3,
          "end": 6.58,
          "confidence": 0.974
        },
        {
          "text": "है",
          "start": 6.58,
          "end": 6.8,
          "confidence": 0.993
        },
        {
          "text": "और",
          "start": 6.8,
          "end": 7.26,
          "confidence": 0.898
        },
        {
          "text": "प्रकृति",
          "start": 7.26,
          "end": 7.44,
          "confidence": 0.992
        },
        {
          "text": "संतुलन",
          "start": 7.44,
          "end": 7.94,
          "confidence": 0.909
        },
        {
          "text": "बनाए",
          "start": 7.94,
          "end": 8.32,
          "confidence": 0.898
        },
        {
          "text": "रखने",
          "start": 8.32,
          "end": 8.66,
          "confidence": 0.985
        },
        {
          "text": "के",
          "start": 8.66,
          "end": 8.92,
          "confidence": 0.988
        },
        {
          "text": "लिए",
          "start": 8.92,
          "end": 9.02,
          "confidence": 0.995
        },
        {
          "text": "जीवन",
          "start": 9.02,
          "end": 9.82,
          "confidence": 0.987
        },
        {
          "text": "में",
          "start": 9.82,
          "end": 9.94,
          "confidence": 0.997
        },
        {
          "text": "अधिक",
          "start": 9.94,
          "end": 10.78,
          "confidence": 0.977
        },
        {
          "text": "ऐसी",
          "start": 10.78,
          "end": 10.8,
          "confidence": 0.915
        },
        {
          "text": "अधिक",
          "start": 10.8,
          "end": 10.94,
          "confidence": 0.983
        }
      ]
    }
  ],
  "language": "hi"
}