{
  "text": "वो बच्चे आते हैं और मेरे मोबाइल ऐसी रोज सुनते हैं और अपने मम्मी पापा को भी लगाने बोलते हैं",
  "segments": [
    {
      "id": 0,
      "seek": 0,
      "start": 0.0,
      "end": 6.54,
      "text": "वो बच्चे आते हैं और मेरे मोबाइल ऐसी रोज सुनते हैं और अपने मम्मी पापा को भी लगाने बोलते हैं",
      "tokens": [
        50364,
        3941,
        113,
        33926,
        8485,
        105,
        3941,
        248,
        27099,
        3941,
        248,
        21981,
        8485,
        228,
        36158,
        21981,
        37139,
        43372,
        31945,
        8485,
        242,
        25411,
        48449,
        21981,
        25411,
        21981,
        48449,
        33926,
        3941,
        105,
        17937,
        3941,
        229,
        46758,
        8485,
        238,
        45938,
        31881,
        8485,
        108,
        33926,
        3941,
        250,
        49316,
        8703,
        223,
        35082,
        36158,
        21981,
        37139,
        43372,
        31945,
        8485,
        242,
        25411,
        8485,
        227,
        3941,
        103,
        35082,
        21981,
        48449,
        48521,
        27099,
        48521,
        31881,
        8485,
        103,
        17937,
        3941,
        103,
        17937,
        31970,
        33926,
        8485,
        255,
        31881,
        8485,
        110,
        3941,
        245,
        17937,
        35082,
        21981,
        8485,
        105,
        33926,
        46758,
        36158,
        21981,
        37139,
        43372,
        31945
      ],
      "temperature": 0.0,
      "avg_logprob": -0.07720540939493382,
      "compression_ratio": 1.8125,
      "no_speech_prob": 8.36283516818492e-16,
      "confidence": 0.947,
      "words": [
        {
          "text": "वो",
          "start": 0.0,
          "end": 0.58,
          "confidence": 0.935
        },
        {
          "text": "बच्चे",
          "start": 0.58,
          "end": 0.92,
          "confidence": 0.945
        },
        {
          "text": "आते",
          "start": 0.92,
          "end": 1.26,
          "confidence": 0.986
        },
        {
          "text": "हैं",
          "start": 1.26,
          "end": 1.48,
          "confidence": 0.761
        },
        {
          "text": "और",
          "start": 1.48,
          "end": 1.58,
          "confidence": 0.958
        },
        {
          "text": "मेरे",
          "start": 1.58,
          "end": 1.94,
          "confidence": 0.978
        },
        {
          "text": "मोबाइल",
          "start": 1.94,
          "end": 2.28,
          "confidence": 0.989
        },
        {
          "text": "ऐसी",
          "start": 2.28,
          "end": 3.12,
          "confidence": 0.755
        },
        {
          "text": "रोज",
          "start": 3.12,
          "end": 3.58,
          "confidence": 0.984
        },
        {
          "text": "सुनते",
          "start": 3.58,
          "end": 4.0,
          "confidence": 0.988
        },
        {
          "text": "हैं",
          "start": 4.0,
          "end": 4.16,
          "confidence": 0.991
        },
        {
          "text": "और",
          "start": 4.16,
          "end": 4.28,
          "confidence": 0.974
        },
        {
          "text": "अपने",
          "start": 4.28,
          "end": 4.56,
          "confidence": 0.929
        },
        {
          "text": "मम्मी",
          "start": 4.56,
          "end": 4.9,
          "confidence": 0.971
        },
        {
          "text": "पापा",
          "start": 4.9,
          "end": 4.96,
          "confidence": 0.991
        },
        {
          "text": "को",
          "start": 4.96,
          "end": 5.18,
          "confidence": 0.976
        },
        {
          "text": "भी",
          "start": 5.18,
          "end": 5.32,
          "confidence": 0.953
        },
        {
          "text": "लगाने",
          "start": 5.32,
          "end": 5.74,
          "confidence": 0.891
        },
        {
          "text": "बोलते",
          "start": 5.74,
          "end": 6.06,
          "confidence": 0.981
        },
        {
          "text": "हैं",
          "start": 6.06,
          "end": 6.54,
          "confidence": 0.994
        }
      ]
    }
  ],
  "language": "hi"
}