{
  "text": "इस मध्य प्रदेश मोबाइल वाणी के सभी सुनने वाले श्रोताओं को और मेरे मित्रों को सभी को हार्दिक हार्दिक शुभकामनाएँ धन्यवाद नमस्कार",
  "segments": [
    {
      "id": 0,
      "seek": 0,
      "start": 0.0,
      "end": 8.02,
      "text": "इस मध्य प्रदेश मोबाइल वाणी के सभी सुनने वाले श्रोताओं को और मेरे मित्रों को सभी को हार्दिक हार्दिक शुभकामनाएँ धन्यवाद नमस्कार",
      "tokens": [
        50364,
        3941,
        229,
        45938,
        48449,
        3941,
        100,
        27099,
        48268,
        8485,
        103,
        27099,
        25411,
        3941,
        99,
        21981,
        3941,
        114,
        48449,
        33926,
        3941,
        105,
        17937,
        3941,
        229,
        46758,
        8485,
        113,
        17937,
        3941,
        96,
        31881,
        31970,
        21981,
        49316,
        3941,
        255,
        31881,
        49316,
        8703,
        223,
        35082,
        35082,
        21981,
        8485,
        113,
        17937,
        46758,
        21981,
        8485,
        114,
        27099,
        25411,
        33926,
        36158,
        17937,
        3941,
        241,
        31945,
        31970,
        33926,
        8485,
        242,
        25411,
        48449,
        21981,
        25411,
        21981,
        48449,
        33279,
        36158,
        27099,
        25411,
        33926,
        31945,
        31970,
        33926,
        49316,
        3941,
        255,
        31881,
        31970,
        33926,
        37139,
        17937,
        25411,
        27099,
        3941,
        99,
        33279,
        41858,
        37139,
        17937,
        25411,
        27099,
        3941,
        99,
        33279,
        41858,
        8485,
        114,
        8703,
        223,
        3941,
        255,
        41858,
        17937,
        48521,
        35082,
        17937,
        3941,
        237,
        3941,
        223,
        8485,
        100,
        35082,
        27099,
        48268,
        3941,
        113,
        17937,
        3941,
        99,
        8485,
        101,
        48521,
        45938,
        27099,
        41858,
        17937,
        25411
      ],
      "temperature": 0.0,
      "avg_logprob": -0.04703292990089359,
      "compression_ratio": 2.0060240963855422,
      "no_speech_prob": 4.348056203279382e-12,
      "confidence": 0.971,
      "words": [
        {
          "text": "इस",
          "start": 0.0,
          "end": 0.46,
          "confidence": 0.942
        },
        {
          "text": "मध्य",
          "start": 0.46,
          "end": 1.0,
          "confidence": 0.875
        },
        {
          "text": "प्रदेश",
          "start": 1.0,
          "end": 1.06,
          "confidence": 0.987
        },
        {
          "text": "मोबाइल",
          "start": 1.06,
          "end": 1.42,
          "confidence": 0.973
        },
        {
          "text": "वाणी",
          "start": 1.42,
          "end": 1.6,
          "confidence": 0.976
        },
        {
          "text": "के",
          "start": 1.6,
          "end": 1.82,
          "confidence": 0.97
        },
        {
          "text": "सभी",
          "start": 1.82,
          "end": 2.18,
          "confidence": 0.985
        },
        {
          "text": "सुनने",
          "start": 2.18,
          "end": 3.18,
          "confidence": 0.974
        },
        {
          "text": "वाले",
          "start": 3.18,
          "end": 3.38,
          "confidence": 0.991
        },
        {
          "text": "श्रोताओं",
          "start": 3.38,
          "end": 3.86,
          "confidence": 0.983
        },
        {
          "text": "को",
          "start": 3.86,
          "end": 4.14,
          "confidence": 0.972
        },
        {
          "text": "और",
          "start": 4.14,
          "end": 4.56,
          "confidence": 0.991
        },
        {
          "text": "मेरे",
          "start": 4.56,
          "end": 4.8,
          "confidence": 0.989
        },
        {
          "text": "मित्रों",
          "start": 4.8,
          "end": 5.18,
          "confidence": 0.989
        },
        {
          "text": "को",
          "start": 5.18,
          "end": 5.38,
          "confidence": 0.987
        },
        {
          "text": "सभी",
          "start": 5.38,
          "end": 5.84,
          "confidence": 0.97
        },
        {
          "text": "को",
          "start": 5.84,
          "end": 5.86,
          "confidence": 0.985
        },
        {
          "text": "हार्दिक",
          "start": 5.86,
          "end": 6.28,
          "confidence": 0.989
        },
        {
          "text": "हार्दिक",
          "start": 6.28,
          "end": 6.62,
          "confidence": 0.939
        },
        {
          "text": "शुभकामनाएँ",
          "start": 6.62,
          "end": 7.22,
          "confidence": 0.935
        },
        {
          "text": "धन्यवाद",
          "start": 7.22,
          "end": 7.54,
          "confidence": 0.992
        },
        {
          "text": "नमस्कार",
          "start": 7.54,
          "end": 8.02,
          "confidence": 0.997
        }
      ]
    }
  ],
  "language": "hi"
}