{
  "text": "सूचना या एटी फोन आये तो कभी भी न दे क्यूँकी आपको कोई बैंक पदाधिकारी आपको फ़ोन नहीं करेगा तीन नंबर एक गुप्त सूचना",
  "segments": [
    {
      "id": 0,
      "seek": 0,
      "start": 0.0,
      "end": 10.26,
      "text": "सूचना या एटी फोन आये तो कभी भी न दे क्यूँकी आपको कोई बैंक पदाधिकारी आपको फ़ोन नहीं करेगा तीन नंबर एक गुप्त सूचना",
      "tokens": [
        50364,
        45938,
        8703,
        224,
        3941,
        248,
        35082,
        17937,
        8485,
        107,
        17937,
        8485,
        237,
        3941,
        253,
        31881,
        8485,
        104,
        33926,
        35082,
        8485,
        228,
        48268,
        21981,
        8485,
        97,
        33926,
        31970,
        3941,
        255,
        31881,
        8485,
        255,
        31881,
        8485,
        101,
        8485,
        99,
        21981,
        31970,
        27099,
        48268,
        8703,
        224,
        3941,
        223,
        41858,
        31881,
        8485,
        228,
        3941,
        103,
        41858,
        33926,
        31970,
        33926,
        3941,
        230,
        8485,
        105,
        43372,
        31945,
        41858,
        8485,
        103,
        3941,
        99,
        17937,
        3941,
        100,
        33279,
        41858,
        17937,
        25411,
        31881,
        8485,
        228,
        3941,
        103,
        41858,
        33926,
        220,
        8703,
        252,
        33926,
        35082,
        8485,
        101,
        44500,
        31881,
        31945,
        31970,
        25411,
        21981,
        3941,
        245,
        17937,
        8485,
        97,
        31881,
        35082,
        8485,
        101,
        31945,
        3941,
        105,
        25411,
        8485,
        237,
        41858,
        8485,
        245,
        8703,
        223,
        3941,
        103,
        27099,
        36158,
        49316,
        8703,
        224,
        3941,
        248,
        35082,
        17937
      ],
      "temperature": 0.0,
      "avg_logprob": -0.08488510525415814,
      "compression_ratio": 1.8397435897435896,
      "no_speech_prob": 5.1123991514799225e-14,
      "confidence": 0.932,
      "words": [
        {
          "text": "सूचना",
          "start": 0.0,
          "end": 0.58,
          "confidence": 0.854
        },
        {
          "text": "या",
          "start": 0.58,
          "end": 0.84,
          "confidence": 0.722
        },
        {
          "text": "एटी",
          "start": 0.84,
          "end": 1.06,
          "confidence": 0.728
        },
        {
          "text": "फोन",
          "start": 1.06,
          "end": 1.38,
          "confidence": 0.828
        },
        {
          "text": "आये",
          "start": 1.38,
          "end": 1.72,
          "confidence": 0.867
        },
        {
          "text": "तो",
          "start": 1.72,
          "end": 2.36,
          "confidence": 0.966
        },
        {
          "text": "कभी",
          "start": 2.36,
          "end": 2.66,
          "confidence": 0.988
        },
        {
          "text": "भी",
          "start": 2.66,
          "end": 2.86,
          "confidence": 0.971
        },
        {
          "text": "न",
          "start": 2.86,
          "end": 3.52,
          "confidence": 0.91
        },
        {
          "text": "दे",
          "start": 3.52,
          "end": 3.72,
          "confidence": 0.956
        },
        {
          "text": "क्यूँकी",
          "start": 3.72,
          "end": 4.24,
          "confidence": 0.926
        },
        {
          "text": "आपको",
          "start": 4.24,
          "end": 4.88,
          "confidence": 0.987
        },
        {
          "text": "कोई",
          "start": 4.88,
          "end": 5.34,
          "confidence": 0.98
        },
        {
          "text": "बैंक",
          "start": 5.34,
          "end": 5.5,
          "confidence": 0.99
        },
        {
          "text": "पदाधिकारी",
          "start": 5.5,
          "end": 6.44,
          "confidence": 0.981
        },
        {
          "text": "आपको",
          "start": 6.44,
          "end": 6.84,
          "confidence": 0.988
        },
        {
          "text": "फ़ोन",
          "start": 6.84,
          "end": 7.12,
          "confidence": 0.904
        },
        {
          "text": "नहीं",
          "start": 7.12,
          "end": 7.5,
          "confidence": 0.925
        },
        {
          "text": "करेगा",
          "start": 7.5,
          "end": 7.76,
          "confidence": 0.99
        },
        {
          "text": "तीन",
          "start": 7.76,
          "end": 8.62,
          "confidence": 0.878
        },
        {
          "text": "नंबर",
          "start": 8.62,
          "end": 8.8,
          "confidence": 0.992
        },
        {
          "text": "एक",
          "start": 8.8,
          "end": 9.16,
          "confidence": 0.973
        },
        {
          "text": "गुप्त",
          "start": 9.16,
          "end": 9.94,
          "confidence": 0.965
        },
        {
          "text": "सूचना",
          "start": 9.94,
          "end": 10.26,
          "confidence": 0.982
        }
      ]
    }
  ],
  "language": "hi"
}