{
  "text": "और जुट रूप ऐसी छापामारी कर प्राधिवारिक कर्ति का मापदंड अपनाने चाहिए मैं तेज नरेंद्र मधुबनी ऐसी बिहार मोबाइल वाणी के लिए मधुबनी ऐसी धन्यवाद",
  "segments": [
    {
      "id": 0,
      "seek": 0,
      "start": 0.0,
      "end": 11.46,
      "text": "और जुट रूप ऐसी छापामारी कर प्राधिवारिक कर्ति का मापदंड अपनाने चाहिए मैं तेज नरेंद्र मधुबनी ऐसी बिहार मोबाइल वाणी के लिए मधुबनी ऐसी धन्यवाद",
      "tokens": [
        50364,
        3941,
        242,
        25411,
        8485,
        250,
        8703,
        223,
        3941,
        253,
        8485,
        108,
        8703,
        224,
        3941,
        103,
        8485,
        238,
        45938,
        31881,
        8485,
        249,
        17937,
        3941,
        103,
        17937,
        48521,
        17937,
        25411,
        31881,
        31970,
        25411,
        8485,
        103,
        27099,
        25411,
        17937,
        3941,
        100,
        33279,
        3941,
        113,
        17937,
        25411,
        33279,
        41858,
        31970,
        25411,
        27099,
        36158,
        33279,
        31970,
        17937,
        48449,
        17937,
        3941,
        103,
        3941,
        99,
        31945,
        3941,
        94,
        8485,
        227,
        3941,
        103,
        35082,
        17937,
        35082,
        21981,
        8485,
        248,
        17937,
        44500,
        33279,
        3941,
        237,
        48449,
        43372,
        31945,
        8485,
        97,
        21981,
        3941,
        250,
        8485,
        101,
        25411,
        21981,
        31945,
        3941,
        99,
        27099,
        25411,
        48449,
        3941,
        100,
        8703,
        223,
        3941,
        105,
        35082,
        31881,
        8485,
        238,
        45938,
        31881,
        8485,
        105,
        33279,
        44500,
        17937,
        25411,
        48449,
        33926,
        3941,
        105,
        17937,
        3941,
        229,
        46758,
        8485,
        113,
        17937,
        3941,
        96,
        31881,
        31970,
        21981,
        8485,
        110,
        33279,
        3941,
        237,
        48449,
        3941,
        100,
        8703,
        223,
        3941,
        105,
        35082,
        31881,
        8485,
        238,
        45938,
        31881,
        8485,
        100,
        35082,
        27099,
        48268,
        3941,
        113,
        17937,
        3941,
        99
      ],
      "temperature": 0.0,
      "avg_logprob": -0.17128022109405905,
      "compression_ratio": 2.033333333333333,
      "no_speech_prob": 6.739882496510294e-14,
      "confidence": 0.851,
      "words": [
        {
          "text": "और",
          "start": 0.0,
          "end": 0.7,
          "confidence": 0.915
        },
        {
          "text": "जुट",
          "start": 0.7,
          "end": 1.26,
          "confidence": 0.61
        },
        {
          "text": "रूप",
          "start": 1.26,
          "end": 1.5,
          "confidence": 0.812
        },
        {
          "text": "ऐसी",
          "start": 1.5,
          "end": 1.68,
          "confidence": 0.846
        },
        {
          "text": "छापामारी",
          "start": 1.68,
          "end": 2.38,
          "confidence": 0.912
        },
        {
          "text": "कर",
          "start": 2.38,
          "end": 2.72,
          "confidence": 0.916
        },
        {
          "text": "प्राधिवारिक",
          "start": 2.72,
          "end": 3.66,
          "confidence": 0.729
        },
        {
          "text": "कर्ति",
          "start": 3.66,
          "end": 3.86,
          "confidence": 0.575
        },
        {
          "text": "का",
          "start": 3.86,
          "end": 4.08,
          "confidence": 0.947
        },
        {
          "text": "मापदंड",
          "start": 4.08,
          "end": 4.46,
          "confidence": 0.947
        },
        {
          "text": "अपनाने",
          "start": 4.46,
          "end": 5.02,
          "confidence": 0.928
        },
        {
          "text": "चाहिए",
          "start": 5.02,
          "end": 5.4,
          "confidence": 0.946
        },
        {
          "text": "मैं",
          "start": 5.4,
          "end": 6.06,
          "confidence": 0.783
        },
        {
          "text": "तेज",
          "start": 6.06,
          "end": 6.44,
          "confidence": 0.691
        },
        {
          "text": "नरेंद्र",
          "start": 6.44,
          "end": 6.86,
          "confidence": 0.964
        },
        {
          "text": "मधुबनी",
          "start": 6.86,
          "end": 7.04,
          "confidence": 0.629
        },
        {
          "text": "ऐसी",
          "start": 7.04,
          "end": 8.22,
          "confidence": 0.743
        },
        {
          "text": "बिहार",
          "start": 8.22,
          "end": 8.78,
          "confidence": 0.884
        },
        {
          "text": "मोबाइल",
          "start": 8.78,
          "end": 9.12,
          "confidence": 0.973
        },
        {
          "text": "वाणी",
          "start": 9.12,
          "end": 9.34,
          "confidence": 0.979
        },
        {
          "text": "के",
          "start": 9.34,
          "end": 9.58,
          "confidence": 0.879
        },
        {
          "text": "लिए",
          "start": 9.58,
          "end": 9.72,
          "confidence": 0.991
        },
        {
          "text": "मधुबनी",
          "start": 9.72,
          "end": 10.3,
          "confidence": 0.968
        },
        {
          "text": "ऐसी",
          "start": 10.3,
          "end": 10.46,
          "confidence": 0.979
        },
        {
          "text": "धन्यवाद",
          "start": 10.46,
          "end": 11.46,
          "confidence": 0.984
        }
      ]
    }
  ],
  "language": "hi"
}