{
  "text": "देश को बना सकता है बच्चे है इश्वर्शन है महा पाप",
  "segments": [
    {
      "id": 0,
      "seek": 0,
      "start": 0.0,
      "end": 4.96,
      "text": "देश को बना सकता है बच्चे है इश्वर्शन है महा पाप",
      "tokens": [
        50364,
        3941,
        99,
        21981,
        3941,
        114,
        31970,
        33926,
        8485,
        105,
        35082,
        17937,
        49316,
        41858,
        36158,
        17937,
        37139,
        43372,
        8485,
        105,
        3941,
        248,
        27099,
        3941,
        248,
        21981,
        37139,
        43372,
        8485,
        229,
        3941,
        114,
        27099,
        3941,
        113,
        25411,
        27099,
        3941,
        114,
        35082,
        37139,
        43372,
        48449,
        44500,
        17937,
        8485,
        103,
        17937,
        3941,
        103
      ],
      "temperature": 0.0,
      "avg_logprob": -0.16296199723785998,
      "compression_ratio": 1.475609756097561,
      "no_speech_prob": 5.9397531953523894e-18,
      "confidence": 0.875,
      "words": [
        {
          "text": "देश",
          "start": 0.0,
          "end": 0.44,
          "confidence": 0.937
        },
        {
          "text": "को",
          "start": 0.44,
          "end": 0.58,
          "confidence": 0.99
        },
        {
          "text": "बना",
          "start": 0.58,
          "end": 0.92,
          "confidence": 0.951
        },
        {
          "text": "सकता",
          "start": 0.92,
          "end": 1.36,
          "confidence": 0.997
        },
        {
          "text": "है",
          "start": 1.36,
          "end": 1.54,
          "confidence": 0.976
        },
        {
          "text": "बच्चे",
          "start": 1.54,
          "end": 2.88,
          "confidence": 0.722
        },
        {
          "text": "है",
          "start": 2.88,
          "end": 3.02,
          "confidence": 0.934
        },
        {
          "text": "इश्वर्शन",
          "start": 3.02,
          "end": 3.62,
          "confidence": 0.831
        },
        {
          "text": "है",
          "start": 3.62,
          "end": 3.9,
          "confidence": 0.963
        },
        {
          "text": "महा",
          "start": 3.9,
          "end": 4.22,
          "confidence": 0.97
        },
        {
          "text": "पाप",
          "start": 4.22,
          "end": 4.96,
          "confidence": 0.854
        }
      ]
    }
  ],
  "language": "hi"
}