{
  "text": "इनसे स्पष्ट का मैं बहुत इंतेजार करता रहता हूँ की मैं मैं कुछ भी कर सकती हूँ एपिसोड चुना बिहार मोबाइल वाणी",
  "segments": [
    {
      "id": 0,
      "seek": 0,
      "start": 0.0,
      "end": 11.3,
      "text": "इनसे स्पष्ट का मैं बहुत इंतेजार करता रहता हूँ की मैं मैं कुछ भी कर सकती हूँ एपिसोड चुना बिहार मोबाइल वाणी",
      "tokens": [
        50364,
        3941,
        229,
        35082,
        45938,
        21981,
        49316,
        27099,
        3941,
        103,
        3941,
        115,
        27099,
        3941,
        253,
        31970,
        17937,
        48449,
        43372,
        31945,
        8485,
        105,
        44500,
        8703,
        223,
        36158,
        8485,
        229,
        31945,
        36158,
        21981,
        3941,
        250,
        17937,
        25411,
        31970,
        25411,
        36158,
        17937,
        8485,
        108,
        44500,
        36158,
        17937,
        37139,
        8703,
        224,
        3941,
        223,
        31970,
        31881,
        48449,
        43372,
        31945,
        48449,
        43372,
        31945,
        31970,
        8703,
        223,
        3941,
        249,
        8485,
        255,
        31881,
        31970,
        25411,
        49316,
        41858,
        36158,
        31881,
        37139,
        8703,
        224,
        3941,
        223,
        8485,
        237,
        3941,
        103,
        33279,
        45938,
        33926,
        3941,
        94,
        8485,
        248,
        8703,
        223,
        35082,
        17937,
        8485,
        105,
        33279,
        44500,
        17937,
        25411,
        48449,
        33926,
        3941,
        105,
        17937,
        3941,
        229,
        46758,
        8485,
        113,
        17937,
        3941,
        96,
        31881
      ],
      "temperature": 0.0,
      "avg_logprob": -0.11453521251678467,
      "compression_ratio": 1.8827586206896552,
      "no_speech_prob": 3.2269793238790976e-15,
      "confidence": 0.912,
      "words": [
        {
          "text": "इनसे",
          "start": 0.0,
          "end": 0.76,
          "confidence": 0.859
        },
        {
          "text": "स्पष्ट",
          "start": 0.76,
          "end": 1.9,
          "confidence": 0.909
        },
        {
          "text": "का",
          "start": 1.9,
          "end": 2.28,
          "confidence": 0.605
        },
        {
          "text": "मैं",
          "start": 2.28,
          "end": 2.84,
          "confidence": 0.794
        },
        {
          "text": "बहुत",
          "start": 2.84,
          "end": 4.26,
          "confidence": 0.986
        },
        {
          "text": "इंतेजार",
          "start": 4.26,
          "end": 5.74,
          "confidence": 0.816
        },
        {
          "text": "करता",
          "start": 5.74,
          "end": 6.22,
          "confidence": 0.955
        },
        {
          "text": "रहता",
          "start": 6.22,
          "end": 6.52,
          "confidence": 0.966
        },
        {
          "text": "हूँ",
          "start": 6.52,
          "end": 7.08,
          "confidence": 0.993
        },
        {
          "text": "की",
          "start": 7.08,
          "end": 7.16,
          "confidence": 0.882
        },
        {
          "text": "मैं",
          "start": 7.16,
          "end": 7.44,
          "confidence": 0.988
        },
        {
          "text": "मैं",
          "start": 7.44,
          "end": 8.3,
          "confidence": 0.823
        },
        {
          "text": "कुछ",
          "start": 8.3,
          "end": 8.44,
          "confidence": 0.994
        },
        {
          "text": "भी",
          "start": 8.44,
          "end": 8.52,
          "confidence": 0.971
        },
        {
          "text": "कर",
          "start": 8.52,
          "end": 8.74,
          "confidence": 0.989
        },
        {
          "text": "सकती",
          "start": 8.74,
          "end": 9.04,
          "confidence": 0.893
        },
        {
          "text": "हूँ",
          "start": 9.04,
          "end": 9.18,
          "confidence": 0.998
        },
        {
          "text": "एपिसोड",
          "start": 9.18,
          "end": 10.16,
          "confidence": 0.956
        },
        {
          "text": "चुना",
          "start": 10.16,
          "end": 10.5,
          "confidence": 0.775
        },
        {
          "text": "बिहार",
          "start": 10.5,
          "end": 10.94,
          "confidence": 0.871
        },
        {
          "text": "मोबाइल",
          "start": 10.94,
          "end": 11.28,
          "confidence": 0.981
        },
        {
          "text": "वाणी",
          "start": 11.28,
          "end": 11.3,
          "confidence": 0.988
        }
      ]
    }
  ],
  "language": "hi"
}