{
  "text": "का असर गिरने का मुख्या कारण इस संस्कृति और परम्पराओं का सबक बच्चों को न पढाना है दुर्भाग्य की बात है की भारत में आज लोक शिक्षा को मात्र डिग्री पाना समझ कर",
  "segments": [
    {
      "id": 0,
      "seek": 0,
      "start": 0.0,
      "end": 10.36,
      "text": "का असर गिरने का मुख्या कारण इस संस्कृति और परम्पराओं का सबक बच्चों को न पढाना है दुर्भाग्य की बात है की भारत में आज लोक शिक्षा को मात्र डिग्री पाना समझ कर",
      "tokens": [
        50364,
        41858,
        17937,
        8485,
        227,
        45938,
        25411,
        8485,
        245,
        33279,
        25411,
        35082,
        21981,
        31970,
        17937,
        48449,
        8703,
        223,
        3941,
        244,
        27099,
        48268,
        17937,
        31970,
        17937,
        25411,
        3941,
        96,
        8485,
        229,
        45938,
        49316,
        31945,
        45938,
        27099,
        41858,
        8703,
        225,
        36158,
        33279,
        8485,
        242,
        25411,
        8485,
        103,
        25411,
        48521,
        27099,
        3941,
        103,
        25411,
        17937,
        3941,
        241,
        31945,
        31970,
        17937,
        49316,
        3941,
        105,
        41858,
        8485,
        105,
        3941,
        248,
        27099,
        3941,
        248,
        33926,
        31945,
        31970,
        33926,
        8485,
        101,
        8485,
        103,
        3941,
        95,
        17937,
        35082,
        17937,
        37139,
        43372,
        8485,
        99,
        8703,
        223,
        25411,
        27099,
        3941,
        255,
        17937,
        3941,
        245,
        27099,
        48268,
        31970,
        31881,
        8485,
        105,
        17937,
        36158,
        37139,
        43372,
        31970,
        31881,
        8485,
        255,
        17937,
        25411,
        36158,
        48449,
        21981,
        31945,
        8485,
        228,
        3941,
        250,
        8485,
        110,
        33926,
        41858,
        8485,
        114,
        33279,
        41858,
        27099,
        3941,
        115,
        17937,
        31970,
        33926,
        48449,
        17937,
        36158,
        27099,
        25411,
        8485,
        94,
        33279,
        3941,
        245,
        27099,
        25411,
        31881,
        8485,
        103,
        17937,
        35082,
        17937,
        49316,
        48521,
        3941,
        251,
        31970,
        25411
      ],
      "temperature": 0.0,
      "avg_logprob": -0.0879738923091038,
      "compression_ratio": 2.041025641025641,
      "no_speech_prob": 8.487630628710441e-14,
      "confidence": 0.926,
      "words": [
        {
          "text": "का",
          "start": 0.0,
          "end": 0.3,
          "confidence": 0.603
        },
        {
          "text": "असर",
          "start": 0.3,
          "end": 0.62,
          "confidence": 0.766
        },
        {
          "text": "गिरने",
          "start": 0.62,
          "end": 1.02,
          "confidence": 0.956
        },
        {
          "text": "का",
          "start": 1.02,
          "end": 1.2,
          "confidence": 0.985
        },
        {
          "text": "मुख्या",
          "start": 1.2,
          "end": 1.4,
          "confidence": 0.963
        },
        {
          "text": "कारण",
          "start": 1.4,
          "end": 1.72,
          "confidence": 0.987
        },
        {
          "text": "इस",
          "start": 1.72,
          "end": 2.2,
          "confidence": 0.724
        },
        {
          "text": "संस्कृति",
          "start": 2.2,
          "end": 2.82,
          "confidence": 0.944
        },
        {
          "text": "और",
          "start": 2.82,
          "end": 2.9,
          "confidence": 0.982
        },
        {
          "text": "परम्पराओं",
          "start": 2.9,
          "end": 3.38,
          "confidence": 0.956
        },
        {
          "text": "का",
          "start": 3.38,
          "end": 3.72,
          "confidence": 0.976
        },
        {
          "text": "सबक",
          "start": 3.72,
          "end": 4.56,
          "confidence": 0.961
        },
        {
          "text": "बच्चों",
          "start": 4.56,
          "end": 4.98,
          "confidence": 0.96
        },
        {
          "text": "को",
          "start": 4.98,
          "end": 5.12,
          "confidence": 0.988
        },
        {
          "text": "न",
          "start": 5.12,
          "end": 5.24,
          "confidence": 0.903
        },
        {
          "text": "पढाना",
          "start": 5.24,
          "end": 5.82,
          "confidence": 0.837
        },
        {
          "text": "है",
          "start": 5.82,
          "end": 5.94,
          "confidence": 0.975
        },
        {
          "text": "दुर्भाग्य",
          "start": 5.94,
          "end": 6.72,
          "confidence": 0.972
        },
        {
          "text": "की",
          "start": 6.72,
          "end": 6.88,
          "confidence": 0.966
        },
        {
          "text": "बात",
          "start": 6.88,
          "end": 7.1,
          "confidence": 0.997
        },
        {
          "text": "है",
          "start": 7.1,
          "end": 7.26,
          "confidence": 0.99
        },
        {
          "text": "की",
          "start": 7.26,
          "end": 7.36,
          "confidence": 0.887
        },
        {
          "text": "भारत",
          "start": 7.36,
          "end": 7.7,
          "confidence": 0.993
        },
        {
          "text": "में",
          "start": 7.7,
          "end": 7.86,
          "confidence": 0.921
        },
        {
          "text": "आज",
          "start": 7.86,
          "end": 8.08,
          "confidence": 0.904
        },
        {
          "text": "लोक",
          "start": 8.08,
          "end": 8.42,
          "confidence": 0.842
        },
        {
          "text": "शिक्षा",
          "start": 8.42,
          "end": 8.58,
          "confidence": 0.868
        },
        {
          "text": "को",
          "start": 8.58,
          "end": 8.9,
          "confidence": 0.968
        },
        {
          "text": "मात्र",
          "start": 8.9,
          "end": 9.52,
          "confidence": 0.944
        },
        {
          "text": "डिग्री",
          "start": 9.52,
          "end": 9.56,
          "confidence": 0.921
        },
        {
          "text": "पाना",
          "start": 9.56,
          "end": 9.8,
          "confidence": 0.985
        },
        {
          "text": "समझ",
          "start": 9.8,
          "end": 10.34,
          "confidence": 0.972
        },
        {
          "text": "कर",
          "start": 10.34,
          "end": 10.36,
          "confidence": 0.759
        }
      ]
    }
  ],
  "language": "hi"
}