{
  "text": "सेना नायक राम अष्टार पालोटिया ने कहा की शनिवार की शाम सात बजे लगभग करीब",
  "segments": [
    {
      "id": 0,
      "seek": 0,
      "start": 0.0,
      "end": 5.74,
      "text": "सेना नायक राम अष्टार पालोटिया ने कहा की शनिवार की शाम सात बजे लगभग करीब",
      "tokens": [
        50364,
        45938,
        21981,
        35082,
        17937,
        8485,
        101,
        17937,
        48268,
        41858,
        8485,
        108,
        17937,
        48521,
        8485,
        227,
        3941,
        115,
        27099,
        3941,
        253,
        17937,
        25411,
        8485,
        103,
        17937,
        46758,
        33926,
        3941,
        253,
        33279,
        48268,
        17937,
        8485,
        101,
        21981,
        31970,
        44500,
        17937,
        31970,
        31881,
        8485,
        114,
        35082,
        33279,
        3941,
        113,
        17937,
        25411,
        31970,
        31881,
        8485,
        114,
        17937,
        48521,
        49316,
        17937,
        36158,
        8485,
        105,
        3941,
        250,
        21981,
        8485,
        110,
        3941,
        245,
        3941,
        255,
        3941,
        245,
        31970,
        25411,
        31881,
        3941,
        105
      ],
      "temperature": 0.0,
      "avg_logprob": -0.11621534669554079,
      "compression_ratio": 1.608695652173913,
      "no_speech_prob": 6.010886592128887e-17,
      "confidence": 0.917,
      "words": [
        {
          "text": "सेना",
          "start": 0.0,
          "end": 0.8,
          "confidence": 0.979
        },
        {
          "text": "नायक",
          "start": 0.8,
          "end": 1.08,
          "confidence": 0.97
        },
        {
          "text": "राम",
          "start": 1.08,
          "end": 1.46,
          "confidence": 0.99
        },
        {
          "text": "अष्टार",
          "start": 1.46,
          "end": 2.62,
          "confidence": 0.712
        },
        {
          "text": "पालोटिया",
          "start": 2.62,
          "end": 2.64,
          "confidence": 0.816
        },
        {
          "text": "ने",
          "start": 2.64,
          "end": 3.12,
          "confidence": 0.995
        },
        {
          "text": "कहा",
          "start": 3.12,
          "end": 3.14,
          "confidence": 0.987
        },
        {
          "text": "की",
          "start": 3.14,
          "end": 3.2,
          "confidence": 0.9
        },
        {
          "text": "शनिवार",
          "start": 3.2,
          "end": 3.76,
          "confidence": 0.985
        },
        {
          "text": "की",
          "start": 3.76,
          "end": 4.04,
          "confidence": 0.891
        },
        {
          "text": "शाम",
          "start": 4.04,
          "end": 4.42,
          "confidence": 0.992
        },
        {
          "text": "सात",
          "start": 4.42,
          "end": 4.76,
          "confidence": 0.969
        },
        {
          "text": "बजे",
          "start": 4.76,
          "end": 4.82,
          "confidence": 0.98
        },
        {
          "text": "लगभग",
          "start": 4.82,
          "end": 5.22,
          "confidence": 0.994
        },
        {
          "text": "करीब",
          "start": 5.22,
          "end": 5.74,
          "confidence": 0.948
        }
      ]
    }
  ],
  "language": "hi"
}