{
  "text": "मुख्या मंत्री के साथ इस कार्यक्रम में हर घर बिजली देना भी है लेकिन जब ऐसी",
  "segments": [
    {
      "id": 0,
      "seek": 0,
      "start": 0.0,
      "end": 6.04,
      "text": "मुख्या मंत्री के साथ इस कार्यक्रम में हर घर बिजली देना भी है लेकिन जब ऐसी",
      "tokens": [
        50364,
        48521,
        8703,
        223,
        3941,
        244,
        27099,
        48268,
        17937,
        48449,
        31945,
        36158,
        27099,
        25411,
        31881,
        31970,
        21981,
        49316,
        17937,
        3941,
        98,
        8485,
        229,
        45938,
        31970,
        17937,
        25411,
        27099,
        48268,
        41858,
        27099,
        25411,
        48521,
        48449,
        21981,
        31945,
        37139,
        25411,
        8485,
        246,
        25411,
        8485,
        105,
        33279,
        3941,
        250,
        46758,
        31881,
        8485,
        99,
        21981,
        35082,
        17937,
        8485,
        255,
        31881,
        37139,
        43372,
        8485,
        110,
        21981,
        41858,
        33279,
        35082,
        8485,
        250,
        3941,
        105,
        8485,
        238,
        45938,
        31881
      ],
      "temperature": 0.0,
      "avg_logprob": -0.08776188549930103,
      "compression_ratio": 1.6016949152542372,
      "no_speech_prob": 2.5062264953244415e-16,
      "confidence": 0.944,
      "words": [
        {
          "text": "मुख्या",
          "start": 0.0,
          "end": 0.76,
          "confidence": 0.927
        },
        {
          "text": "मंत्री",
          "start": 0.76,
          "end": 0.82,
          "confidence": 0.994
        },
        {
          "text": "के",
          "start": 0.82,
          "end": 1.16,
          "confidence": 0.969
        },
        {
          "text": "साथ",
          "start": 1.16,
          "end": 1.32,
          "confidence": 0.982
        },
        {
          "text": "इस",
          "start": 1.32,
          "end": 1.54,
          "confidence": 0.606
        },
        {
          "text": "कार्यक्रम",
          "start": 1.54,
          "end": 2.0,
          "confidence": 0.963
        },
        {
          "text": "में",
          "start": 2.0,
          "end": 2.32,
          "confidence": 0.977
        },
        {
          "text": "हर",
          "start": 2.32,
          "end": 3.36,
          "confidence": 0.957
        },
        {
          "text": "घर",
          "start": 3.36,
          "end": 3.44,
          "confidence": 0.993
        },
        {
          "text": "बिजली",
          "start": 3.44,
          "end": 3.96,
          "confidence": 0.995
        },
        {
          "text": "देना",
          "start": 3.96,
          "end": 4.24,
          "confidence": 0.995
        },
        {
          "text": "भी",
          "start": 4.24,
          "end": 4.34,
          "confidence": 0.991
        },
        {
          "text": "है",
          "start": 4.34,
          "end": 4.94,
          "confidence": 0.99
        },
        {
          "text": "लेकिन",
          "start": 4.94,
          "end": 5.56,
          "confidence": 0.951
        },
        {
          "text": "जब",
          "start": 5.56,
          "end": 6.02,
          "confidence": 0.957
        },
        {
          "text": "ऐसी",
          "start": 6.02,
          "end": 6.04,
          "confidence": 0.835
        }
      ]
    }
  ],
  "language": "hi"
}