{
  "text": "दो महिना बीत जाने के बाद भी आंगनबाड़ी केंद्रों में झारखण्ड मोबाइल वाणी के माध्यम ऐसी",
  "segments": [
    {
      "id": 0,
      "seek": 0,
      "start": 0.0,
      "end": 10.1,
      "text": "दो महिना बीत जाने के बाद भी आंगनबाड़ी केंद्रों में झारखण्ड मोबाइल वाणी के माध्यम ऐसी",
      "tokens": [
        50380,
        3941,
        99,
        33926,
        48449,
        44500,
        33279,
        35082,
        17937,
        8485,
        105,
        31881,
        36158,
        8485,
        250,
        17937,
        35082,
        21981,
        31970,
        21981,
        8485,
        105,
        17937,
        3941,
        99,
        8485,
        255,
        31881,
        8485,
        228,
        31945,
        3941,
        245,
        35082,
        3941,
        105,
        17937,
        8703,
        250,
        31881,
        31970,
        21981,
        31945,
        3941,
        99,
        27099,
        25411,
        33926,
        31945,
        48449,
        21981,
        31945,
        8485,
        251,
        17937,
        25411,
        3941,
        244,
        3941,
        96,
        27099,
        3941,
        94,
        48449,
        33926,
        3941,
        105,
        17937,
        3941,
        229,
        46758,
        8485,
        113,
        17937,
        3941,
        96,
        31881,
        31970,
        21981,
        48449,
        17937,
        3941,
        100,
        27099,
        48268,
        48521,
        8485,
        238,
        45938,
        31881
      ],
      "temperature": 0.0,
      "avg_logprob": -0.13192772079300094,
      "compression_ratio": 1.6717557251908397,
      "no_speech_prob": 9.934903648454313e-14,
      "confidence": 0.905,
      "words": [
        {
          "text": "दो",
          "start": 0.0,
          "end": 0.48,
          "confidence": 0.914
        },
        {
          "text": "महिना",
          "start": 0.48,
          "end": 0.84,
          "confidence": 0.927
        },
        {
          "text": "बीत",
          "start": 0.84,
          "end": 1.1,
          "confidence": 0.914
        },
        {
          "text": "जाने",
          "start": 1.1,
          "end": 1.42,
          "confidence": 0.99
        },
        {
          "text": "के",
          "start": 1.42,
          "end": 1.68,
          "confidence": 0.928
        },
        {
          "text": "बाद",
          "start": 1.68,
          "end": 1.86,
          "confidence": 0.924
        },
        {
          "text": "भी",
          "start": 1.86,
          "end": 2.44,
          "confidence": 0.979
        },
        {
          "text": "आंगनबाड़ी",
          "start": 2.44,
          "end": 4.06,
          "confidence": 0.83
        },
        {
          "text": "केंद्रों",
          "start": 4.06,
          "end": 4.56,
          "confidence": 0.932
        },
        {
          "text": "में",
          "start": 4.56,
          "end": 4.66,
          "confidence": 0.839
        },
        {
          "text": "झारखण्ड",
          "start": 4.66,
          "end": 7.86,
          "confidence": 0.789
        },
        {
          "text": "मोबाइल",
          "start": 7.86,
          "end": 9.34,
          "confidence": 0.948
        },
        {
          "text": "वाणी",
          "start": 9.34,
          "end": 9.46,
          "confidence": 0.979
        },
        {
          "text": "के",
          "start": 9.46,
          "end": 9.9,
          "confidence": 0.863
        },
        {
          "text": "माध्यम",
          "start": 9.9,
          "end": 9.94,
          "confidence": 0.982
        },
        {
          "text": "ऐसी",
          "start": 9.94,
          "end": 10.1,
          "confidence": 0.946
        }
      ]
    }
  ],
  "language": "hi"
}