{
  "text": "झारखण्ड के नैनीतिक किसान निहार रहे ऊपर अपमान",
  "segments": [
    {
      "id": 0,
      "seek": 0,
      "start": 0.0,
      "end": 3.82,
      "text": "झारखण्ड के नैनीतिक किसान निहार रहे ऊपर अपमान",
      "tokens": [
        50364,
        3941,
        251,
        17937,
        25411,
        3941,
        244,
        3941,
        96,
        27099,
        3941,
        94,
        31970,
        21981,
        8485,
        101,
        43372,
        35082,
        31881,
        36158,
        33279,
        41858,
        31970,
        33279,
        45938,
        17937,
        35082,
        8485,
        101,
        33279,
        44500,
        17937,
        25411,
        8485,
        108,
        44500,
        21981,
        8485,
        232,
        3941,
        103,
        25411,
        8485,
        227,
        3941,
        103,
        48521,
        17937,
        35082
      ],
      "temperature": 0.0,
      "avg_logprob": -0.1270991611480713,
      "compression_ratio": 1.372093023255814,
      "no_speech_prob": 1.0892156314601271e-17,
      "confidence": 0.913,
      "words": [
        {
          "text": "झारखण्ड",
          "start": 0.0,
          "end": 0.82,
          "confidence": 0.995
        },
        {
          "text": "के",
          "start": 0.82,
          "end": 1.08,
          "confidence": 0.944
        },
        {
          "text": "नैनीतिक",
          "start": 1.08,
          "end": 1.62,
          "confidence": 0.775
        },
        {
          "text": "किसान",
          "start": 1.62,
          "end": 2.04,
          "confidence": 0.971
        },
        {
          "text": "निहार",
          "start": 2.04,
          "end": 2.7,
          "confidence": 0.883
        },
        {
          "text": "रहे",
          "start": 2.7,
          "end": 2.92,
          "confidence": 0.98
        },
        {
          "text": "ऊपर",
          "start": 2.92,
          "end": 3.18,
          "confidence": 0.947
        },
        {
          "text": "अपमान",
          "start": 3.18,
          "end": 3.82,
          "confidence": 0.878
        }
      ]
    }
  ],
  "language": "hi"
}