{
  "text": "यह कौन न सुने यही है मेरी कहानी कुछ लिखे कुछ जुबानी यही है मेरी कहानी थोड़ी सी जानी है थोड़ी सी नई",
  "segments": [
    {
      "id": 0,
      "seek": 0,
      "start": 0.0,
      "end": 11.08,
      "text": "यह कौन न सुने यही है मेरी कहानी कुछ लिखे कुछ जुबानी यही है मेरी कहानी थोड़ी सी जानी है थोड़ी सी नई",
      "tokens": [
        50364,
        48268,
        44500,
        31970,
        8703,
        234,
        35082,
        8485,
        101,
        49316,
        8703,
        223,
        35082,
        21981,
        8485,
        107,
        44500,
        31881,
        37139,
        43372,
        48449,
        21981,
        25411,
        31881,
        31970,
        44500,
        17937,
        35082,
        31881,
        31970,
        8703,
        223,
        3941,
        249,
        8485,
        110,
        33279,
        3941,
        244,
        21981,
        31970,
        8703,
        223,
        3941,
        249,
        8485,
        250,
        8703,
        223,
        3941,
        105,
        17937,
        35082,
        31881,
        8485,
        107,
        44500,
        31881,
        37139,
        43372,
        48449,
        21981,
        25411,
        31881,
        31970,
        44500,
        17937,
        35082,
        31881,
        8485,
        98,
        33926,
        8703,
        250,
        31881,
        49316,
        31881,
        8485,
        250,
        17937,
        35082,
        31881,
        37139,
        43372,
        8485,
        98,
        33926,
        8703,
        250,
        31881,
        49316,
        31881,
        8485,
        101,
        3941,
        230
      ],
      "temperature": 0.0,
      "avg_logprob": -0.09853137891317151,
      "compression_ratio": 2.259259259259259,
      "no_speech_prob": 2.02428565946263e-17,
      "confidence": 0.928,
      "words": [
        {
          "text": "यह",
          "start": 0.0,
          "end": 0.86,
          "confidence": 0.684
        },
        {
          "text": "कौन",
          "start": 0.86,
          "end": 1.02,
          "confidence": 0.703
        },
        {
          "text": "न",
          "start": 1.02,
          "end": 1.06,
          "confidence": 0.572
        },
        {
          "text": "सुने",
          "start": 1.06,
          "end": 1.44,
          "confidence": 0.958
        },
        {
          "text": "यही",
          "start": 1.44,
          "end": 2.28,
          "confidence": 0.939
        },
        {
          "text": "है",
          "start": 2.28,
          "end": 2.58,
          "confidence": 0.886
        },
        {
          "text": "मेरी",
          "start": 2.58,
          "end": 2.8,
          "confidence": 0.94
        },
        {
          "text": "कहानी",
          "start": 2.8,
          "end": 3.44,
          "confidence": 0.991
        },
        {
          "text": "कुछ",
          "start": 3.44,
          "end": 4.22,
          "confidence": 0.992
        },
        {
          "text": "लिखे",
          "start": 4.22,
          "end": 4.7,
          "confidence": 0.986
        },
        {
          "text": "कुछ",
          "start": 4.7,
          "end": 5.38,
          "confidence": 0.963
        },
        {
          "text": "जुबानी",
          "start": 5.38,
          "end": 6.08,
          "confidence": 0.942
        },
        {
          "text": "यही",
          "start": 6.08,
          "end": 6.36,
          "confidence": 0.992
        },
        {
          "text": "है",
          "start": 6.36,
          "end": 6.66,
          "confidence": 0.994
        },
        {
          "text": "मेरी",
          "start": 6.66,
          "end": 6.92,
          "confidence": 0.996
        },
        {
          "text": "कहानी",
          "start": 6.92,
          "end": 7.8,
          "confidence": 0.998
        },
        {
          "text": "थोड़ी",
          "start": 7.8,
          "end": 8.28,
          "confidence": 0.969
        },
        {
          "text": "सी",
          "start": 8.28,
          "end": 8.46,
          "confidence": 0.818
        },
        {
          "text": "जानी",
          "start": 8.46,
          "end": 8.9,
          "confidence": 0.892
        },
        {
          "text": "है",
          "start": 8.9,
          "end": 9.04,
          "confidence": 0.919
        },
        {
          "text": "थोड़ी",
          "start": 9.04,
          "end": 10.04,
          "confidence": 0.975
        },
        {
          "text": "सी",
          "start": 10.04,
          "end": 10.34,
          "confidence": 0.991
        },
        {
          "text": "नई",
          "start": 10.34,
          "end": 11.08,
          "confidence": 0.91
        }
      ]
    }
  ],
  "language": "hi"
}