{
  "text": "इसका मुख्या उद्देश्य है की बहते हुए लोग है उसका दादर शिक्षा ही नहीं वैसे युवा अक्सर ऐसा करते है",
  "segments": [
    {
      "id": 0,
      "seek": 0,
      "start": 0.0,
      "end": 10.3,
      "text": "इसका मुख्या उद्देश्य है की बहते हुए लोग है उसका दादर शिक्षा ही नहीं वैसे युवा अक्सर ऐसा करते है",
      "tokens": [
        50364,
        3941,
        229,
        45938,
        41858,
        17937,
        48449,
        8703,
        223,
        3941,
        244,
        27099,
        48268,
        17937,
        8485,
        231,
        3941,
        99,
        27099,
        3941,
        99,
        21981,
        3941,
        114,
        27099,
        48268,
        37139,
        43372,
        31970,
        31881,
        8485,
        105,
        44500,
        36158,
        21981,
        37139,
        8703,
        223,
        3941,
        237,
        8485,
        110,
        33926,
        3941,
        245,
        37139,
        43372,
        8485,
        231,
        45938,
        41858,
        17937,
        8485,
        99,
        17937,
        3941,
        99,
        25411,
        8485,
        114,
        33279,
        41858,
        27099,
        3941,
        115,
        17937,
        37139,
        31881,
        8485,
        101,
        44500,
        31881,
        31945,
        8485,
        113,
        43372,
        45938,
        21981,
        8485,
        107,
        8703,
        223,
        3941,
        113,
        17937,
        8485,
        227,
        41858,
        27099,
        45938,
        25411,
        8485,
        238,
        45938,
        17937,
        31970,
        25411,
        36158,
        21981,
        37139,
        43372
      ],
      "temperature": 0.0,
      "avg_logprob": -0.1672842549342735,
      "compression_ratio": 1.789855072463768,
      "no_speech_prob": 1.3264047090260324e-17,
      "confidence": 0.866,
      "words": [
        {
          "text": "इसका",
          "start": 0.0,
          "end": 0.58,
          "confidence": 0.947
        },
        {
          "text": "मुख्या",
          "start": 0.58,
          "end": 1.16,
          "confidence": 0.9
        },
        {
          "text": "उद्देश्य",
          "start": 1.16,
          "end": 1.18,
          "confidence": 0.971
        },
        {
          "text": "है",
          "start": 1.18,
          "end": 2.12,
          "confidence": 0.949
        },
        {
          "text": "की",
          "start": 2.12,
          "end": 2.42,
          "confidence": 0.699
        },
        {
          "text": "बहते",
          "start": 2.42,
          "end": 3.4,
          "confidence": 0.778
        },
        {
          "text": "हुए",
          "start": 3.4,
          "end": 3.58,
          "confidence": 0.846
        },
        {
          "text": "लोग",
          "start": 3.58,
          "end": 3.7,
          "confidence": 0.99
        },
        {
          "text": "है",
          "start": 3.7,
          "end": 4.58,
          "confidence": 0.979
        },
        {
          "text": "उसका",
          "start": 4.58,
          "end": 5.02,
          "confidence": 0.822
        },
        {
          "text": "दादर",
          "start": 5.02,
          "end": 6.26,
          "confidence": 0.542
        },
        {
          "text": "शिक्षा",
          "start": 6.26,
          "end": 6.68,
          "confidence": 0.732
        },
        {
          "text": "ही",
          "start": 6.68,
          "end": 6.98,
          "confidence": 0.905
        },
        {
          "text": "नहीं",
          "start": 6.98,
          "end": 7.94,
          "confidence": 0.96
        },
        {
          "text": "वैसे",
          "start": 7.94,
          "end": 8.46,
          "confidence": 0.76
        },
        {
          "text": "युवा",
          "start": 8.46,
          "end": 8.88,
          "confidence": 0.989
        },
        {
          "text": "अक्सर",
          "start": 8.88,
          "end": 9.3,
          "confidence": 0.946
        },
        {
          "text": "ऐसा",
          "start": 9.3,
          "end": 9.66,
          "confidence": 0.876
        },
        {
          "text": "करते",
          "start": 9.66,
          "end": 9.98,
          "confidence": 0.991
        },
        {
          "text": "है",
          "start": 9.98,
          "end": 10.3,
          "confidence": 0.996
        }
      ]
    }
  ],
  "language": "hi"
}