{
  "text": "बात नहीं है हमें यहाँ ऐसी शीघ्र जाना होगा जरीपुरी के बारे में तो गुरु जी ने कुछ बताया ही नहीं था उन्होंने",
  "segments": [
    {
      "id": 0,
      "seek": 0,
      "start": 0.0,
      "end": 10.26,
      "text": "बात नहीं है हमें यहाँ ऐसी शीघ्र जाना होगा जरीपुरी के बारे में तो गुरु जी ने कुछ बताया ही नहीं था उन्होंने",
      "tokens": [
        50364,
        3941,
        105,
        17937,
        36158,
        8485,
        101,
        44500,
        31881,
        31945,
        37139,
        43372,
        37139,
        48521,
        21981,
        31945,
        8485,
        107,
        44500,
        17937,
        3941,
        223,
        8485,
        238,
        45938,
        31881,
        8485,
        114,
        31881,
        3941,
        246,
        27099,
        25411,
        8485,
        250,
        17937,
        35082,
        17937,
        37139,
        33926,
        3941,
        245,
        17937,
        8485,
        250,
        25411,
        31881,
        3941,
        103,
        8703,
        223,
        25411,
        31881,
        31970,
        21981,
        8485,
        105,
        17937,
        25411,
        21981,
        48449,
        21981,
        31945,
        8485,
        97,
        33926,
        8485,
        245,
        8703,
        223,
        25411,
        8703,
        223,
        8485,
        250,
        31881,
        8485,
        101,
        21981,
        31970,
        8703,
        223,
        3941,
        249,
        8485,
        105,
        36158,
        17937,
        48268,
        17937,
        37139,
        31881,
        8485,
        101,
        44500,
        31881,
        31945,
        8485,
        98,
        17937,
        8485,
        231,
        35082,
        27099,
        44500,
        33926,
        31945,
        35082,
        21981
      ],
      "temperature": 0.0,
      "avg_logprob": -0.09387496601451527,
      "compression_ratio": 1.908450704225352,
      "no_speech_prob": 1.6176936092765493e-12,
      "confidence": 0.934,
      "words": [
        {
          "text": "बात",
          "start": 0.0,
          "end": 0.86,
          "confidence": 0.979
        },
        {
          "text": "नहीं",
          "start": 0.86,
          "end": 1.0,
          "confidence": 0.961
        },
        {
          "text": "है",
          "start": 1.0,
          "end": 1.76,
          "confidence": 0.98
        },
        {
          "text": "हमें",
          "start": 1.76,
          "end": 2.3,
          "confidence": 0.803
        },
        {
          "text": "यहाँ",
          "start": 2.3,
          "end": 2.56,
          "confidence": 0.996
        },
        {
          "text": "ऐसी",
          "start": 2.56,
          "end": 3.18,
          "confidence": 0.961
        },
        {
          "text": "शीघ्र",
          "start": 3.18,
          "end": 3.52,
          "confidence": 0.908
        },
        {
          "text": "जाना",
          "start": 3.52,
          "end": 3.86,
          "confidence": 0.989
        },
        {
          "text": "होगा",
          "start": 3.86,
          "end": 4.24,
          "confidence": 0.996
        },
        {
          "text": "जरीपुरी",
          "start": 4.24,
          "end": 5.74,
          "confidence": 0.686
        },
        {
          "text": "के",
          "start": 5.74,
          "end": 6.48,
          "confidence": 0.947
        },
        {
          "text": "बारे",
          "start": 6.48,
          "end": 6.76,
          "confidence": 0.995
        },
        {
          "text": "में",
          "start": 6.76,
          "end": 6.96,
          "confidence": 0.965
        },
        {
          "text": "तो",
          "start": 6.96,
          "end": 7.0,
          "confidence": 0.981
        },
        {
          "text": "गुरु",
          "start": 7.0,
          "end": 7.32,
          "confidence": 0.933
        },
        {
          "text": "जी",
          "start": 7.32,
          "end": 7.5,
          "confidence": 0.871
        },
        {
          "text": "ने",
          "start": 7.5,
          "end": 7.7,
          "confidence": 0.989
        },
        {
          "text": "कुछ",
          "start": 7.7,
          "end": 8.0,
          "confidence": 0.997
        },
        {
          "text": "बताया",
          "start": 8.0,
          "end": 8.64,
          "confidence": 0.994
        },
        {
          "text": "ही",
          "start": 8.64,
          "end": 8.82,
          "confidence": 0.959
        },
        {
          "text": "नहीं",
          "start": 8.82,
          "end": 8.98,
          "confidence": 0.98
        },
        {
          "text": "था",
          "start": 8.98,
          "end": 9.56,
          "confidence": 0.995
        },
        {
          "text": "उन्होंने",
          "start": 9.56,
          "end": 10.26,
          "confidence": 0.995
        }
      ]
    }
  ],
  "language": "hi"
}