{
  "text": "चंद्रमंदी ऐसी मई जय कुमार शुक्ला छताई देवघर मुख्या मार्ग आरोप चंद्रमंदी थाना अंतर्गत गोपीदी मोड़ के समीप मंगलवार आठ बजे एक ट्रक की",
  "segments": [
    {
      "id": 0,
      "seek": 0,
      "start": 0.0,
      "end": 11.68,
      "text": "चंद्रमंदी ऐसी मई जय कुमार शुक्ला छताई देवघर मुख्या मार्ग आरोप चंद्रमंदी थाना अंतर्गत गोपीदी मोड़ के समीप मंगलवार आठ बजे एक ट्रक की",
      "tokens": [
        50364,
        3941,
        248,
        31945,
        3941,
        99,
        27099,
        25411,
        48521,
        31945,
        3941,
        99,
        31881,
        8485,
        238,
        45938,
        31881,
        48449,
        3941,
        230,
        8485,
        250,
        48268,
        31970,
        8703,
        223,
        48521,
        17937,
        25411,
        8485,
        114,
        8703,
        223,
        41858,
        27099,
        46758,
        17937,
        8485,
        249,
        36158,
        17937,
        3941,
        230,
        8485,
        99,
        21981,
        3941,
        113,
        3941,
        246,
        25411,
        48449,
        8703,
        223,
        3941,
        244,
        27099,
        48268,
        17937,
        48449,
        17937,
        25411,
        27099,
        3941,
        245,
        8485,
        228,
        25411,
        33926,
        3941,
        103,
        8485,
        248,
        31945,
        3941,
        99,
        27099,
        25411,
        48521,
        31945,
        3941,
        99,
        31881,
        8485,
        98,
        17937,
        35082,
        17937,
        8485,
        227,
        31945,
        36158,
        25411,
        27099,
        3941,
        245,
        36158,
        8485,
        245,
        33926,
        3941,
        103,
        31881,
        3941,
        99,
        31881,
        48449,
        33926,
        8703,
        250,
        31970,
        21981,
        49316,
        48521,
        31881,
        3941,
        103,
        48449,
        31945,
        3941,
        245,
        46758,
        3941,
        113,
        17937,
        25411,
        8485,
        228,
        3941,
        254,
        8485,
        105,
        3941,
        250,
        21981,
        8485,
        237,
        41858,
        8485,
        253,
        27099,
        25411,
        41858,
        31970,
        31881
      ],
      "temperature": 0.0,
      "avg_logprob": -0.10667025553037042,
      "compression_ratio": 2.0297619047619047,
      "no_speech_prob": 4.89592327996332e-14,
      "confidence": 0.91,
      "words": [
        {
          "text": "चंद्रमंदी",
          "start": 0.0,
          "end": 0.64,
          "confidence": 0.88
        },
        {
          "text": "ऐसी",
          "start": 0.64,
          "end": 0.92,
          "confidence": 0.973
        },
        {
          "text": "मई",
          "start": 0.92,
          "end": 1.1,
          "confidence": 0.805
        },
        {
          "text": "जय",
          "start": 1.1,
          "end": 1.52,
          "confidence": 0.787
        },
        {
          "text": "कुमार",
          "start": 1.52,
          "end": 1.76,
          "confidence": 0.975
        },
        {
          "text": "शुक्ला",
          "start": 1.76,
          "end": 2.16,
          "confidence": 0.983
        },
        {
          "text": "छताई",
          "start": 2.16,
          "end": 2.78,
          "confidence": 0.749
        },
        {
          "text": "देवघर",
          "start": 2.78,
          "end": 3.24,
          "confidence": 0.764
        },
        {
          "text": "मुख्या",
          "start": 3.24,
          "end": 3.54,
          "confidence": 0.955
        },
        {
          "text": "मार्ग",
          "start": 3.54,
          "end": 3.86,
          "confidence": 0.979
        },
        {
          "text": "आरोप",
          "start": 3.86,
          "end": 4.14,
          "confidence": 0.974
        },
        {
          "text": "चंद्रमंदी",
          "start": 4.14,
          "end": 4.66,
          "confidence": 0.975
        },
        {
          "text": "थाना",
          "start": 4.66,
          "end": 5.02,
          "confidence": 0.981
        },
        {
          "text": "अंतर्गत",
          "start": 5.02,
          "end": 5.58,
          "confidence": 0.968
        },
        {
          "text": "गोपीदी",
          "start": 5.58,
          "end": 6.68,
          "confidence": 0.756
        },
        {
          "text": "मोड़",
          "start": 6.68,
          "end": 8.2,
          "confidence": 0.861
        },
        {
          "text": "के",
          "start": 8.2,
          "end": 8.66,
          "confidence": 0.922
        },
        {
          "text": "समीप",
          "start": 8.66,
          "end": 8.92,
          "confidence": 0.971
        },
        {
          "text": "मंगलवार",
          "start": 8.92,
          "end": 9.8,
          "confidence": 0.948
        },
        {
          "text": "आठ",
          "start": 9.8,
          "end": 10.18,
          "confidence": 0.986
        },
        {
          "text": "बजे",
          "start": 10.18,
          "end": 10.46,
          "confidence": 0.996
        },
        {
          "text": "एक",
          "start": 10.46,
          "end": 11.28,
          "confidence": 0.88
        },
        {
          "text": "ट्रक",
          "start": 11.28,
          "end": 11.44,
          "confidence": 0.937
        },
        {
          "text": "की",
          "start": 11.44,
          "end": 11.68,
          "confidence": 0.834
        }
      ]
    }
  ],
  "language": "hi"
}