{
  "text": "मई रणदीप गाँधी भारत प्रकाश ऐसी धन्यवाद",
  "segments": [
    {
      "id": 0,
      "seek": 0,
      "start": 0.0,
      "end": 4.18,
      "text": "मई रणदीप गाँधी भारत प्रकाश ऐसी धन्यवाद",
      "tokens": [
        50364,
        48521,
        3941,
        230,
        8485,
        108,
        3941,
        96,
        3941,
        99,
        31881,
        3941,
        103,
        8485,
        245,
        17937,
        3941,
        223,
        3941,
        100,
        31881,
        8485,
        255,
        17937,
        25411,
        36158,
        8485,
        103,
        27099,
        25411,
        41858,
        17937,
        3941,
        114,
        8485,
        238,
        45938,
        31881,
        8485,
        100,
        35082,
        27099,
        48268,
        3941,
        113,
        17937,
        3941,
        99
      ],
      "temperature": 0.0,
      "avg_logprob": -0.23898461400246135,
      "compression_ratio": 1.275,
      "no_speech_prob": 9.992676716467919e-14,
      "confidence": 0.815,
      "words": [
        {
          "text": "मई",
          "start": 0.0,
          "end": 1.04,
          "confidence": 0.575
        },
        {
          "text": "रणदीप",
          "start": 1.04,
          "end": 2.0,
          "confidence": 0.879
        },
        {
          "text": "गाँधी",
          "start": 2.0,
          "end": 2.14,
          "confidence": 0.691
        },
        {
          "text": "भारत",
          "start": 2.14,
          "end": 3.12,
          "confidence": 0.822
        },
        {
          "text": "प्रकाश",
          "start": 3.12,
          "end": 3.16,
          "confidence": 0.732
        },
        {
          "text": "ऐसी",
          "start": 3.16,
          "end": 3.42,
          "confidence": 0.943
        },
        {
          "text": "धन्यवाद",
          "start": 3.42,
          "end": 4.18,
          "confidence": 0.985
        }
      ]
    }
  ],
  "language": "hi"
}