{
  "text": "नाले जम है जिससे निकालना दंडा पानी सडको आरोप जमा है इसकी सफाई लेकर किसी प्रकार की कयाबत होती भी नहीं दिखती है",
  "segments": [
    {
      "id": 0,
      "seek": 0,
      "start": 0.0,
      "end": 8.22,
      "text": "नाले जम है जिससे निकालना दंडा पानी सडको आरोप जमा है इसकी सफाई लेकर किसी प्रकार की कयाबत होती भी नहीं दिखती है",
      "tokens": [
        50364,
        35082,
        17937,
        46758,
        21981,
        8485,
        250,
        48521,
        37139,
        43372,
        8485,
        250,
        33279,
        45938,
        45938,
        21981,
        8485,
        101,
        33279,
        41858,
        17937,
        46758,
        35082,
        17937,
        8485,
        99,
        31945,
        3941,
        94,
        17937,
        8485,
        103,
        17937,
        35082,
        31881,
        49316,
        3941,
        94,
        41858,
        33926,
        8485,
        228,
        25411,
        33926,
        3941,
        103,
        8485,
        250,
        48521,
        17937,
        37139,
        43372,
        8485,
        229,
        45938,
        41858,
        31881,
        49316,
        3941,
        104,
        17937,
        3941,
        230,
        8485,
        110,
        21981,
        41858,
        25411,
        31970,
        33279,
        45938,
        31881,
        8485,
        103,
        27099,
        25411,
        41858,
        17937,
        25411,
        31970,
        31881,
        31970,
        48268,
        17937,
        3941,
        105,
        36158,
        37139,
        33926,
        36158,
        31881,
        8485,
        255,
        31881,
        8485,
        101,
        44500,
        31881,
        31945,
        8485,
        99,
        33279,
        3941,
        244,
        36158,
        31881,
        37139,
        43372
      ],
      "temperature": 0.0,
      "avg_logprob": -0.10222931083189238,
      "compression_ratio": 1.9383561643835616,
      "no_speech_prob": 2.7801840555207943e-15,
      "confidence": 0.919,
      "words": [
        {
          "text": "नाले",
          "start": 0.0,
          "end": 0.72,
          "confidence": 0.906
        },
        {
          "text": "जम",
          "start": 0.72,
          "end": 0.84,
          "confidence": 0.838
        },
        {
          "text": "है",
          "start": 0.84,
          "end": 1.06,
          "confidence": 0.94
        },
        {
          "text": "जिससे",
          "start": 1.06,
          "end": 1.38,
          "confidence": 0.834
        },
        {
          "text": "निकालना",
          "start": 1.38,
          "end": 2.2,
          "confidence": 0.965
        },
        {
          "text": "दंडा",
          "start": 2.2,
          "end": 2.76,
          "confidence": 0.825
        },
        {
          "text": "पानी",
          "start": 2.76,
          "end": 3.0,
          "confidence": 0.858
        },
        {
          "text": "सडको",
          "start": 3.0,
          "end": 3.38,
          "confidence": 0.97
        },
        {
          "text": "आरोप",
          "start": 3.38,
          "end": 3.6,
          "confidence": 0.828
        },
        {
          "text": "जमा",
          "start": 3.6,
          "end": 3.92,
          "confidence": 0.971
        },
        {
          "text": "है",
          "start": 3.92,
          "end": 4.14,
          "confidence": 0.983
        },
        {
          "text": "इसकी",
          "start": 4.14,
          "end": 4.34,
          "confidence": 0.919
        },
        {
          "text": "सफाई",
          "start": 4.34,
          "end": 4.86,
          "confidence": 0.991
        },
        {
          "text": "लेकर",
          "start": 4.86,
          "end": 5.22,
          "confidence": 0.978
        },
        {
          "text": "किसी",
          "start": 5.22,
          "end": 5.56,
          "confidence": 0.987
        },
        {
          "text": "प्रकार",
          "start": 5.56,
          "end": 5.92,
          "confidence": 0.99
        },
        {
          "text": "की",
          "start": 5.92,
          "end": 6.16,
          "confidence": 0.98
        },
        {
          "text": "कयाबत",
          "start": 6.16,
          "end": 6.64,
          "confidence": 0.821
        },
        {
          "text": "होती",
          "start": 6.64,
          "end": 7.06,
          "confidence": 0.9
        },
        {
          "text": "भी",
          "start": 7.06,
          "end": 7.28,
          "confidence": 0.908
        },
        {
          "text": "नहीं",
          "start": 7.28,
          "end": 7.88,
          "confidence": 0.954
        },
        {
          "text": "दिखती",
          "start": 7.88,
          "end": 7.94,
          "confidence": 0.955
        },
        {
          "text": "है",
          "start": 7.94,
          "end": 8.22,
          "confidence": 0.997
        }
      ]
    }
  ],
  "language": "hi"
}