{
  "text": "दवाई उपलब्ध हो परन्तु स्वास्थ्य विभाग ने छोड़ कोई कदम नहीं उठाये है न ही उस स्वास्थ्य केंद्र में दवा डॉक्टर न उपलब्ध रहती है मैं झारखण्ड सरकार के स्वास्थ्य विभाग ऐसी आग्रह करता हूँ की",
  "segments": [
    {
      "id": 0,
      "seek": 0,
      "start": 0.0,
      "end": 12.92,
      "text": "दवाई उपलब्ध हो परन्तु स्वास्थ्य विभाग ने छोड़ कोई कदम नहीं उठाये है न ही उस स्वास्थ्य केंद्र में दवा डॉक्टर न उपलब्ध रहती है मैं झारखण्ड सरकार के स्वास्थ्य विभाग ऐसी आग्रह करता हूँ की",
      "tokens": [
        50364,
        3941,
        99,
        3941,
        113,
        17937,
        3941,
        230,
        8485,
        231,
        3941,
        103,
        46758,
        3941,
        105,
        27099,
        3941,
        100,
        37139,
        33926,
        8485,
        103,
        25411,
        35082,
        27099,
        36158,
        8703,
        223,
        49316,
        27099,
        3941,
        113,
        17937,
        45938,
        27099,
        3941,
        98,
        27099,
        48268,
        8485,
        113,
        33279,
        3941,
        255,
        17937,
        3941,
        245,
        8485,
        101,
        21981,
        8485,
        249,
        33926,
        8703,
        250,
        31970,
        33926,
        3941,
        230,
        31970,
        3941,
        99,
        48521,
        8485,
        101,
        44500,
        31881,
        31945,
        8485,
        231,
        3941,
        254,
        17937,
        48268,
        21981,
        37139,
        43372,
        8485,
        101,
        37139,
        31881,
        8485,
        231,
        45938,
        49316,
        27099,
        3941,
        113,
        17937,
        45938,
        27099,
        3941,
        98,
        27099,
        48268,
        31970,
        21981,
        31945,
        3941,
        99,
        27099,
        25411,
        48449,
        21981,
        31945,
        8485,
        99,
        3941,
        113,
        17937,
        8485,
        94,
        8703,
        231,
        41858,
        27099,
        3941,
        253,
        25411,
        8485,
        101,
        8485,
        231,
        3941,
        103,
        46758,
        3941,
        105,
        27099,
        3941,
        100,
        8485,
        108,
        44500,
        36158,
        31881,
        37139,
        43372,
        48449,
        43372,
        31945,
        8485,
        251,
        17937,
        25411,
        3941,
        244,
        3941,
        96,
        27099,
        3941,
        94,
        49316,
        25411,
        41858,
        17937,
        25411,
        31970,
        21981,
        49316,
        27099,
        3941,
        113,
        17937,
        45938,
        27099,
        3941,
        98,
        27099,
        48268,
        8485,
        113,
        33279,
        3941,
        255,
        17937,
        3941,
        245,
        8485,
        238,
        45938,
        31881,
        8485,
        228,
        3941,
        245,
        27099,
        25411,
        44500,
        31970,
        25411,
        36158,
        17937,
        37139,
        8703,
        224,
        3941,
        223,
        31970,
        31881
      ],
      "temperature": 0.0,
      "avg_logprob": -0.07626306714110113,
      "compression_ratio": 2.2884615384615383,
      "no_speech_prob": 8.837944482156801e-13,
      "confidence": 0.936,
      "words": [
        {
          "text": "दवाई",
          "start": 0.0,
          "end": 0.72,
          "confidence": 0.821
        },
        {
          "text": "उपलब्ध",
          "start": 0.72,
          "end": 1.26,
          "confidence": 0.992
        },
        {
          "text": "हो",
          "start": 1.26,
          "end": 1.6,
          "confidence": 0.93
        },
        {
          "text": "परन्तु",
          "start": 1.6,
          "end": 2.08,
          "confidence": 0.975
        },
        {
          "text": "स्वास्थ्य",
          "start": 2.08,
          "end": 2.6,
          "confidence": 0.967
        },
        {
          "text": "विभाग",
          "start": 2.6,
          "end": 2.84,
          "confidence": 0.994
        },
        {
          "text": "ने",
          "start": 2.84,
          "end": 3.08,
          "confidence": 0.86
        },
        {
          "text": "छोड़",
          "start": 3.08,
          "end": 3.42,
          "confidence": 0.656
        },
        {
          "text": "कोई",
          "start": 3.42,
          "end": 3.7,
          "confidence": 0.972
        },
        {
          "text": "कदम",
          "start": 3.7,
          "end": 4.02,
          "confidence": 0.991
        },
        {
          "text": "नहीं",
          "start": 4.02,
          "end": 4.64,
          "confidence": 0.948
        },
        {
          "text": "उठाये",
          "start": 4.64,
          "end": 4.86,
          "confidence": 0.893
        },
        {
          "text": "है",
          "start": 4.86,
          "end": 5.04,
          "confidence": 0.873
        },
        {
          "text": "न",
          "start": 5.04,
          "end": 5.24,
          "confidence": 0.83
        },
        {
          "text": "ही",
          "start": 5.24,
          "end": 5.42,
          "confidence": 0.827
        },
        {
          "text": "उस",
          "start": 5.42,
          "end": 5.96,
          "confidence": 0.836
        },
        {
          "text": "स्वास्थ्य",
          "start": 5.96,
          "end": 6.26,
          "confidence": 0.972
        },
        {
          "text": "केंद्र",
          "start": 6.26,
          "end": 6.36,
          "confidence": 0.994
        },
        {
          "text": "में",
          "start": 6.36,
          "end": 6.6,
          "confidence": 0.967
        },
        {
          "text": "दवा",
          "start": 6.6,
          "end": 7.14,
          "confidence": 0.979
        },
        {
          "text": "डॉक्टर",
          "start": 7.14,
          "end": 7.68,
          "confidence": 0.992
        },
        {
          "text": "न",
          "start": 7.68,
          "end": 8.04,
          "confidence": 0.804
        },
        {
          "text": "उपलब्ध",
          "start": 8.04,
          "end": 9.02,
          "confidence": 0.84
        },
        {
          "text": "रहती",
          "start": 9.02,
          "end": 9.36,
          "confidence": 0.939
        },
        {
          "text": "है",
          "start": 9.36,
          "end": 9.56,
          "confidence": 0.985
        },
        {
          "text": "मैं",
          "start": 9.56,
          "end": 9.82,
          "confidence": 0.734
        },
        {
          "text": "झारखण्ड",
          "start": 9.82,
          "end": 10.34,
          "confidence": 0.994
        },
        {
          "text": "सरकार",
          "start": 10.34,
          "end": 10.74,
          "confidence": 0.97
        },
        {
          "text": "के",
          "start": 10.74,
          "end": 10.96,
          "confidence": 0.82
        },
        {
          "text": "स्वास्थ्य",
          "start": 10.96,
          "end": 11.34,
          "confidence": 0.99
        },
        {
          "text": "विभाग",
          "start": 11.34,
          "end": 11.56,
          "confidence": 0.998
        },
        {
          "text": "ऐसी",
          "start": 11.56,
          "end": 11.82,
          "confidence": 0.906
        },
        {
          "text": "आग्रह",
          "start": 11.82,
          "end": 12.24,
          "confidence": 0.989
        },
        {
          "text": "करता",
          "start": 12.24,
          "end": 12.52,
          "confidence": 0.997
        },
        {
          "text": "हूँ",
          "start": 12.52,
          "end": 12.78,
          "confidence": 0.997
        },
        {
          "text": "की",
          "start": 12.78,
          "end": 12.92,
          "confidence": 0.915
        }
      ]
    }
  ],
  "language": "hi"
}