{
  "text": "झारखण्ड वाणी के माध्यम ऐसी इसके लिए मैं झारखण्ड वाणी को कोटि कोटि नमन करता हूँ और आशा करता हूँ की",
  "segments": [
    {
      "id": 0,
      "seek": 0,
      "start": 0.0,
      "end": 6.78,
      "text": "झारखण्ड वाणी के माध्यम ऐसी इसके लिए मैं झारखण्ड वाणी को कोटि कोटि नमन करता हूँ और आशा करता हूँ की",
      "tokens": [
        50364,
        3941,
        251,
        17937,
        25411,
        3941,
        244,
        3941,
        96,
        27099,
        3941,
        94,
        8485,
        113,
        17937,
        3941,
        96,
        31881,
        31970,
        21981,
        48449,
        17937,
        3941,
        100,
        27099,
        48268,
        48521,
        8485,
        238,
        45938,
        31881,
        8485,
        229,
        45938,
        41858,
        21981,
        8485,
        110,
        33279,
        3941,
        237,
        48449,
        43372,
        31945,
        8485,
        251,
        17937,
        25411,
        3941,
        244,
        3941,
        96,
        27099,
        3941,
        94,
        8485,
        113,
        17937,
        3941,
        96,
        31881,
        31970,
        33926,
        31970,
        33926,
        3941,
        253,
        33279,
        31970,
        33926,
        3941,
        253,
        33279,
        8485,
        101,
        48521,
        35082,
        31970,
        25411,
        36158,
        17937,
        37139,
        8703,
        224,
        3941,
        223,
        8485,
        242,
        25411,
        8485,
        228,
        3941,
        114,
        17937,
        31970,
        25411,
        36158,
        17937,
        37139,
        8703,
        224,
        3941,
        223,
        31970,
        31881
      ],
      "temperature": 0.0,
      "avg_logprob": -0.06436212557666707,
      "compression_ratio": 1.9763779527559056,
      "no_speech_prob": 2.5871272897430575e-13,
      "confidence": 0.955,
      "words": [
        {
          "text": "झारखण्ड",
          "start": 0.0,
          "end": 0.92,
          "confidence": 0.914
        },
        {
          "text": "वाणी",
          "start": 0.92,
          "end": 1.04,
          "confidence": 0.982
        },
        {
          "text": "के",
          "start": 1.04,
          "end": 1.4,
          "confidence": 0.975
        },
        {
          "text": "माध्यम",
          "start": 1.4,
          "end": 1.58,
          "confidence": 0.996
        },
        {
          "text": "ऐसी",
          "start": 1.58,
          "end": 1.96,
          "confidence": 0.956
        },
        {
          "text": "इसके",
          "start": 1.96,
          "end": 3.12,
          "confidence": 0.955
        },
        {
          "text": "लिए",
          "start": 3.12,
          "end": 3.14,
          "confidence": 0.986
        },
        {
          "text": "मैं",
          "start": 3.14,
          "end": 3.3,
          "confidence": 0.723
        },
        {
          "text": "झारखण्ड",
          "start": 3.3,
          "end": 3.78,
          "confidence": 0.992
        },
        {
          "text": "वाणी",
          "start": 3.78,
          "end": 3.84,
          "confidence": 0.995
        },
        {
          "text": "को",
          "start": 3.84,
          "end": 4.16,
          "confidence": 0.966
        },
        {
          "text": "कोटि",
          "start": 4.16,
          "end": 4.62,
          "confidence": 0.878
        },
        {
          "text": "कोटि",
          "start": 4.62,
          "end": 4.76,
          "confidence": 0.959
        },
        {
          "text": "नमन",
          "start": 4.76,
          "end": 5.24,
          "confidence": 0.974
        },
        {
          "text": "करता",
          "start": 5.24,
          "end": 5.62,
          "confidence": 0.991
        },
        {
          "text": "हूँ",
          "start": 5.62,
          "end": 5.84,
          "confidence": 0.997
        },
        {
          "text": "और",
          "start": 5.84,
          "end": 6.18,
          "confidence": 0.801
        },
        {
          "text": "आशा",
          "start": 6.18,
          "end": 6.2,
          "confidence": 0.959
        },
        {
          "text": "करता",
          "start": 6.2,
          "end": 6.58,
          "confidence": 0.995
        },
        {
          "text": "हूँ",
          "start": 6.58,
          "end": 6.76,
          "confidence": 0.996
        },
        {
          "text": "की",
          "start": 6.76,
          "end": 6.78,
          "confidence": 0.967
        }
      ]
    }
  ],
  "language": "hi"
}