{
  "text": "दोस्त के प्रतिनिधि दोस्त के प्रति करते है और महिलाओं के प्रति जो सम्मेलन सीम होना चाहिए",
  "segments": [
    {
      "id": 0,
      "seek": 0,
      "start": 0.0,
      "end": 7.16,
      "text": "दोस्त के प्रतिनिधि दोस्त के प्रति करते है और महिलाओं के प्रति जो सम्मेलन सीम होना चाहिए",
      "tokens": [
        50364,
        3941,
        99,
        33926,
        45938,
        27099,
        36158,
        31970,
        21981,
        8485,
        103,
        27099,
        25411,
        36158,
        33279,
        35082,
        33279,
        3941,
        100,
        33279,
        8485,
        99,
        33926,
        45938,
        27099,
        36158,
        31970,
        21981,
        8485,
        103,
        27099,
        25411,
        36158,
        33279,
        31970,
        25411,
        36158,
        21981,
        37139,
        43372,
        8485,
        242,
        25411,
        48449,
        44500,
        33279,
        46758,
        17937,
        3941,
        241,
        31945,
        31970,
        21981,
        8485,
        103,
        27099,
        25411,
        36158,
        33279,
        8485,
        250,
        33926,
        49316,
        48521,
        27099,
        48521,
        21981,
        46758,
        35082,
        49316,
        31881,
        48521,
        37139,
        33926,
        35082,
        17937,
        8485,
        248,
        17937,
        44500,
        33279,
        3941,
        237
      ],
      "temperature": 0.0,
      "avg_logprob": -0.1748342968168713,
      "compression_ratio": 1.991304347826087,
      "no_speech_prob": 2.5295611942301134e-15,
      "confidence": 0.859,
      "words": [
        {
          "text": "दोस्त",
          "start": 0.0,
          "end": 0.66,
          "confidence": 0.765
        },
        {
          "text": "के",
          "start": 0.66,
          "end": 0.78,
          "confidence": 0.858
        },
        {
          "text": "प्रतिनिधि",
          "start": 0.78,
          "end": 1.44,
          "confidence": 0.92
        },
        {
          "text": "दोस्त",
          "start": 1.44,
          "end": 1.84,
          "confidence": 0.956
        },
        {
          "text": "के",
          "start": 1.84,
          "end": 1.9,
          "confidence": 0.931
        },
        {
          "text": "प्रति",
          "start": 1.9,
          "end": 2.2,
          "confidence": 0.972
        },
        {
          "text": "करते",
          "start": 2.2,
          "end": 2.64,
          "confidence": 0.817
        },
        {
          "text": "है",
          "start": 2.64,
          "end": 3.1,
          "confidence": 0.895
        },
        {
          "text": "और",
          "start": 3.1,
          "end": 3.52,
          "confidence": 0.816
        },
        {
          "text": "महिलाओं",
          "start": 3.52,
          "end": 4.7,
          "confidence": 0.989
        },
        {
          "text": "के",
          "start": 4.7,
          "end": 5.12,
          "confidence": 0.933
        },
        {
          "text": "प्रति",
          "start": 5.12,
          "end": 5.44,
          "confidence": 0.99
        },
        {
          "text": "जो",
          "start": 5.44,
          "end": 5.68,
          "confidence": 0.575
        },
        {
          "text": "सम्मेलन",
          "start": 5.68,
          "end": 6.06,
          "confidence": 0.701
        },
        {
          "text": "सीम",
          "start": 6.06,
          "end": 6.44,
          "confidence": 0.463
        },
        {
          "text": "होना",
          "start": 6.44,
          "end": 6.86,
          "confidence": 0.857
        },
        {
          "text": "चाहिए",
          "start": 6.86,
          "end": 7.16,
          "confidence": 0.998
        }
      ]
    }
  ],
  "language": "hi"
}