{
  "text": "दोस्तों नमस्कार मई हिमांशु कुमार भगत झारखण्ड आज शाम जाएगी भगवान विश्वकर्मा की विसर्जन",
  "segments": [
    {
      "id": 0,
      "seek": 0,
      "start": 0.0,
      "end": 7.86,
      "text": "दोस्तों नमस्कार मई हिमांशु कुमार भगत झारखण्ड आज शाम जाएगी भगवान विश्वकर्मा की विसर्जन",
      "tokens": [
        50364,
        3941,
        99,
        33926,
        45938,
        27099,
        36158,
        33926,
        31945,
        8485,
        101,
        48521,
        45938,
        27099,
        41858,
        17937,
        25411,
        48449,
        3941,
        230,
        37139,
        33279,
        48521,
        17937,
        31945,
        3941,
        114,
        8703,
        223,
        31970,
        8703,
        223,
        48521,
        17937,
        25411,
        8485,
        255,
        3941,
        245,
        36158,
        8485,
        251,
        17937,
        25411,
        3941,
        244,
        3941,
        96,
        27099,
        3941,
        94,
        8485,
        228,
        3941,
        250,
        8485,
        114,
        17937,
        48521,
        8485,
        250,
        17937,
        3941,
        237,
        3941,
        245,
        31881,
        8485,
        255,
        3941,
        245,
        3941,
        113,
        17937,
        35082,
        8485,
        113,
        33279,
        3941,
        114,
        27099,
        3941,
        113,
        41858,
        25411,
        27099,
        48521,
        17937,
        31970,
        31881,
        8485,
        113,
        33279,
        45938,
        25411,
        27099,
        3941,
        250,
        35082
      ],
      "temperature": 0.0,
      "avg_logprob": -0.1302613353729248,
      "compression_ratio": 1.7218045112781954,
      "no_speech_prob": 9.621577690935475e-15,
      "confidence": 0.895,
      "words": [
        {
          "text": "दोस्तों",
          "start": 0.0,
          "end": 0.64,
          "confidence": 0.99
        },
        {
          "text": "नमस्कार",
          "start": 0.64,
          "end": 1.18,
          "confidence": 0.997
        },
        {
          "text": "मई",
          "start": 1.18,
          "end": 1.3,
          "confidence": 0.673
        },
        {
          "text": "हिमांशु",
          "start": 1.3,
          "end": 1.78,
          "confidence": 0.894
        },
        {
          "text": "कुमार",
          "start": 1.78,
          "end": 2.2,
          "confidence": 0.974
        },
        {
          "text": "भगत",
          "start": 2.2,
          "end": 2.32,
          "confidence": 0.884
        },
        {
          "text": "झारखण्ड",
          "start": 2.32,
          "end": 4.6,
          "confidence": 0.837
        },
        {
          "text": "आज",
          "start": 4.6,
          "end": 5.0,
          "confidence": 0.932
        },
        {
          "text": "शाम",
          "start": 5.0,
          "end": 5.4,
          "confidence": 0.968
        },
        {
          "text": "जाएगी",
          "start": 5.4,
          "end": 5.94,
          "confidence": 0.89
        },
        {
          "text": "भगवान",
          "start": 5.94,
          "end": 6.46,
          "confidence": 0.986
        },
        {
          "text": "विश्वकर्मा",
          "start": 6.46,
          "end": 7.1,
          "confidence": 0.914
        },
        {
          "text": "की",
          "start": 7.1,
          "end": 7.8,
          "confidence": 0.471
        },
        {
          "text": "विसर्जन",
          "start": 7.8,
          "end": 7.86,
          "confidence": 0.831
        }
      ]
    }
  ],
  "language": "hi"
}