{
  "text": "जाने ऐसी क्या लाभ सरकार सिर्फ फाइलें देखते है विकास की व्यवस्था भी देखते है तो उनको आसानी ऐसी मिल रही है जिससे भाषण में लम्बी चोरी भाषण दे सके",
  "segments": [
    {
      "id": 0,
      "seek": 0,
      "start": 0.0,
      "end": 9.56,
      "text": "जाने ऐसी क्या लाभ सरकार सिर्फ फाइलें देखते है विकास की व्यवस्था भी देखते है तो उनको आसानी ऐसी मिल रही है जिससे भाषण में लम्बी चोरी भाषण दे सके",
      "tokens": [
        50364,
        3941,
        250,
        17937,
        35082,
        21981,
        8485,
        238,
        45938,
        31881,
        31970,
        27099,
        48268,
        17937,
        8485,
        110,
        17937,
        3941,
        255,
        49316,
        25411,
        41858,
        17937,
        25411,
        49316,
        33279,
        25411,
        27099,
        3941,
        104,
        8485,
        104,
        17937,
        3941,
        229,
        46758,
        21981,
        31945,
        8485,
        99,
        21981,
        3941,
        244,
        36158,
        21981,
        37139,
        43372,
        8485,
        113,
        33279,
        41858,
        17937,
        45938,
        31970,
        31881,
        8485,
        113,
        27099,
        48268,
        3941,
        113,
        45938,
        27099,
        3941,
        98,
        17937,
        8485,
        255,
        31881,
        8485,
        99,
        21981,
        3941,
        244,
        36158,
        21981,
        37139,
        43372,
        8485,
        97,
        33926,
        8485,
        231,
        35082,
        41858,
        33926,
        8485,
        228,
        45938,
        17937,
        35082,
        31881,
        8485,
        238,
        45938,
        31881,
        48449,
        33279,
        46758,
        8485,
        108,
        44500,
        31881,
        37139,
        43372,
        8485,
        250,
        33279,
        45938,
        45938,
        21981,
        8485,
        255,
        17937,
        3941,
        115,
        3941,
        96,
        48449,
        21981,
        31945,
        8485,
        110,
        48521,
        27099,
        3941,
        105,
        31881,
        8485,
        248,
        33926,
        25411,
        31881,
        8485,
        255,
        17937,
        3941,
        115,
        3941,
        96,
        8485,
        99,
        21981,
        49316,
        41858,
        21981
      ],
      "temperature": 0.0,
      "avg_logprob": -0.0859700481907851,
      "compression_ratio": 2.0558659217877095,
      "no_speech_prob": 3.175039263553464e-15,
      "confidence": 0.927,
      "words": [
        {
          "text": "जाने",
          "start": 0.0,
          "end": 0.36,
          "confidence": 0.923
        },
        {
          "text": "ऐसी",
          "start": 0.36,
          "end": 0.46,
          "confidence": 0.97
        },
        {
          "text": "क्या",
          "start": 0.46,
          "end": 0.62,
          "confidence": 0.993
        },
        {
          "text": "लाभ",
          "start": 0.62,
          "end": 1.18,
          "confidence": 0.994
        },
        {
          "text": "सरकार",
          "start": 1.18,
          "end": 1.76,
          "confidence": 0.938
        },
        {
          "text": "सिर्फ",
          "start": 1.76,
          "end": 2.08,
          "confidence": 0.95
        },
        {
          "text": "फाइलें",
          "start": 2.08,
          "end": 2.5,
          "confidence": 0.783
        },
        {
          "text": "देखते",
          "start": 2.5,
          "end": 2.76,
          "confidence": 0.967
        },
        {
          "text": "है",
          "start": 2.76,
          "end": 3.46,
          "confidence": 0.936
        },
        {
          "text": "विकास",
          "start": 3.46,
          "end": 3.94,
          "confidence": 0.883
        },
        {
          "text": "की",
          "start": 3.94,
          "end": 4.16,
          "confidence": 0.907
        },
        {
          "text": "व्यवस्था",
          "start": 4.16,
          "end": 4.64,
          "confidence": 0.937
        },
        {
          "text": "भी",
          "start": 4.64,
          "end": 4.66,
          "confidence": 0.583
        },
        {
          "text": "देखते",
          "start": 4.66,
          "end": 4.98,
          "confidence": 0.993
        },
        {
          "text": "है",
          "start": 4.98,
          "end": 5.14,
          "confidence": 0.995
        },
        {
          "text": "तो",
          "start": 5.14,
          "end": 5.26,
          "confidence": 0.96
        },
        {
          "text": "उनको",
          "start": 5.26,
          "end": 5.5,
          "confidence": 0.987
        },
        {
          "text": "आसानी",
          "start": 5.5,
          "end": 6.0,
          "confidence": 0.977
        },
        {
          "text": "ऐसी",
          "start": 6.0,
          "end": 6.12,
          "confidence": 0.992
        },
        {
          "text": "मिल",
          "start": 6.12,
          "end": 6.34,
          "confidence": 0.989
        },
        {
          "text": "रही",
          "start": 6.34,
          "end": 6.52,
          "confidence": 0.95
        },
        {
          "text": "है",
          "start": 6.52,
          "end": 6.72,
          "confidence": 0.987
        },
        {
          "text": "जिससे",
          "start": 6.72,
          "end": 7.54,
          "confidence": 0.707
        },
        {
          "text": "भाषण",
          "start": 7.54,
          "end": 7.9,
          "confidence": 0.98
        },
        {
          "text": "में",
          "start": 7.9,
          "end": 8.1,
          "confidence": 0.963
        },
        {
          "text": "लम्बी",
          "start": 8.1,
          "end": 8.36,
          "confidence": 0.929
        },
        {
          "text": "चोरी",
          "start": 8.36,
          "end": 8.66,
          "confidence": 0.947
        },
        {
          "text": "भाषण",
          "start": 8.66,
          "end": 8.9,
          "confidence": 0.989
        },
        {
          "text": "दे",
          "start": 8.9,
          "end": 9.16,
          "confidence": 0.908
        },
        {
          "text": "सके",
          "start": 9.16,
          "end": 9.56,
          "confidence": 0.992
        }
      ]
    }
  ],
  "language": "hi"
}