{
  "text": "नमस्कार विकास क्लब के साथ में श्याम लाल मोदी ग्राम पंचायत रेडी हिम्मतपुर तहसील खाने राणा जिला चुकरी मध्य प्रदेश",
  "segments": [
    {
      "id": 0,
      "seek": 0,
      "start": 0.0,
      "end": 7.72,
      "text": "नमस्कार विकास क्लब के साथ में श्याम लाल मोदी ग्राम पंचायत रेडी हिम्मतपुर तहसील खाने राणा जिला चुकरी मध्य प्रदेश",
      "tokens": [
        50364,
        35082,
        48521,
        45938,
        27099,
        41858,
        17937,
        25411,
        8485,
        113,
        33279,
        41858,
        17937,
        45938,
        31970,
        27099,
        46758,
        3941,
        105,
        31970,
        21981,
        49316,
        17937,
        3941,
        98,
        48449,
        21981,
        31945,
        8485,
        114,
        27099,
        48268,
        17937,
        48521,
        8485,
        110,
        17937,
        46758,
        48449,
        33926,
        3941,
        99,
        31881,
        8485,
        245,
        27099,
        25411,
        17937,
        48521,
        8485,
        103,
        31945,
        3941,
        248,
        17937,
        48268,
        36158,
        8485,
        108,
        21981,
        3941,
        94,
        31881,
        37139,
        33279,
        48521,
        27099,
        48521,
        36158,
        3941,
        103,
        8703,
        223,
        25411,
        8485,
        97,
        44500,
        45938,
        31881,
        46758,
        8485,
        244,
        17937,
        35082,
        21981,
        8485,
        108,
        17937,
        3941,
        96,
        17937,
        8485,
        250,
        33279,
        46758,
        17937,
        8485,
        248,
        8703,
        223,
        41858,
        25411,
        31881,
        48449,
        3941,
        100,
        27099,
        48268,
        8485,
        103,
        27099,
        25411,
        3941,
        99,
        21981,
        3941,
        114
      ],
      "temperature": 0.0,
      "avg_logprob": -0.18837196544065313,
      "compression_ratio": 1.84375,
      "no_speech_prob": 4.6876582070242215e-15,
      "confidence": 0.839,
      "words": [
        {
          "text": "नमस्कार",
          "start": 0.0,
          "end": 0.9,
          "confidence": 0.953
        },
        {
          "text": "विकास",
          "start": 0.9,
          "end": 1.36,
          "confidence": 0.806
        },
        {
          "text": "क्लब",
          "start": 1.36,
          "end": 1.52,
          "confidence": 0.622
        },
        {
          "text": "के",
          "start": 1.52,
          "end": 1.72,
          "confidence": 0.792
        },
        {
          "text": "साथ",
          "start": 1.72,
          "end": 2.94,
          "confidence": 0.843
        },
        {
          "text": "में",
          "start": 2.94,
          "end": 3.08,
          "confidence": 0.744
        },
        {
          "text": "श्याम",
          "start": 3.08,
          "end": 3.66,
          "confidence": 0.99
        },
        {
          "text": "लाल",
          "start": 3.66,
          "end": 3.78,
          "confidence": 0.864
        },
        {
          "text": "मोदी",
          "start": 3.78,
          "end": 3.8,
          "confidence": 0.866
        },
        {
          "text": "ग्राम",
          "start": 3.8,
          "end": 4.32,
          "confidence": 0.992
        },
        {
          "text": "पंचायत",
          "start": 4.32,
          "end": 4.74,
          "confidence": 0.995
        },
        {
          "text": "रेडी",
          "start": 4.74,
          "end": 5.02,
          "confidence": 0.842
        },
        {
          "text": "हिम्मतपुर",
          "start": 5.02,
          "end": 5.48,
          "confidence": 0.882
        },
        {
          "text": "तहसील",
          "start": 5.48,
          "end": 5.98,
          "confidence": 0.851
        },
        {
          "text": "खाने",
          "start": 5.98,
          "end": 6.42,
          "confidence": 0.646
        },
        {
          "text": "राणा",
          "start": 6.42,
          "end": 6.54,
          "confidence": 0.58
        },
        {
          "text": "जिला",
          "start": 6.54,
          "end": 6.8,
          "confidence": 0.989
        },
        {
          "text": "चुकरी",
          "start": 6.8,
          "end": 7.18,
          "confidence": 0.645
        },
        {
          "text": "मध्य",
          "start": 7.18,
          "end": 7.58,
          "confidence": 0.897
        },
        {
          "text": "प्रदेश",
          "start": 7.58,
          "end": 7.72,
          "confidence": 0.964
        }
      ]
    }
  ],
  "language": "hi"
}