{
  "text": "हम सभी सहमत हो गए की यदि किसी भी जाँच या समझाए की छाप हो हम सभी भाई भाई है फिर भेद भाँच कर हम लोग एक साथ खाना प्रारंभ किया",
  "segments": [
    {
      "id": 0,
      "seek": 0,
      "start": 0.0,
      "end": 8.74,
      "text": "हम सभी सहमत हो गए की यदि किसी भी जाँच या समझाए की छाप हो हम सभी भाई भाई है फिर भेद भाँच कर हम लोग एक साथ खाना प्रारंभ किया",
      "tokens": [
        50380,
        44500,
        48521,
        49316,
        3941,
        255,
        31881,
        49316,
        44500,
        48521,
        36158,
        37139,
        33926,
        8485,
        245,
        3941,
        237,
        31970,
        31881,
        8485,
        107,
        3941,
        99,
        33279,
        31970,
        33279,
        45938,
        31881,
        8485,
        255,
        31881,
        8485,
        250,
        17937,
        3941,
        223,
        3941,
        248,
        8485,
        107,
        17937,
        49316,
        48521,
        3941,
        251,
        17937,
        3941,
        237,
        31970,
        31881,
        8485,
        249,
        17937,
        3941,
        103,
        37139,
        33926,
        37139,
        48521,
        49316,
        3941,
        255,
        31881,
        8485,
        255,
        17937,
        3941,
        230,
        8485,
        255,
        17937,
        3941,
        230,
        37139,
        43372,
        8485,
        104,
        33279,
        25411,
        8485,
        255,
        21981,
        3941,
        99,
        8485,
        255,
        17937,
        3941,
        223,
        3941,
        248,
        31970,
        25411,
        37139,
        48521,
        8485,
        110,
        33926,
        3941,
        245,
        8485,
        237,
        41858,
        49316,
        17937,
        3941,
        98,
        8485,
        244,
        17937,
        35082,
        17937,
        8485,
        103,
        27099,
        25411,
        17937,
        25411,
        31945,
        3941,
        255,
        31970,
        33279,
        48268,
        17937
      ],
      "temperature": 0.0,
      "avg_logprob": -0.16684886387416295,
      "compression_ratio": 2.0264900662251657,
      "no_speech_prob": 1.5436609645700858e-14,
      "confidence": 0.865,
      "words": [
        {
          "text": "हम",
          "start": 0.0,
          "end": 0.6,
          "confidence": 0.989
        },
        {
          "text": "सभी",
          "start": 0.6,
          "end": 0.88,
          "confidence": 0.987
        },
        {
          "text": "सहमत",
          "start": 0.88,
          "end": 1.34,
          "confidence": 0.975
        },
        {
          "text": "हो",
          "start": 1.34,
          "end": 1.48,
          "confidence": 0.991
        },
        {
          "text": "गए",
          "start": 1.48,
          "end": 1.66,
          "confidence": 0.866
        },
        {
          "text": "की",
          "start": 1.66,
          "end": 1.86,
          "confidence": 0.745
        },
        {
          "text": "यदि",
          "start": 1.86,
          "end": 2.0,
          "confidence": 0.962
        },
        {
          "text": "किसी",
          "start": 2.0,
          "end": 2.46,
          "confidence": 0.986
        },
        {
          "text": "भी",
          "start": 2.46,
          "end": 2.56,
          "confidence": 0.972
        },
        {
          "text": "जाँच",
          "start": 2.56,
          "end": 2.88,
          "confidence": 0.748
        },
        {
          "text": "या",
          "start": 2.88,
          "end": 3.04,
          "confidence": 0.759
        },
        {
          "text": "समझाए",
          "start": 3.04,
          "end": 3.42,
          "confidence": 0.836
        },
        {
          "text": "की",
          "start": 3.42,
          "end": 3.54,
          "confidence": 0.659
        },
        {
          "text": "छाप",
          "start": 3.54,
          "end": 3.8,
          "confidence": 0.727
        },
        {
          "text": "हो",
          "start": 3.8,
          "end": 4.02,
          "confidence": 0.868
        },
        {
          "text": "हम",
          "start": 4.02,
          "end": 4.52,
          "confidence": 0.848
        },
        {
          "text": "सभी",
          "start": 4.52,
          "end": 4.84,
          "confidence": 0.992
        },
        {
          "text": "भाई",
          "start": 4.84,
          "end": 5.18,
          "confidence": 0.991
        },
        {
          "text": "भाई",
          "start": 5.18,
          "end": 5.26,
          "confidence": 0.993
        },
        {
          "text": "है",
          "start": 5.26,
          "end": 5.44,
          "confidence": 0.959
        },
        {
          "text": "फिर",
          "start": 5.44,
          "end": 5.64,
          "confidence": 0.889
        },
        {
          "text": "भेद",
          "start": 5.64,
          "end": 5.9,
          "confidence": 0.926
        },
        {
          "text": "भाँच",
          "start": 5.9,
          "end": 6.16,
          "confidence": 0.712
        },
        {
          "text": "कर",
          "start": 6.16,
          "end": 6.32,
          "confidence": 0.315
        },
        {
          "text": "हम",
          "start": 6.32,
          "end": 7.12,
          "confidence": 0.485
        },
        {
          "text": "लोग",
          "start": 7.12,
          "end": 7.46,
          "confidence": 0.952
        },
        {
          "text": "एक",
          "start": 7.46,
          "end": 7.72,
          "confidence": 0.83
        },
        {
          "text": "साथ",
          "start": 7.72,
          "end": 8.02,
          "confidence": 0.96
        },
        {
          "text": "खाना",
          "start": 8.02,
          "end": 8.22,
          "confidence": 0.922
        },
        {
          "text": "प्रारंभ",
          "start": 8.22,
          "end": 8.36,
          "confidence": 0.939
        },
        {
          "text": "किया",
          "start": 8.36,
          "end": 8.74,
          "confidence": 0.984
        }
      ]
    }
  ],
  "language": "hi"
}