{
  "text": "समस्या को सुना जाएगा और महिलाओं की समस्या महिलाओं समझ सकती है इस विचार को रखते हुए सरकार ने महिलाओं के प्रति",
  "segments": [
    {
      "id": 0,
      "seek": 0,
      "start": 0.0,
      "end": 10.18,
      "text": "समस्या को सुना जाएगा और महिलाओं की समस्या महिलाओं समझ सकती है इस विचार को रखते हुए सरकार ने महिलाओं के प्रति",
      "tokens": [
        50364,
        45938,
        48521,
        45938,
        27099,
        48268,
        17937,
        31970,
        33926,
        49316,
        8703,
        223,
        35082,
        17937,
        8485,
        250,
        17937,
        3941,
        237,
        3941,
        245,
        17937,
        8485,
        242,
        25411,
        48449,
        44500,
        33279,
        46758,
        17937,
        3941,
        241,
        31945,
        31970,
        31881,
        49316,
        48521,
        45938,
        27099,
        48268,
        17937,
        48449,
        44500,
        33279,
        46758,
        17937,
        3941,
        241,
        31945,
        49316,
        48521,
        3941,
        251,
        49316,
        41858,
        36158,
        31881,
        37139,
        43372,
        8485,
        229,
        45938,
        8485,
        113,
        33279,
        3941,
        248,
        17937,
        25411,
        31970,
        33926,
        8485,
        108,
        3941,
        244,
        36158,
        21981,
        37139,
        8703,
        223,
        3941,
        237,
        49316,
        25411,
        41858,
        17937,
        25411,
        8485,
        101,
        21981,
        48449,
        44500,
        33279,
        46758,
        17937,
        3941,
        241,
        31945,
        31970,
        21981,
        8485,
        103,
        27099,
        25411,
        36158,
        33279
      ],
      "temperature": 0.0,
      "avg_logprob": -0.04543961319967965,
      "compression_ratio": 2.0583941605839415,
      "no_speech_prob": 1.3750770270701262e-12,
      "confidence": 0.969,
      "words": [
        {
          "text": "समस्या",
          "start": 0.0,
          "end": 0.38,
          "confidence": 0.979
        },
        {
          "text": "को",
          "start": 0.38,
          "end": 0.58,
          "confidence": 0.94
        },
        {
          "text": "सुना",
          "start": 0.58,
          "end": 0.96,
          "confidence": 0.987
        },
        {
          "text": "जाएगा",
          "start": 0.96,
          "end": 1.5,
          "confidence": 0.936
        },
        {
          "text": "और",
          "start": 1.5,
          "end": 2.1,
          "confidence": 0.988
        },
        {
          "text": "महिलाओं",
          "start": 2.1,
          "end": 2.84,
          "confidence": 0.992
        },
        {
          "text": "की",
          "start": 2.84,
          "end": 3.14,
          "confidence": 0.978
        },
        {
          "text": "समस्या",
          "start": 3.14,
          "end": 3.84,
          "confidence": 0.997
        },
        {
          "text": "महिलाओं",
          "start": 3.84,
          "end": 4.34,
          "confidence": 0.986
        },
        {
          "text": "समझ",
          "start": 4.34,
          "end": 4.72,
          "confidence": 0.944
        },
        {
          "text": "सकती",
          "start": 4.72,
          "end": 5.14,
          "confidence": 0.965
        },
        {
          "text": "है",
          "start": 5.14,
          "end": 5.9,
          "confidence": 0.992
        },
        {
          "text": "इस",
          "start": 5.9,
          "end": 6.46,
          "confidence": 0.808
        },
        {
          "text": "विचार",
          "start": 6.46,
          "end": 7.62,
          "confidence": 0.963
        },
        {
          "text": "को",
          "start": 7.62,
          "end": 7.86,
          "confidence": 0.982
        },
        {
          "text": "रखते",
          "start": 7.86,
          "end": 8.18,
          "confidence": 0.987
        },
        {
          "text": "हुए",
          "start": 8.18,
          "end": 8.52,
          "confidence": 0.994
        },
        {
          "text": "सरकार",
          "start": 8.52,
          "end": 9.1,
          "confidence": 0.996
        },
        {
          "text": "ने",
          "start": 9.1,
          "end": 9.26,
          "confidence": 0.972
        },
        {
          "text": "महिलाओं",
          "start": 9.26,
          "end": 9.7,
          "confidence": 0.996
        },
        {
          "text": "के",
          "start": 9.7,
          "end": 9.92,
          "confidence": 0.945
        },
        {
          "text": "प्रति",
          "start": 9.92,
          "end": 10.18,
          "confidence": 0.92
        }
      ]
    }
  ],
  "language": "hi"
}