{
  "text": "मैं सभी को आग्रह करना चाहता हूँ ऐसा ही हमारी छब्बीस जनवरी मनाते ही जाए हमारे ग्राम पंचायत में बड़े धूम धाम ऐसी छब्बीस जनवरी को मारी हुई है",
  "segments": [
    {
      "id": 0,
      "seek": 0,
      "start": 0.0,
      "end": 11.52,
      "text": "मैं सभी को आग्रह करना चाहता हूँ ऐसा ही हमारी छब्बीस जनवरी मनाते ही जाए हमारे ग्राम पंचायत में बड़े धूम धाम ऐसी छब्बीस जनवरी को मारी हुई है",
      "tokens": [
        50364,
        48521,
        43372,
        31945,
        49316,
        3941,
        255,
        31881,
        31970,
        33926,
        8485,
        228,
        3941,
        245,
        27099,
        25411,
        44500,
        31970,
        25411,
        35082,
        17937,
        8485,
        248,
        17937,
        44500,
        36158,
        17937,
        37139,
        8703,
        224,
        3941,
        223,
        8485,
        238,
        45938,
        17937,
        37139,
        31881,
        37139,
        48521,
        17937,
        25411,
        31881,
        8485,
        249,
        3941,
        105,
        27099,
        3941,
        105,
        31881,
        45938,
        8485,
        250,
        35082,
        3941,
        113,
        25411,
        31881,
        48449,
        35082,
        17937,
        36158,
        21981,
        37139,
        31881,
        8485,
        250,
        17937,
        3941,
        237,
        37139,
        48521,
        17937,
        25411,
        21981,
        8485,
        245,
        27099,
        25411,
        17937,
        48521,
        8485,
        103,
        31945,
        3941,
        248,
        17937,
        48268,
        36158,
        48449,
        21981,
        31945,
        8485,
        105,
        8703,
        250,
        21981,
        8485,
        100,
        8703,
        224,
        48521,
        8485,
        100,
        17937,
        48521,
        8485,
        238,
        45938,
        31881,
        8485,
        249,
        3941,
        105,
        27099,
        3941,
        105,
        31881,
        45938,
        8485,
        250,
        35082,
        3941,
        113,
        25411,
        31881,
        31970,
        33926,
        48449,
        17937,
        25411,
        31881,
        37139,
        8703,
        223,
        3941,
        230,
        37139,
        43372
      ],
      "temperature": 0.0,
      "avg_logprob": -0.10001012112231965,
      "compression_ratio": 2.1646341463414633,
      "no_speech_prob": 8.112777383749176e-15,
      "confidence": 0.923,
      "words": [
        {
          "text": "मैं",
          "start": 0.0,
          "end": 0.86,
          "confidence": 0.756
        },
        {
          "text": "सभी",
          "start": 0.86,
          "end": 1.2,
          "confidence": 0.992
        },
        {
          "text": "को",
          "start": 1.2,
          "end": 1.42,
          "confidence": 0.993
        },
        {
          "text": "आग्रह",
          "start": 1.42,
          "end": 2.14,
          "confidence": 0.82
        },
        {
          "text": "करना",
          "start": 2.14,
          "end": 2.6,
          "confidence": 0.992
        },
        {
          "text": "चाहता",
          "start": 2.6,
          "end": 2.84,
          "confidence": 0.994
        },
        {
          "text": "हूँ",
          "start": 2.84,
          "end": 2.98,
          "confidence": 0.996
        },
        {
          "text": "ऐसा",
          "start": 2.98,
          "end": 3.44,
          "confidence": 0.877
        },
        {
          "text": "ही",
          "start": 3.44,
          "end": 3.7,
          "confidence": 0.939
        },
        {
          "text": "हमारी",
          "start": 3.7,
          "end": 4.46,
          "confidence": 0.851
        },
        {
          "text": "छब्बीस",
          "start": 4.46,
          "end": 4.98,
          "confidence": 0.953
        },
        {
          "text": "जनवरी",
          "start": 4.98,
          "end": 5.34,
          "confidence": 0.998
        },
        {
          "text": "मनाते",
          "start": 5.34,
          "end": 6.38,
          "confidence": 0.847
        },
        {
          "text": "ही",
          "start": 6.38,
          "end": 6.64,
          "confidence": 0.938
        },
        {
          "text": "जाए",
          "start": 6.64,
          "end": 6.68,
          "confidence": 0.947
        },
        {
          "text": "हमारे",
          "start": 6.68,
          "end": 7.0,
          "confidence": 0.927
        },
        {
          "text": "ग्राम",
          "start": 7.0,
          "end": 7.38,
          "confidence": 0.976
        },
        {
          "text": "पंचायत",
          "start": 7.38,
          "end": 7.86,
          "confidence": 0.99
        },
        {
          "text": "में",
          "start": 7.86,
          "end": 8.08,
          "confidence": 0.974
        },
        {
          "text": "बड़े",
          "start": 8.08,
          "end": 8.76,
          "confidence": 0.945
        },
        {
          "text": "धूम",
          "start": 8.76,
          "end": 9.1,
          "confidence": 0.937
        },
        {
          "text": "धाम",
          "start": 9.1,
          "end": 9.26,
          "confidence": 0.799
        },
        {
          "text": "ऐसी",
          "start": 9.26,
          "end": 9.54,
          "confidence": 0.943
        },
        {
          "text": "छब्बीस",
          "start": 9.54,
          "end": 10.32,
          "confidence": 0.994
        },
        {
          "text": "जनवरी",
          "start": 10.32,
          "end": 10.62,
          "confidence": 0.998
        },
        {
          "text": "को",
          "start": 10.62,
          "end": 10.8,
          "confidence": 0.969
        },
        {
          "text": "मारी",
          "start": 10.8,
          "end": 11.18,
          "confidence": 0.472
        },
        {
          "text": "हुई",
          "start": 11.18,
          "end": 11.34,
          "confidence": 0.987
        },
        {
          "text": "है",
          "start": 11.34,
          "end": 11.52,
          "confidence": 0.996
        }
      ]
    }
  ],
  "language": "hi"
}