{
  "text": "मगर यह जीता जागता उदाहरण है इस तरह ऐसी वहाँ दूर तक जो पूरा पंचायत के लाभ लेने के लिए जायेंगे तो वो व्यक्ति स्वस्थ के लाभ लेने के लिए",
  "segments": [
    {
      "id": 0,
      "seek": 0,
      "start": 0.0,
      "end": 10.26,
      "text": "मगर यह जीता जागता उदाहरण है इस तरह ऐसी वहाँ दूर तक जो पूरा पंचायत के लाभ लेने के लिए जायेंगे तो वो व्यक्ति स्वस्थ के लाभ लेने के लिए",
      "tokens": [
        50364,
        48521,
        3941,
        245,
        25411,
        8485,
        107,
        44500,
        8485,
        250,
        31881,
        36158,
        17937,
        8485,
        250,
        17937,
        3941,
        245,
        36158,
        17937,
        8485,
        231,
        3941,
        99,
        17937,
        44500,
        25411,
        3941,
        96,
        37139,
        43372,
        8485,
        229,
        45938,
        8485,
        97,
        25411,
        44500,
        8485,
        238,
        45938,
        31881,
        8485,
        113,
        44500,
        17937,
        3941,
        223,
        8485,
        99,
        8703,
        224,
        25411,
        8485,
        97,
        41858,
        8485,
        250,
        33926,
        8485,
        103,
        8703,
        224,
        25411,
        17937,
        8485,
        103,
        31945,
        3941,
        248,
        17937,
        48268,
        36158,
        31970,
        21981,
        8485,
        110,
        17937,
        3941,
        255,
        8485,
        110,
        21981,
        35082,
        21981,
        31970,
        21981,
        8485,
        110,
        33279,
        3941,
        237,
        8485,
        250,
        17937,
        48268,
        21981,
        31945,
        3941,
        245,
        21981,
        8485,
        97,
        33926,
        8485,
        113,
        33926,
        8485,
        113,
        27099,
        48268,
        41858,
        27099,
        36158,
        33279,
        49316,
        27099,
        3941,
        113,
        45938,
        27099,
        3941,
        98,
        31970,
        21981,
        8485,
        110,
        17937,
        3941,
        255,
        8485,
        110,
        21981,
        35082,
        21981,
        31970,
        21981,
        8485,
        110,
        33279,
        3941,
        237
      ],
      "temperature": 0.0,
      "avg_logprob": -0.10544193374527085,
      "compression_ratio": 2.1257861635220126,
      "no_speech_prob": 3.831530145242956e-12,
      "confidence": 0.915,
      "words": [
        {
          "text": "मगर",
          "start": 0.0,
          "end": 0.54,
          "confidence": 0.947
        },
        {
          "text": "यह",
          "start": 0.54,
          "end": 0.76,
          "confidence": 0.892
        },
        {
          "text": "जीता",
          "start": 0.76,
          "end": 1.32,
          "confidence": 0.945
        },
        {
          "text": "जागता",
          "start": 1.32,
          "end": 1.48,
          "confidence": 0.884
        },
        {
          "text": "उदाहरण",
          "start": 1.48,
          "end": 1.86,
          "confidence": 0.876
        },
        {
          "text": "है",
          "start": 1.86,
          "end": 2.1,
          "confidence": 0.791
        },
        {
          "text": "इस",
          "start": 2.1,
          "end": 2.24,
          "confidence": 0.8
        },
        {
          "text": "तरह",
          "start": 2.24,
          "end": 2.36,
          "confidence": 0.992
        },
        {
          "text": "ऐसी",
          "start": 2.36,
          "end": 2.58,
          "confidence": 0.952
        },
        {
          "text": "वहाँ",
          "start": 2.58,
          "end": 3.42,
          "confidence": 0.891
        },
        {
          "text": "दूर",
          "start": 3.42,
          "end": 3.66,
          "confidence": 0.962
        },
        {
          "text": "तक",
          "start": 3.66,
          "end": 3.84,
          "confidence": 0.972
        },
        {
          "text": "जो",
          "start": 3.84,
          "end": 4.94,
          "confidence": 0.939
        },
        {
          "text": "पूरा",
          "start": 4.94,
          "end": 5.96,
          "confidence": 0.754
        },
        {
          "text": "पंचायत",
          "start": 5.96,
          "end": 6.28,
          "confidence": 0.984
        },
        {
          "text": "के",
          "start": 6.28,
          "end": 6.48,
          "confidence": 0.818
        },
        {
          "text": "लाभ",
          "start": 6.48,
          "end": 7.44,
          "confidence": 0.826
        },
        {
          "text": "लेने",
          "start": 7.44,
          "end": 7.84,
          "confidence": 0.976
        },
        {
          "text": "के",
          "start": 7.84,
          "end": 7.9,
          "confidence": 0.952
        },
        {
          "text": "लिए",
          "start": 7.9,
          "end": 7.96,
          "confidence": 0.984
        },
        {
          "text": "जायेंगे",
          "start": 7.96,
          "end": 8.34,
          "confidence": 0.945
        },
        {
          "text": "तो",
          "start": 8.34,
          "end": 8.44,
          "confidence": 0.924
        },
        {
          "text": "वो",
          "start": 8.44,
          "end": 8.64,
          "confidence": 0.94
        },
        {
          "text": "व्यक्ति",
          "start": 8.64,
          "end": 9.08,
          "confidence": 0.946
        },
        {
          "text": "स्वस्थ",
          "start": 9.08,
          "end": 9.42,
          "confidence": 0.894
        },
        {
          "text": "के",
          "start": 9.42,
          "end": 9.64,
          "confidence": 0.755
        },
        {
          "text": "लाभ",
          "start": 9.64,
          "end": 9.86,
          "confidence": 0.997
        },
        {
          "text": "लेने",
          "start": 9.86,
          "end": 10.18,
          "confidence": 0.915
        },
        {
          "text": "के",
          "start": 10.18,
          "end": 10.24,
          "confidence": 0.903
        },
        {
          "text": "लिए",
          "start": 10.24,
          "end": 10.26,
          "confidence": 0.973
        }
      ]
    }
  ],
  "language": "hi"
}