{
  "text": "की बच्चे लेने वालों की संख्या में अब समय आ गया है की इन बच्चों का जिम्मा सरकार ने और गर्भपात पर रोक लगा देते है कौन जानता है",
  "segments": [
    {
      "id": 0,
      "seek": 0,
      "start": 0.0,
      "end": 10.42,
      "text": "की बच्चे लेने वालों की संख्या में अब समय आ गया है की इन बच्चों का जिम्मा सरकार ने और गर्भपात पर रोक लगा देते है कौन जानता है",
      "tokens": [
        50364,
        41858,
        31881,
        8485,
        105,
        3941,
        248,
        27099,
        3941,
        248,
        21981,
        8485,
        110,
        21981,
        35082,
        21981,
        8485,
        113,
        17937,
        46758,
        33926,
        31945,
        31970,
        31881,
        49316,
        31945,
        3941,
        244,
        27099,
        48268,
        17937,
        48449,
        21981,
        31945,
        8485,
        227,
        3941,
        105,
        49316,
        48521,
        48268,
        8485,
        228,
        8485,
        245,
        48268,
        17937,
        37139,
        43372,
        31970,
        31881,
        8485,
        229,
        35082,
        8485,
        105,
        3941,
        248,
        27099,
        3941,
        248,
        33926,
        31945,
        31970,
        17937,
        8485,
        250,
        33279,
        48521,
        27099,
        48521,
        17937,
        49316,
        25411,
        41858,
        17937,
        25411,
        8485,
        101,
        21981,
        8485,
        242,
        25411,
        8485,
        245,
        25411,
        27099,
        3941,
        255,
        3941,
        103,
        17937,
        36158,
        8485,
        103,
        25411,
        8485,
        108,
        33926,
        41858,
        8485,
        110,
        3941,
        245,
        17937,
        8485,
        99,
        21981,
        36158,
        21981,
        37139,
        43372,
        31970,
        8703,
        234,
        35082,
        8485,
        250,
        17937,
        35082,
        36158,
        17937,
        37139,
        43372
      ],
      "temperature": 0.0,
      "avg_logprob": -0.08078501129150391,
      "compression_ratio": 2.0,
      "no_speech_prob": 1.1189320141009179e-13,
      "confidence": 0.939,
      "words": [
        {
          "text": "की",
          "start": 0.0,
          "end": 0.36,
          "confidence": 0.648
        },
        {
          "text": "बच्चे",
          "start": 0.36,
          "end": 0.94,
          "confidence": 0.93
        },
        {
          "text": "लेने",
          "start": 0.94,
          "end": 1.62,
          "confidence": 0.983
        },
        {
          "text": "वालों",
          "start": 1.62,
          "end": 1.64,
          "confidence": 0.972
        },
        {
          "text": "की",
          "start": 1.64,
          "end": 1.94,
          "confidence": 0.986
        },
        {
          "text": "संख्या",
          "start": 1.94,
          "end": 2.26,
          "confidence": 0.994
        },
        {
          "text": "में",
          "start": 2.26,
          "end": 2.86,
          "confidence": 0.797
        },
        {
          "text": "अब",
          "start": 2.86,
          "end": 3.32,
          "confidence": 0.966
        },
        {
          "text": "समय",
          "start": 3.32,
          "end": 3.4,
          "confidence": 0.996
        },
        {
          "text": "आ",
          "start": 3.4,
          "end": 3.54,
          "confidence": 0.961
        },
        {
          "text": "गया",
          "start": 3.54,
          "end": 3.72,
          "confidence": 0.992
        },
        {
          "text": "है",
          "start": 3.72,
          "end": 3.92,
          "confidence": 0.992
        },
        {
          "text": "की",
          "start": 3.92,
          "end": 4.44,
          "confidence": 0.572
        },
        {
          "text": "इन",
          "start": 4.44,
          "end": 4.62,
          "confidence": 0.883
        },
        {
          "text": "बच्चों",
          "start": 4.62,
          "end": 4.98,
          "confidence": 0.993
        },
        {
          "text": "का",
          "start": 4.98,
          "end": 5.24,
          "confidence": 0.989
        },
        {
          "text": "जिम्मा",
          "start": 5.24,
          "end": 6.38,
          "confidence": 0.93
        },
        {
          "text": "सरकार",
          "start": 6.38,
          "end": 7.1,
          "confidence": 0.994
        },
        {
          "text": "ने",
          "start": 7.1,
          "end": 7.36,
          "confidence": 0.965
        },
        {
          "text": "और",
          "start": 7.36,
          "end": 7.7,
          "confidence": 0.981
        },
        {
          "text": "गर्भपात",
          "start": 7.7,
          "end": 8.1,
          "confidence": 0.948
        },
        {
          "text": "पर",
          "start": 8.1,
          "end": 8.36,
          "confidence": 0.793
        },
        {
          "text": "रोक",
          "start": 8.36,
          "end": 8.58,
          "confidence": 0.997
        },
        {
          "text": "लगा",
          "start": 8.58,
          "end": 8.88,
          "confidence": 0.994
        },
        {
          "text": "देते",
          "start": 8.88,
          "end": 9.14,
          "confidence": 0.836
        },
        {
          "text": "है",
          "start": 9.14,
          "end": 9.62,
          "confidence": 0.888
        },
        {
          "text": "कौन",
          "start": 9.62,
          "end": 9.84,
          "confidence": 0.936
        },
        {
          "text": "जानता",
          "start": 9.84,
          "end": 10.12,
          "confidence": 0.985
        },
        {
          "text": "है",
          "start": 10.12,
          "end": 10.42,
          "confidence": 0.992
        }
      ]
    }
  ],
  "language": "hi"
}