{
  "text": "पूजा को लेकर होने वाली परेशानियों को बैठक में रखा पूजा में होने वाली सभी व्यवस्थाओं का निदान करने का आश्वासन भी दिया गया मौके पर विधायक राजू तिवारी",
  "segments": [
    {
      "id": 0,
      "seek": 0,
      "start": 0.0,
      "end": 10.0,
      "text": "पूजा को लेकर होने वाली परेशानियों को बैठक में रखा पूजा में होने वाली सभी व्यवस्थाओं का निदान करने का आश्वासन भी दिया गया मौके पर विधायक राजू तिवारी",
      "tokens": [
        50364,
        3941,
        103,
        8703,
        224,
        3941,
        250,
        17937,
        31970,
        33926,
        8485,
        110,
        21981,
        41858,
        25411,
        37139,
        33926,
        35082,
        21981,
        8485,
        113,
        17937,
        46758,
        31881,
        8485,
        103,
        25411,
        21981,
        3941,
        114,
        17937,
        35082,
        33279,
        48268,
        33926,
        31945,
        31970,
        33926,
        8485,
        105,
        43372,
        3941,
        254,
        41858,
        48449,
        21981,
        31945,
        8485,
        108,
        3941,
        244,
        17937,
        8485,
        103,
        8703,
        224,
        3941,
        250,
        17937,
        48449,
        21981,
        31945,
        37139,
        33926,
        35082,
        21981,
        8485,
        113,
        17937,
        46758,
        31881,
        49316,
        3941,
        255,
        31881,
        8485,
        113,
        27099,
        48268,
        3941,
        113,
        45938,
        27099,
        3941,
        98,
        17937,
        3941,
        241,
        31945,
        31970,
        17937,
        8485,
        101,
        33279,
        3941,
        99,
        17937,
        35082,
        31970,
        25411,
        35082,
        21981,
        31970,
        17937,
        8485,
        228,
        3941,
        114,
        27099,
        3941,
        113,
        17937,
        45938,
        35082,
        8485,
        255,
        31881,
        8485,
        99,
        33279,
        48268,
        17937,
        8485,
        245,
        48268,
        17937,
        48449,
        8703,
        234,
        41858,
        21981,
        8485,
        103,
        25411,
        8485,
        113,
        33279,
        3941,
        100,
        17937,
        48268,
        41858,
        8485,
        108,
        17937,
        3941,
        250,
        8703,
        224,
        8485,
        97,
        33279,
        3941,
        113,
        17937,
        25411,
        31881
      ],
      "temperature": 0.0,
      "avg_logprob": -0.07283039938045453,
      "compression_ratio": 2.1270718232044197,
      "no_speech_prob": 9.853275422140595e-14,
      "confidence": 0.941,
      "words": [
        {
          "text": "पूजा",
          "start": 0.0,
          "end": 1.18,
          "confidence": 0.672
        },
        {
          "text": "को",
          "start": 1.18,
          "end": 1.34,
          "confidence": 0.835
        },
        {
          "text": "लेकर",
          "start": 1.34,
          "end": 1.56,
          "confidence": 0.936
        },
        {
          "text": "होने",
          "start": 1.56,
          "end": 1.86,
          "confidence": 0.974
        },
        {
          "text": "वाली",
          "start": 1.86,
          "end": 2.0,
          "confidence": 0.963
        },
        {
          "text": "परेशानियों",
          "start": 2.0,
          "end": 2.48,
          "confidence": 0.932
        },
        {
          "text": "को",
          "start": 2.48,
          "end": 2.62,
          "confidence": 0.977
        },
        {
          "text": "बैठक",
          "start": 2.62,
          "end": 2.98,
          "confidence": 0.987
        },
        {
          "text": "में",
          "start": 2.98,
          "end": 3.1,
          "confidence": 0.952
        },
        {
          "text": "रखा",
          "start": 3.1,
          "end": 3.34,
          "confidence": 0.988
        },
        {
          "text": "पूजा",
          "start": 3.34,
          "end": 3.72,
          "confidence": 0.99
        },
        {
          "text": "में",
          "start": 3.72,
          "end": 3.84,
          "confidence": 0.985
        },
        {
          "text": "होने",
          "start": 3.84,
          "end": 4.08,
          "confidence": 0.99
        },
        {
          "text": "वाली",
          "start": 4.08,
          "end": 4.28,
          "confidence": 0.966
        },
        {
          "text": "सभी",
          "start": 4.28,
          "end": 4.64,
          "confidence": 0.858
        },
        {
          "text": "व्यवस्थाओं",
          "start": 4.64,
          "end": 4.86,
          "confidence": 0.905
        },
        {
          "text": "का",
          "start": 4.86,
          "end": 5.06,
          "confidence": 0.955
        },
        {
          "text": "निदान",
          "start": 5.06,
          "end": 5.22,
          "confidence": 0.949
        },
        {
          "text": "करने",
          "start": 5.22,
          "end": 5.74,
          "confidence": 0.984
        },
        {
          "text": "का",
          "start": 5.74,
          "end": 6.0,
          "confidence": 0.991
        },
        {
          "text": "आश्वासन",
          "start": 6.0,
          "end": 7.0,
          "confidence": 0.957
        },
        {
          "text": "भी",
          "start": 7.0,
          "end": 7.16,
          "confidence": 0.959
        },
        {
          "text": "दिया",
          "start": 7.16,
          "end": 7.42,
          "confidence": 0.996
        },
        {
          "text": "गया",
          "start": 7.42,
          "end": 7.7,
          "confidence": 0.994
        },
        {
          "text": "मौके",
          "start": 7.7,
          "end": 8.92,
          "confidence": 0.97
        },
        {
          "text": "पर",
          "start": 8.92,
          "end": 8.94,
          "confidence": 0.858
        },
        {
          "text": "विधायक",
          "start": 8.94,
          "end": 9.32,
          "confidence": 0.988
        },
        {
          "text": "राजू",
          "start": 9.32,
          "end": 9.68,
          "confidence": 0.947
        },
        {
          "text": "तिवारी",
          "start": 9.68,
          "end": 10.0,
          "confidence": 0.994
        }
      ]
    }
  ],
  "language": "hi"
}