{
  "text": "न पुलिस कर्मियों के रहने की कोई व्यवस्था यहाँ तक की शौचालय भी नहीं है थाने में और थाना प्रभारी भी गाँव के ही किसी के घर",
  "segments": [
    {
      "id": 0,
      "seek": 0,
      "start": 0.0,
      "end": 10.4,
      "text": "न पुलिस कर्मियों के रहने की कोई व्यवस्था यहाँ तक की शौचालय भी नहीं है थाने में और थाना प्रभारी भी गाँव के ही किसी के घर",
      "tokens": [
        50364,
        35082,
        8485,
        103,
        8703,
        223,
        46758,
        33279,
        45938,
        31970,
        25411,
        27099,
        48521,
        33279,
        48268,
        33926,
        31945,
        31970,
        21981,
        8485,
        108,
        44500,
        35082,
        21981,
        31970,
        31881,
        31970,
        33926,
        3941,
        230,
        8485,
        113,
        27099,
        48268,
        3941,
        113,
        45938,
        27099,
        3941,
        98,
        17937,
        8485,
        107,
        44500,
        17937,
        3941,
        223,
        8485,
        97,
        41858,
        31970,
        31881,
        8485,
        114,
        8703,
        234,
        3941,
        248,
        17937,
        46758,
        48268,
        8485,
        255,
        31881,
        8485,
        101,
        44500,
        31881,
        31945,
        37139,
        43372,
        8485,
        98,
        17937,
        35082,
        21981,
        48449,
        21981,
        31945,
        8485,
        242,
        25411,
        8485,
        98,
        17937,
        35082,
        17937,
        8485,
        103,
        27099,
        25411,
        3941,
        255,
        17937,
        25411,
        31881,
        8485,
        255,
        31881,
        8485,
        245,
        17937,
        3941,
        223,
        3941,
        113,
        31970,
        21981,
        37139,
        31881,
        31970,
        33279,
        45938,
        31881,
        31970,
        21981,
        8485,
        246,
        25411
      ],
      "temperature": 0.0,
      "avg_logprob": -0.059849528471628825,
      "compression_ratio": 1.9182389937106918,
      "no_speech_prob": 2.609539739175759e-15,
      "confidence": 0.966,
      "words": [
        {
          "text": "न",
          "start": 0.0,
          "end": 0.6,
          "confidence": 0.854
        },
        {
          "text": "पुलिस",
          "start": 0.6,
          "end": 1.64,
          "confidence": 0.983
        },
        {
          "text": "कर्मियों",
          "start": 1.64,
          "end": 2.04,
          "confidence": 0.958
        },
        {
          "text": "के",
          "start": 2.04,
          "end": 2.18,
          "confidence": 0.94
        },
        {
          "text": "रहने",
          "start": 2.18,
          "end": 2.5,
          "confidence": 0.993
        },
        {
          "text": "की",
          "start": 2.5,
          "end": 2.7,
          "confidence": 0.967
        },
        {
          "text": "कोई",
          "start": 2.7,
          "end": 2.88,
          "confidence": 0.98
        },
        {
          "text": "व्यवस्था",
          "start": 2.88,
          "end": 3.44,
          "confidence": 0.998
        },
        {
          "text": "यहाँ",
          "start": 3.44,
          "end": 4.16,
          "confidence": 0.976
        },
        {
          "text": "तक",
          "start": 4.16,
          "end": 4.18,
          "confidence": 0.993
        },
        {
          "text": "की",
          "start": 4.18,
          "end": 4.24,
          "confidence": 0.799
        },
        {
          "text": "शौचालय",
          "start": 4.24,
          "end": 4.92,
          "confidence": 0.94
        },
        {
          "text": "भी",
          "start": 4.92,
          "end": 5.02,
          "confidence": 0.967
        },
        {
          "text": "नहीं",
          "start": 5.02,
          "end": 5.38,
          "confidence": 0.971
        },
        {
          "text": "है",
          "start": 5.38,
          "end": 5.92,
          "confidence": 0.99
        },
        {
          "text": "थाने",
          "start": 5.92,
          "end": 6.44,
          "confidence": 0.829
        },
        {
          "text": "में",
          "start": 6.44,
          "end": 6.64,
          "confidence": 0.977
        },
        {
          "text": "और",
          "start": 6.64,
          "end": 7.46,
          "confidence": 0.96
        },
        {
          "text": "थाना",
          "start": 7.46,
          "end": 7.64,
          "confidence": 0.995
        },
        {
          "text": "प्रभारी",
          "start": 7.64,
          "end": 8.08,
          "confidence": 0.993
        },
        {
          "text": "भी",
          "start": 8.08,
          "end": 8.38,
          "confidence": 0.983
        },
        {
          "text": "गाँव",
          "start": 8.38,
          "end": 9.34,
          "confidence": 0.995
        },
        {
          "text": "के",
          "start": 9.34,
          "end": 9.6,
          "confidence": 0.971
        },
        {
          "text": "ही",
          "start": 9.6,
          "end": 9.74,
          "confidence": 0.918
        },
        {
          "text": "किसी",
          "start": 9.74,
          "end": 10.08,
          "confidence": 0.993
        },
        {
          "text": "के",
          "start": 10.08,
          "end": 10.24,
          "confidence": 0.98
        },
        {
          "text": "घर",
          "start": 10.24,
          "end": 10.4,
          "confidence": 0.991
        }
      ]
    }
  ],
  "language": "hi"
}