{
  "text": "हत्या भी किए गए है लेकिन जाने चले जाती है आरोप अधिकारी का प्रक्रिया समाप्त नहीं हो पाती है",
  "segments": [
    {
      "id": 0,
      "seek": 0,
      "start": 0.0,
      "end": 7.48,
      "text": "हत्या भी किए गए है लेकिन जाने चले जाती है आरोप अधिकारी का प्रक्रिया समाप्त नहीं हो पाती है",
      "tokens": [
        50364,
        44500,
        36158,
        27099,
        48268,
        17937,
        8485,
        255,
        31881,
        31970,
        33279,
        3941,
        237,
        8485,
        245,
        3941,
        237,
        37139,
        43372,
        8485,
        110,
        21981,
        41858,
        33279,
        35082,
        8485,
        250,
        17937,
        35082,
        21981,
        8485,
        248,
        46758,
        21981,
        8485,
        250,
        17937,
        36158,
        31881,
        37139,
        43372,
        8485,
        228,
        25411,
        33926,
        3941,
        103,
        8485,
        227,
        3941,
        100,
        33279,
        41858,
        17937,
        25411,
        31881,
        31970,
        17937,
        8485,
        103,
        27099,
        25411,
        41858,
        27099,
        25411,
        33279,
        48268,
        17937,
        49316,
        48521,
        17937,
        3941,
        103,
        27099,
        36158,
        8485,
        101,
        44500,
        31881,
        31945,
        37139,
        33926,
        8485,
        103,
        17937,
        36158,
        31881,
        37139,
        43372
      ],
      "temperature": 0.0,
      "avg_logprob": -0.08709776136610244,
      "compression_ratio": 1.786259541984733,
      "no_speech_prob": 5.110293766386227e-15,
      "confidence": 0.941,
      "words": [
        {
          "text": "हत्या",
          "start": 0.0,
          "end": 0.64,
          "confidence": 0.955
        },
        {
          "text": "भी",
          "start": 0.64,
          "end": 0.92,
          "confidence": 0.975
        },
        {
          "text": "किए",
          "start": 0.92,
          "end": 1.24,
          "confidence": 0.954
        },
        {
          "text": "गए",
          "start": 1.24,
          "end": 1.38,
          "confidence": 0.961
        },
        {
          "text": "है",
          "start": 1.38,
          "end": 1.98,
          "confidence": 0.974
        },
        {
          "text": "लेकिन",
          "start": 1.98,
          "end": 2.48,
          "confidence": 0.911
        },
        {
          "text": "जाने",
          "start": 2.48,
          "end": 3.48,
          "confidence": 0.966
        },
        {
          "text": "चले",
          "start": 3.48,
          "end": 3.52,
          "confidence": 0.625
        },
        {
          "text": "जाती",
          "start": 3.52,
          "end": 4.0,
          "confidence": 0.963
        },
        {
          "text": "है",
          "start": 4.0,
          "end": 4.18,
          "confidence": 0.986
        },
        {
          "text": "आरोप",
          "start": 4.18,
          "end": 4.36,
          "confidence": 0.88
        },
        {
          "text": "अधिकारी",
          "start": 4.36,
          "end": 5.02,
          "confidence": 0.99
        },
        {
          "text": "का",
          "start": 5.02,
          "end": 5.46,
          "confidence": 0.978
        },
        {
          "text": "प्रक्रिया",
          "start": 5.46,
          "end": 6.12,
          "confidence": 0.983
        },
        {
          "text": "समाप्त",
          "start": 6.12,
          "end": 6.6,
          "confidence": 0.988
        },
        {
          "text": "नहीं",
          "start": 6.6,
          "end": 6.74,
          "confidence": 0.908
        },
        {
          "text": "हो",
          "start": 6.74,
          "end": 6.94,
          "confidence": 0.986
        },
        {
          "text": "पाती",
          "start": 6.94,
          "end": 7.3,
          "confidence": 0.962
        },
        {
          "text": "है",
          "start": 7.3,
          "end": 7.48,
          "confidence": 0.997
        }
      ]
    }
  ],
  "language": "hi"
}