{
  "text": "मैं प्रयाण बोध रामगढ जिला ऐसी हमारे यहाँ कोहले की बहुत ही खदाने खोली गयी है और वो खदानों में चलने वाली गाडियाँ",
  "segments": [
    {
      "id": 0,
      "seek": 0,
      "start": 0.0,
      "end": 9.92,
      "text": "मैं प्रयाण बोध रामगढ जिला ऐसी हमारे यहाँ कोहले की बहुत ही खदाने खोली गयी है और वो खदानों में चलने वाली गाडियाँ",
      "tokens": [
        50380,
        48521,
        43372,
        31945,
        8485,
        103,
        27099,
        25411,
        48268,
        17937,
        3941,
        96,
        8485,
        105,
        33926,
        3941,
        100,
        8485,
        108,
        17937,
        48521,
        3941,
        245,
        3941,
        95,
        8485,
        250,
        33279,
        46758,
        17937,
        8485,
        238,
        45938,
        31881,
        37139,
        48521,
        17937,
        25411,
        21981,
        8485,
        107,
        44500,
        17937,
        3941,
        223,
        31970,
        33926,
        44500,
        46758,
        21981,
        31970,
        31881,
        8485,
        105,
        44500,
        8703,
        223,
        36158,
        37139,
        31881,
        8485,
        244,
        3941,
        99,
        17937,
        35082,
        21981,
        8485,
        244,
        33926,
        46758,
        31881,
        8485,
        245,
        48268,
        31881,
        37139,
        43372,
        8485,
        242,
        25411,
        8485,
        113,
        33926,
        8485,
        244,
        3941,
        99,
        17937,
        35082,
        33926,
        31945,
        48449,
        21981,
        31945,
        8485,
        248,
        46758,
        35082,
        21981,
        8485,
        113,
        17937,
        46758,
        31881,
        8485,
        245,
        17937,
        3941,
        94,
        33279,
        48268,
        17937,
        3941,
        223
      ],
      "temperature": 0.0,
      "avg_logprob": -0.17788068179426522,
      "compression_ratio": 1.7763975155279503,
      "no_speech_prob": 1.6284864861498046e-15,
      "confidence": 0.857,
      "words": [
        {
          "text": "मैं",
          "start": 0.0,
          "end": 0.74,
          "confidence": 0.728
        },
        {
          "text": "प्रयाण",
          "start": 0.74,
          "end": 1.06,
          "confidence": 0.699
        },
        {
          "text": "बोध",
          "start": 1.06,
          "end": 1.36,
          "confidence": 0.626
        },
        {
          "text": "रामगढ",
          "start": 1.36,
          "end": 1.72,
          "confidence": 0.725
        },
        {
          "text": "जिला",
          "start": 1.72,
          "end": 2.04,
          "confidence": 0.951
        },
        {
          "text": "ऐसी",
          "start": 2.04,
          "end": 3.02,
          "confidence": 0.959
        },
        {
          "text": "हमारे",
          "start": 3.02,
          "end": 3.64,
          "confidence": 0.993
        },
        {
          "text": "यहाँ",
          "start": 3.64,
          "end": 3.92,
          "confidence": 0.998
        },
        {
          "text": "कोहले",
          "start": 3.92,
          "end": 4.38,
          "confidence": 0.851
        },
        {
          "text": "की",
          "start": 4.38,
          "end": 4.66,
          "confidence": 0.925
        },
        {
          "text": "बहुत",
          "start": 4.66,
          "end": 5.08,
          "confidence": 0.977
        },
        {
          "text": "ही",
          "start": 5.08,
          "end": 5.14,
          "confidence": 0.622
        },
        {
          "text": "खदाने",
          "start": 5.14,
          "end": 5.74,
          "confidence": 0.869
        },
        {
          "text": "खोली",
          "start": 5.74,
          "end": 6.94,
          "confidence": 0.874
        },
        {
          "text": "गयी",
          "start": 6.94,
          "end": 7.12,
          "confidence": 0.9
        },
        {
          "text": "है",
          "start": 7.12,
          "end": 7.54,
          "confidence": 0.97
        },
        {
          "text": "और",
          "start": 7.54,
          "end": 7.72,
          "confidence": 0.752
        },
        {
          "text": "वो",
          "start": 7.72,
          "end": 7.74,
          "confidence": 0.661
        },
        {
          "text": "खदानों",
          "start": 7.74,
          "end": 8.42,
          "confidence": 0.964
        },
        {
          "text": "में",
          "start": 8.42,
          "end": 8.96,
          "confidence": 0.978
        },
        {
          "text": "चलने",
          "start": 8.96,
          "end": 9.2,
          "confidence": 0.902
        },
        {
          "text": "वाली",
          "start": 9.2,
          "end": 9.46,
          "confidence": 0.98
        },
        {
          "text": "गाडियाँ",
          "start": 9.46,
          "end": 9.92,
          "confidence": 0.895
        }
      ]
    }
  ],
  "language": "hi"
}