{
  "text": "की कौन ऐसी बच्चा हमारे देश का कारणदार होगा ये तो जन्म की बात है की छह वर्ष के बाद बच्चों को कार्य करने के लिए भेज कर लोगो के रसोई घर ऐसी लेकर",
  "segments": [
    {
      "id": 0,
      "seek": 0,
      "start": 0.0,
      "end": 11.1,
      "text": "की कौन ऐसी बच्चा हमारे देश का कारणदार होगा ये तो जन्म की बात है की छह वर्ष के बाद बच्चों को कार्य करने के लिए भेज कर लोगो के रसोई घर ऐसी लेकर",
      "tokens": [
        50364,
        41858,
        31881,
        31970,
        8703,
        234,
        35082,
        8485,
        238,
        45938,
        31881,
        8485,
        105,
        3941,
        248,
        27099,
        3941,
        248,
        17937,
        37139,
        48521,
        17937,
        25411,
        21981,
        8485,
        99,
        21981,
        3941,
        114,
        31970,
        17937,
        31970,
        17937,
        25411,
        3941,
        96,
        3941,
        99,
        17937,
        25411,
        37139,
        33926,
        3941,
        245,
        17937,
        8485,
        107,
        21981,
        8485,
        97,
        33926,
        8485,
        250,
        35082,
        27099,
        48521,
        31970,
        31881,
        8485,
        105,
        17937,
        36158,
        37139,
        43372,
        31970,
        31881,
        8485,
        249,
        44500,
        8485,
        113,
        25411,
        27099,
        3941,
        115,
        31970,
        21981,
        8485,
        105,
        17937,
        3941,
        99,
        8485,
        105,
        3941,
        248,
        27099,
        3941,
        248,
        33926,
        31945,
        31970,
        33926,
        31970,
        17937,
        25411,
        27099,
        48268,
        31970,
        25411,
        35082,
        21981,
        31970,
        21981,
        8485,
        110,
        33279,
        3941,
        237,
        8485,
        255,
        21981,
        3941,
        250,
        31970,
        25411,
        8485,
        110,
        33926,
        3941,
        245,
        33926,
        31970,
        21981,
        8485,
        108,
        45938,
        33926,
        3941,
        230,
        8485,
        246,
        25411,
        8485,
        238,
        45938,
        31881,
        8485,
        110,
        21981,
        41858,
        25411
      ],
      "temperature": 0.0,
      "avg_logprob": -0.07795861384251734,
      "compression_ratio": 2.0755813953488373,
      "no_speech_prob": 2.51461178268908e-13,
      "confidence": 0.936,
      "words": [
        {
          "text": "की",
          "start": 0.0,
          "end": 0.4,
          "confidence": 0.66
        },
        {
          "text": "कौन",
          "start": 0.4,
          "end": 0.74,
          "confidence": 0.967
        },
        {
          "text": "ऐसी",
          "start": 0.74,
          "end": 0.76,
          "confidence": 0.827
        },
        {
          "text": "बच्चा",
          "start": 0.76,
          "end": 1.14,
          "confidence": 0.989
        },
        {
          "text": "हमारे",
          "start": 1.14,
          "end": 1.52,
          "confidence": 0.978
        },
        {
          "text": "देश",
          "start": 1.52,
          "end": 1.8,
          "confidence": 0.994
        },
        {
          "text": "का",
          "start": 1.8,
          "end": 2.0,
          "confidence": 0.987
        },
        {
          "text": "कारणदार",
          "start": 2.0,
          "end": 2.48,
          "confidence": 0.853
        },
        {
          "text": "होगा",
          "start": 2.48,
          "end": 2.92,
          "confidence": 0.993
        },
        {
          "text": "ये",
          "start": 2.92,
          "end": 3.56,
          "confidence": 0.895
        },
        {
          "text": "तो",
          "start": 3.56,
          "end": 3.74,
          "confidence": 0.994
        },
        {
          "text": "जन्म",
          "start": 3.74,
          "end": 4.2,
          "confidence": 0.809
        },
        {
          "text": "की",
          "start": 4.2,
          "end": 4.34,
          "confidence": 0.971
        },
        {
          "text": "बात",
          "start": 4.34,
          "end": 4.58,
          "confidence": 0.996
        },
        {
          "text": "है",
          "start": 4.58,
          "end": 5.0,
          "confidence": 0.977
        },
        {
          "text": "की",
          "start": 5.0,
          "end": 5.3,
          "confidence": 0.67
        },
        {
          "text": "छह",
          "start": 5.3,
          "end": 5.56,
          "confidence": 0.943
        },
        {
          "text": "वर्ष",
          "start": 5.56,
          "end": 5.68,
          "confidence": 0.993
        },
        {
          "text": "के",
          "start": 5.68,
          "end": 6.16,
          "confidence": 0.973
        },
        {
          "text": "बाद",
          "start": 6.16,
          "end": 6.22,
          "confidence": 0.958
        },
        {
          "text": "बच्चों",
          "start": 6.22,
          "end": 6.46,
          "confidence": 0.993
        },
        {
          "text": "को",
          "start": 6.46,
          "end": 6.74,
          "confidence": 0.989
        },
        {
          "text": "कार्य",
          "start": 6.74,
          "end": 7.68,
          "confidence": 0.923
        },
        {
          "text": "करने",
          "start": 7.68,
          "end": 8.06,
          "confidence": 0.987
        },
        {
          "text": "के",
          "start": 8.06,
          "end": 8.26,
          "confidence": 0.988
        },
        {
          "text": "लिए",
          "start": 8.26,
          "end": 8.56,
          "confidence": 0.994
        },
        {
          "text": "भेज",
          "start": 8.56,
          "end": 9.28,
          "confidence": 0.939
        },
        {
          "text": "कर",
          "start": 9.28,
          "end": 9.42,
          "confidence": 0.833
        },
        {
          "text": "लोगो",
          "start": 9.42,
          "end": 9.84,
          "confidence": 0.996
        },
        {
          "text": "के",
          "start": 9.84,
          "end": 9.98,
          "confidence": 0.621
        },
        {
          "text": "रसोई",
          "start": 9.98,
          "end": 10.46,
          "confidence": 0.992
        },
        {
          "text": "घर",
          "start": 10.46,
          "end": 10.48,
          "confidence": 0.82
        },
        {
          "text": "ऐसी",
          "start": 10.48,
          "end": 10.74,
          "confidence": 0.977
        },
        {
          "text": "लेकर",
          "start": 10.74,
          "end": 11.1,
          "confidence": 0.995
        }
      ]
    }
  ],
  "language": "hi"
}