{
  "text": "जब कुछ नहीं कर सकती तो इससे अच्छा तो सरकार बी पी जी एल धारी गरीबों के लिए वार्ड पंचायत गाँव प्रखंड एवं जिला स्तर पर मरने वाली",
  "segments": [
    {
      "id": 0,
      "seek": 0,
      "start": 0.0,
      "end": 11.56,
      "text": "जब कुछ नहीं कर सकती तो इससे अच्छा तो सरकार बी पी जी एल धारी गरीबों के लिए वार्ड पंचायत गाँव प्रखंड एवं जिला स्तर पर मरने वाली",
      "tokens": [
        50364,
        3941,
        250,
        3941,
        105,
        31970,
        8703,
        223,
        3941,
        249,
        8485,
        101,
        44500,
        31881,
        31945,
        31970,
        25411,
        49316,
        41858,
        36158,
        31881,
        8485,
        97,
        33926,
        8485,
        229,
        45938,
        45938,
        21981,
        8485,
        227,
        3941,
        248,
        27099,
        3941,
        249,
        17937,
        8485,
        97,
        33926,
        49316,
        25411,
        41858,
        17937,
        25411,
        8485,
        105,
        31881,
        8485,
        103,
        31881,
        8485,
        250,
        31881,
        8485,
        237,
        46758,
        8485,
        100,
        17937,
        25411,
        31881,
        8485,
        245,
        25411,
        31881,
        3941,
        105,
        33926,
        31945,
        31970,
        21981,
        8485,
        110,
        33279,
        3941,
        237,
        8485,
        113,
        17937,
        25411,
        27099,
        3941,
        94,
        8485,
        103,
        31945,
        3941,
        248,
        17937,
        48268,
        36158,
        8485,
        245,
        17937,
        3941,
        223,
        3941,
        113,
        8485,
        103,
        27099,
        25411,
        3941,
        244,
        31945,
        3941,
        94,
        8485,
        237,
        3941,
        113,
        31945,
        8485,
        250,
        33279,
        46758,
        17937,
        49316,
        27099,
        36158,
        25411,
        8485,
        103,
        25411,
        48449,
        25411,
        35082,
        21981,
        8485,
        113,
        17937,
        46758,
        31881
      ],
      "temperature": 0.0,
      "avg_logprob": -0.054201013070565685,
      "compression_ratio": 1.9814814814814814,
      "no_speech_prob": 6.118930276762603e-17,
      "confidence": 0.966,
      "words": [
        {
          "text": "जब",
          "start": 0.0,
          "end": 0.6,
          "confidence": 0.993
        },
        {
          "text": "कुछ",
          "start": 0.6,
          "end": 0.86,
          "confidence": 0.997
        },
        {
          "text": "नहीं",
          "start": 0.86,
          "end": 1.18,
          "confidence": 0.942
        },
        {
          "text": "कर",
          "start": 1.18,
          "end": 1.38,
          "confidence": 0.993
        },
        {
          "text": "सकती",
          "start": 1.38,
          "end": 1.78,
          "confidence": 0.982
        },
        {
          "text": "तो",
          "start": 1.78,
          "end": 2.24,
          "confidence": 0.985
        },
        {
          "text": "इससे",
          "start": 2.24,
          "end": 2.56,
          "confidence": 0.915
        },
        {
          "text": "अच्छा",
          "start": 2.56,
          "end": 2.8,
          "confidence": 0.997
        },
        {
          "text": "तो",
          "start": 2.8,
          "end": 3.08,
          "confidence": 0.98
        },
        {
          "text": "सरकार",
          "start": 3.08,
          "end": 3.82,
          "confidence": 0.993
        },
        {
          "text": "बी",
          "start": 3.82,
          "end": 3.98,
          "confidence": 0.896
        },
        {
          "text": "पी",
          "start": 3.98,
          "end": 4.14,
          "confidence": 0.821
        },
        {
          "text": "जी",
          "start": 4.14,
          "end": 4.16,
          "confidence": 0.963
        },
        {
          "text": "एल",
          "start": 4.16,
          "end": 4.22,
          "confidence": 0.955
        },
        {
          "text": "धारी",
          "start": 4.22,
          "end": 4.46,
          "confidence": 0.941
        },
        {
          "text": "गरीबों",
          "start": 4.46,
          "end": 4.88,
          "confidence": 0.935
        },
        {
          "text": "के",
          "start": 4.88,
          "end": 5.18,
          "confidence": 0.981
        },
        {
          "text": "लिए",
          "start": 5.18,
          "end": 5.32,
          "confidence": 0.994
        },
        {
          "text": "वार्ड",
          "start": 5.32,
          "end": 6.66,
          "confidence": 0.988
        },
        {
          "text": "पंचायत",
          "start": 6.66,
          "end": 7.4,
          "confidence": 0.996
        },
        {
          "text": "गाँव",
          "start": 7.4,
          "end": 8.06,
          "confidence": 0.99
        },
        {
          "text": "प्रखंड",
          "start": 8.06,
          "end": 9.2,
          "confidence": 0.983
        },
        {
          "text": "एवं",
          "start": 9.2,
          "end": 9.74,
          "confidence": 0.935
        },
        {
          "text": "जिला",
          "start": 9.74,
          "end": 10.16,
          "confidence": 0.993
        },
        {
          "text": "स्तर",
          "start": 10.16,
          "end": 10.48,
          "confidence": 0.976
        },
        {
          "text": "पर",
          "start": 10.48,
          "end": 10.62,
          "confidence": 0.873
        },
        {
          "text": "मरने",
          "start": 10.62,
          "end": 11.32,
          "confidence": 0.968
        },
        {
          "text": "वाली",
          "start": 11.32,
          "end": 11.56,
          "confidence": 0.978
        }
      ]
    }
  ],
  "language": "hi"
}