{
  "text": "जाते कैसे हो मोहन कुछ तो बताओ अरे मेरी छोड़ो अपनी छोड़ो अपनी सुनाओ सुनाता हूँ मोहन इस कहानी आ गयी धर्म",
  "segments": [
    {
      "id": 0,
      "seek": 0,
      "start": 0.0,
      "end": 9.9,
      "text": "जाते कैसे हो मोहन कुछ तो बताओ अरे मेरी छोड़ो अपनी छोड़ो अपनी सुनाओ सुनाता हूँ मोहन इस कहानी आ गयी धर्म",
      "tokens": [
        50364,
        3941,
        250,
        17937,
        36158,
        21981,
        31970,
        43372,
        45938,
        21981,
        37139,
        33926,
        48449,
        33926,
        44500,
        35082,
        31970,
        8703,
        223,
        3941,
        249,
        8485,
        97,
        33926,
        8485,
        105,
        36158,
        17937,
        3941,
        241,
        8485,
        227,
        25411,
        21981,
        48449,
        21981,
        25411,
        31881,
        8485,
        249,
        33926,
        8703,
        250,
        33926,
        8485,
        227,
        3941,
        103,
        35082,
        31881,
        8485,
        249,
        33926,
        8703,
        250,
        33926,
        8485,
        227,
        3941,
        103,
        35082,
        31881,
        49316,
        8703,
        223,
        35082,
        17937,
        3941,
        241,
        49316,
        8703,
        223,
        35082,
        17937,
        36158,
        17937,
        37139,
        8703,
        224,
        3941,
        223,
        48449,
        33926,
        44500,
        35082,
        8485,
        229,
        45938,
        31970,
        44500,
        17937,
        35082,
        31881,
        8485,
        228,
        8485,
        245,
        48268,
        31881,
        8485,
        100,
        25411,
        27099,
        48521
      ],
      "temperature": 0.0,
      "avg_logprob": -0.06549765723092216,
      "compression_ratio": 1.9694656488549618,
      "no_speech_prob": 3.793382708644488e-12,
      "confidence": 0.952,
      "words": [
        {
          "text": "जाते",
          "start": 0.0,
          "end": 0.48,
          "confidence": 0.838
        },
        {
          "text": "कैसे",
          "start": 0.48,
          "end": 1.28,
          "confidence": 0.959
        },
        {
          "text": "हो",
          "start": 1.28,
          "end": 1.52,
          "confidence": 0.979
        },
        {
          "text": "मोहन",
          "start": 1.52,
          "end": 1.82,
          "confidence": 0.979
        },
        {
          "text": "कुछ",
          "start": 1.82,
          "end": 2.12,
          "confidence": 0.99
        },
        {
          "text": "तो",
          "start": 2.12,
          "end": 2.22,
          "confidence": 0.98
        },
        {
          "text": "बताओ",
          "start": 2.22,
          "end": 2.86,
          "confidence": 0.988
        },
        {
          "text": "अरे",
          "start": 2.86,
          "end": 3.9,
          "confidence": 0.954
        },
        {
          "text": "मेरी",
          "start": 3.9,
          "end": 3.94,
          "confidence": 0.986
        },
        {
          "text": "छोड़ो",
          "start": 3.94,
          "end": 4.18,
          "confidence": 0.932
        },
        {
          "text": "अपनी",
          "start": 4.18,
          "end": 4.64,
          "confidence": 0.967
        },
        {
          "text": "छोड़ो",
          "start": 4.64,
          "end": 5.28,
          "confidence": 0.875
        },
        {
          "text": "अपनी",
          "start": 5.28,
          "end": 5.64,
          "confidence": 0.987
        },
        {
          "text": "सुनाओ",
          "start": 5.64,
          "end": 5.94,
          "confidence": 0.983
        },
        {
          "text": "सुनाता",
          "start": 5.94,
          "end": 6.88,
          "confidence": 0.967
        },
        {
          "text": "हूँ",
          "start": 6.88,
          "end": 7.04,
          "confidence": 0.972
        },
        {
          "text": "मोहन",
          "start": 7.04,
          "end": 7.42,
          "confidence": 0.996
        },
        {
          "text": "इस",
          "start": 7.42,
          "end": 8.04,
          "confidence": 0.93
        },
        {
          "text": "कहानी",
          "start": 8.04,
          "end": 8.24,
          "confidence": 0.994
        },
        {
          "text": "आ",
          "start": 8.24,
          "end": 8.88,
          "confidence": 0.974
        },
        {
          "text": "गयी",
          "start": 8.88,
          "end": 9.12,
          "confidence": 0.817
        },
        {
          "text": "धर्म",
          "start": 9.12,
          "end": 9.9,
          "confidence": 0.941
        }
      ]
    }
  ],
  "language": "hi"
}