{
  "text": "बहुत ही कोशिश की लड़की पतथक हुआ चले गए इस मौसम में यह होता है की हमारे जीवन में शहरी इंसान के लिए बहुत ही बहुत ही ज़रूरी होता है",
  "segments": [
    {
      "id": 0,
      "seek": 0,
      "start": 0.0,
      "end": 9.88,
      "text": "बहुत ही कोशिश की लड़की पतथक हुआ चले गए इस मौसम में यह होता है की हमारे जीवन में शहरी इंसान के लिए बहुत ही बहुत ही ज़रूरी होता है",
      "tokens": [
        50364,
        3941,
        105,
        44500,
        8703,
        223,
        36158,
        37139,
        31881,
        31970,
        33926,
        3941,
        114,
        33279,
        3941,
        114,
        31970,
        31881,
        8485,
        110,
        8703,
        250,
        41858,
        31881,
        8485,
        103,
        36158,
        3941,
        98,
        41858,
        37139,
        8703,
        223,
        3941,
        228,
        8485,
        248,
        46758,
        21981,
        8485,
        245,
        3941,
        237,
        8485,
        229,
        45938,
        48449,
        8703,
        234,
        45938,
        48521,
        48449,
        21981,
        31945,
        8485,
        107,
        44500,
        37139,
        33926,
        36158,
        17937,
        37139,
        43372,
        31970,
        31881,
        37139,
        48521,
        17937,
        25411,
        21981,
        8485,
        250,
        31881,
        3941,
        113,
        35082,
        48449,
        21981,
        31945,
        8485,
        114,
        44500,
        25411,
        31881,
        8485,
        229,
        31945,
        45938,
        17937,
        35082,
        31970,
        21981,
        8485,
        110,
        33279,
        3941,
        237,
        8485,
        105,
        44500,
        8703,
        223,
        36158,
        37139,
        31881,
        8485,
        105,
        44500,
        8703,
        223,
        36158,
        37139,
        31881,
        220,
        8703,
        249,
        25411,
        8703,
        224,
        25411,
        31881,
        37139,
        33926,
        36158,
        17937,
        37139,
        43372
      ],
      "temperature": 0.0,
      "avg_logprob": -0.14104172587394714,
      "compression_ratio": 2.1333333333333333,
      "no_speech_prob": 1.0844563882487991e-15,
      "confidence": 0.879,
      "words": [
        {
          "text": "बहुत",
          "start": 0.0,
          "end": 0.78,
          "confidence": 0.87
        },
        {
          "text": "ही",
          "start": 0.78,
          "end": 0.8,
          "confidence": 0.931
        },
        {
          "text": "कोशिश",
          "start": 0.8,
          "end": 1.16,
          "confidence": 0.976
        },
        {
          "text": "की",
          "start": 1.16,
          "end": 1.28,
          "confidence": 0.904
        },
        {
          "text": "लड़की",
          "start": 1.28,
          "end": 1.6,
          "confidence": 0.709
        },
        {
          "text": "पतथक",
          "start": 1.6,
          "end": 2.18,
          "confidence": 0.46
        },
        {
          "text": "हुआ",
          "start": 2.18,
          "end": 2.48,
          "confidence": 0.946
        },
        {
          "text": "चले",
          "start": 2.48,
          "end": 3.0,
          "confidence": 0.963
        },
        {
          "text": "गए",
          "start": 3.0,
          "end": 3.3,
          "confidence": 0.948
        },
        {
          "text": "इस",
          "start": 3.3,
          "end": 3.92,
          "confidence": 0.834
        },
        {
          "text": "मौसम",
          "start": 3.92,
          "end": 4.16,
          "confidence": 0.989
        },
        {
          "text": "में",
          "start": 4.16,
          "end": 4.32,
          "confidence": 0.872
        },
        {
          "text": "यह",
          "start": 4.32,
          "end": 4.36,
          "confidence": 0.869
        },
        {
          "text": "होता",
          "start": 4.36,
          "end": 4.66,
          "confidence": 0.94
        },
        {
          "text": "है",
          "start": 4.66,
          "end": 5.12,
          "confidence": 0.975
        },
        {
          "text": "की",
          "start": 5.12,
          "end": 5.14,
          "confidence": 0.621
        },
        {
          "text": "हमारे",
          "start": 5.14,
          "end": 5.52,
          "confidence": 0.991
        },
        {
          "text": "जीवन",
          "start": 5.52,
          "end": 5.94,
          "confidence": 0.992
        },
        {
          "text": "में",
          "start": 5.94,
          "end": 6.4,
          "confidence": 0.993
        },
        {
          "text": "शहरी",
          "start": 6.4,
          "end": 6.78,
          "confidence": 0.648
        },
        {
          "text": "इंसान",
          "start": 6.78,
          "end": 7.32,
          "confidence": 0.985
        },
        {
          "text": "के",
          "start": 7.32,
          "end": 7.76,
          "confidence": 0.979
        },
        {
          "text": "लिए",
          "start": 7.76,
          "end": 7.92,
          "confidence": 0.993
        },
        {
          "text": "बहुत",
          "start": 7.92,
          "end": 8.32,
          "confidence": 0.969
        },
        {
          "text": "ही",
          "start": 8.32,
          "end": 8.4,
          "confidence": 0.966
        },
        {
          "text": "बहुत",
          "start": 8.4,
          "end": 8.84,
          "confidence": 0.866
        },
        {
          "text": "ही",
          "start": 8.84,
          "end": 8.86,
          "confidence": 0.984
        },
        {
          "text": "ज़रूरी",
          "start": 8.86,
          "end": 9.44,
          "confidence": 0.911
        },
        {
          "text": "होता",
          "start": 9.44,
          "end": 9.64,
          "confidence": 0.89
        },
        {
          "text": "है",
          "start": 9.64,
          "end": 9.88,
          "confidence": 0.995
        }
      ]
    }
  ],
  "language": "hi"
}