{
  "text": "बिच में ही पढ़ाए छोड़ कर भाग जाते थे आजकल आचार्य शरद करते है अच्छा हुआ की लेमेरा समय नष्ट कर दिया",
  "segments": [
    {
      "id": 0,
      "seek": 0,
      "start": 0.0,
      "end": 11.3,
      "text": "बिच में ही पढ़ाए छोड़ कर भाग जाते थे आजकल आचार्य शरद करते है अच्छा हुआ की लेमेरा समय नष्ट कर दिया",
      "tokens": [
        50364,
        3941,
        105,
        33279,
        3941,
        248,
        48449,
        21981,
        31945,
        37139,
        31881,
        8485,
        103,
        8703,
        251,
        17937,
        3941,
        237,
        8485,
        249,
        33926,
        8703,
        250,
        31970,
        25411,
        8485,
        255,
        17937,
        3941,
        245,
        8485,
        250,
        17937,
        36158,
        21981,
        8485,
        98,
        21981,
        8485,
        228,
        3941,
        250,
        41858,
        46758,
        8485,
        228,
        3941,
        248,
        17937,
        25411,
        27099,
        48268,
        8485,
        114,
        25411,
        3941,
        99,
        31970,
        25411,
        36158,
        21981,
        37139,
        43372,
        8485,
        227,
        3941,
        248,
        27099,
        3941,
        249,
        17937,
        37139,
        8703,
        223,
        3941,
        228,
        31970,
        31881,
        8485,
        110,
        21981,
        48521,
        21981,
        25411,
        17937,
        49316,
        48521,
        48268,
        8485,
        101,
        3941,
        115,
        27099,
        3941,
        253,
        31970,
        25411,
        8485,
        99,
        33279,
        48268,
        17937
      ],
      "temperature": 0.0,
      "avg_logprob": -0.20745382957088138,
      "compression_ratio": 1.6993006993006994,
      "no_speech_prob": 6.733351300739724e-16,
      "confidence": 0.829,
      "words": [
        {
          "text": "बिच",
          "start": 0.0,
          "end": 0.56,
          "confidence": 0.619
        },
        {
          "text": "में",
          "start": 0.56,
          "end": 0.8,
          "confidence": 0.842
        },
        {
          "text": "ही",
          "start": 0.8,
          "end": 0.82,
          "confidence": 0.934
        },
        {
          "text": "पढ़ाए",
          "start": 0.82,
          "end": 1.12,
          "confidence": 0.794
        },
        {
          "text": "छोड़",
          "start": 1.12,
          "end": 1.74,
          "confidence": 0.864
        },
        {
          "text": "कर",
          "start": 1.74,
          "end": 1.8,
          "confidence": 0.726
        },
        {
          "text": "भाग",
          "start": 1.8,
          "end": 2.04,
          "confidence": 0.863
        },
        {
          "text": "जाते",
          "start": 2.04,
          "end": 2.4,
          "confidence": 0.985
        },
        {
          "text": "थे",
          "start": 2.4,
          "end": 2.58,
          "confidence": 0.989
        },
        {
          "text": "आजकल",
          "start": 2.58,
          "end": 3.74,
          "confidence": 0.888
        },
        {
          "text": "आचार्य",
          "start": 3.74,
          "end": 4.66,
          "confidence": 0.729
        },
        {
          "text": "शरद",
          "start": 4.66,
          "end": 4.92,
          "confidence": 0.544
        },
        {
          "text": "करते",
          "start": 4.92,
          "end": 5.36,
          "confidence": 0.819
        },
        {
          "text": "है",
          "start": 5.36,
          "end": 5.7,
          "confidence": 0.915
        },
        {
          "text": "अच्छा",
          "start": 5.7,
          "end": 6.9,
          "confidence": 0.932
        },
        {
          "text": "हुआ",
          "start": 6.9,
          "end": 7.14,
          "confidence": 0.989
        },
        {
          "text": "की",
          "start": 7.14,
          "end": 7.26,
          "confidence": 0.919
        },
        {
          "text": "लेमेरा",
          "start": 7.26,
          "end": 8.86,
          "confidence": 0.596
        },
        {
          "text": "समय",
          "start": 8.86,
          "end": 9.92,
          "confidence": 0.979
        },
        {
          "text": "नष्ट",
          "start": 9.92,
          "end": 10.86,
          "confidence": 0.955
        },
        {
          "text": "कर",
          "start": 10.86,
          "end": 11.06,
          "confidence": 0.985
        },
        {
          "text": "दिया",
          "start": 11.06,
          "end": 11.3,
          "confidence": 0.995
        }
      ]
    }
  ],
  "language": "hi"
}