{
  "text": "को नहीं रोका जाता है तब तक हमारे यहाँ मौजूद प्लान हमेशा करती रहेगी और मौजूद प्लान नहीं करेगी तो आज का फेस कैसे चलेगा",
  "segments": [
    {
      "id": 0,
      "seek": 0,
      "start": 0.0,
      "end": 10.66,
      "text": "को नहीं रोका जाता है तब तक हमारे यहाँ मौजूद प्लान हमेशा करती रहेगी और मौजूद प्लान नहीं करेगी तो आज का फेस कैसे चलेगा",
      "tokens": [
        50364,
        41858,
        33926,
        8485,
        101,
        44500,
        31881,
        31945,
        8485,
        108,
        33926,
        41858,
        17937,
        8485,
        250,
        17937,
        36158,
        17937,
        37139,
        43372,
        8485,
        97,
        3941,
        105,
        8485,
        97,
        41858,
        37139,
        48521,
        17937,
        25411,
        21981,
        8485,
        107,
        44500,
        17937,
        3941,
        223,
        48449,
        8703,
        234,
        3941,
        250,
        8703,
        224,
        3941,
        99,
        8485,
        103,
        27099,
        46758,
        17937,
        35082,
        37139,
        48521,
        21981,
        3941,
        114,
        17937,
        31970,
        25411,
        36158,
        31881,
        8485,
        108,
        44500,
        21981,
        3941,
        245,
        31881,
        8485,
        242,
        25411,
        48449,
        8703,
        234,
        3941,
        250,
        8703,
        224,
        3941,
        99,
        8485,
        103,
        27099,
        46758,
        17937,
        35082,
        8485,
        101,
        44500,
        31881,
        31945,
        31970,
        25411,
        21981,
        3941,
        245,
        31881,
        8485,
        97,
        33926,
        8485,
        228,
        3941,
        250,
        31970,
        17937,
        8485,
        104,
        21981,
        45938,
        31970,
        43372,
        45938,
        21981,
        8485,
        248,
        46758,
        21981,
        3941,
        245,
        17937
      ],
      "temperature": 0.0,
      "avg_logprob": -0.08394960434206071,
      "compression_ratio": 2.0,
      "no_speech_prob": 2.2540625507598555e-13,
      "confidence": 0.933,
      "words": [
        {
          "text": "को",
          "start": 0.0,
          "end": 0.46,
          "confidence": 0.745
        },
        {
          "text": "नहीं",
          "start": 0.46,
          "end": 0.92,
          "confidence": 0.962
        },
        {
          "text": "रोका",
          "start": 0.92,
          "end": 1.12,
          "confidence": 0.988
        },
        {
          "text": "जाता",
          "start": 1.12,
          "end": 1.38,
          "confidence": 0.994
        },
        {
          "text": "है",
          "start": 1.38,
          "end": 1.6,
          "confidence": 0.974
        },
        {
          "text": "तब",
          "start": 1.6,
          "end": 2.06,
          "confidence": 0.832
        },
        {
          "text": "तक",
          "start": 2.06,
          "end": 2.08,
          "confidence": 0.849
        },
        {
          "text": "हमारे",
          "start": 2.08,
          "end": 2.86,
          "confidence": 0.831
        },
        {
          "text": "यहाँ",
          "start": 2.86,
          "end": 3.08,
          "confidence": 0.992
        },
        {
          "text": "मौजूद",
          "start": 3.08,
          "end": 3.8,
          "confidence": 0.907
        },
        {
          "text": "प्लान",
          "start": 3.8,
          "end": 4.2,
          "confidence": 0.979
        },
        {
          "text": "हमेशा",
          "start": 4.2,
          "end": 5.18,
          "confidence": 0.98
        },
        {
          "text": "करती",
          "start": 5.18,
          "end": 5.48,
          "confidence": 0.961
        },
        {
          "text": "रहेगी",
          "start": 5.48,
          "end": 5.82,
          "confidence": 0.981
        },
        {
          "text": "और",
          "start": 5.82,
          "end": 6.42,
          "confidence": 0.984
        },
        {
          "text": "मौजूद",
          "start": 6.42,
          "end": 6.9,
          "confidence": 0.992
        },
        {
          "text": "प्लान",
          "start": 6.9,
          "end": 7.24,
          "confidence": 0.996
        },
        {
          "text": "नहीं",
          "start": 7.24,
          "end": 7.94,
          "confidence": 0.982
        },
        {
          "text": "करेगी",
          "start": 7.94,
          "end": 8.54,
          "confidence": 0.994
        },
        {
          "text": "तो",
          "start": 8.54,
          "end": 9.04,
          "confidence": 0.968
        },
        {
          "text": "आज",
          "start": 9.04,
          "end": 9.3,
          "confidence": 0.936
        },
        {
          "text": "का",
          "start": 9.3,
          "end": 9.62,
          "confidence": 0.543
        },
        {
          "text": "फेस",
          "start": 9.62,
          "end": 9.92,
          "confidence": 0.708
        },
        {
          "text": "कैसे",
          "start": 9.92,
          "end": 10.38,
          "confidence": 0.886
        },
        {
          "text": "चलेगा",
          "start": 10.38,
          "end": 10.66,
          "confidence": 0.98
        }
      ]
    }
  ],
  "language": "hi"
}