{
  "text": "आजाद क्लब खुटौना मधुबनी ऐसी मई संतोष कुमार मंडल हमारे समाज में बाल विवाह की प्रकार वर्षों ऐसी सदी आ रही है और हमारे समाज में जहाँ देखी",
  "segments": [
    {
      "id": 0,
      "seek": 0,
      "start": 0.0,
      "end": 11.26,
      "text": "आजाद क्लब खुटौना मधुबनी ऐसी मई संतोष कुमार मंडल हमारे समाज में बाल विवाह की प्रकार वर्षों ऐसी सदी आ रही है और हमारे समाज में जहाँ देखी",
      "tokens": [
        50364,
        3941,
        228,
        3941,
        250,
        17937,
        3941,
        99,
        31970,
        27099,
        46758,
        3941,
        105,
        8485,
        244,
        8703,
        223,
        3941,
        253,
        8703,
        234,
        35082,
        17937,
        48449,
        3941,
        100,
        8703,
        223,
        3941,
        105,
        35082,
        31881,
        8485,
        238,
        45938,
        31881,
        48449,
        3941,
        230,
        49316,
        31945,
        36158,
        33926,
        3941,
        115,
        31970,
        8703,
        223,
        48521,
        17937,
        25411,
        48449,
        31945,
        3941,
        94,
        46758,
        37139,
        48521,
        17937,
        25411,
        21981,
        49316,
        48521,
        17937,
        3941,
        250,
        48449,
        21981,
        31945,
        8485,
        105,
        17937,
        46758,
        8485,
        113,
        33279,
        3941,
        113,
        17937,
        44500,
        31970,
        31881,
        8485,
        103,
        27099,
        25411,
        41858,
        17937,
        25411,
        8485,
        113,
        25411,
        27099,
        3941,
        115,
        33926,
        31945,
        8485,
        238,
        45938,
        31881,
        49316,
        3941,
        99,
        31881,
        8485,
        228,
        8485,
        108,
        44500,
        31881,
        37139,
        43372,
        8485,
        242,
        25411,
        37139,
        48521,
        17937,
        25411,
        21981,
        49316,
        48521,
        17937,
        3941,
        250,
        48449,
        21981,
        31945,
        8485,
        250,
        44500,
        17937,
        3941,
        223,
        8485,
        99,
        21981,
        3941,
        244,
        31881
      ],
      "temperature": 0.0,
      "avg_logprob": -0.13287313219527125,
      "compression_ratio": 2.0115606936416186,
      "no_speech_prob": 8.621835714719538e-15,
      "confidence": 0.893,
      "words": [
        {
          "text": "आजाद",
          "start": 0.0,
          "end": 0.78,
          "confidence": 0.955
        },
        {
          "text": "क्लब",
          "start": 0.78,
          "end": 0.98,
          "confidence": 0.886
        },
        {
          "text": "खुटौना",
          "start": 0.98,
          "end": 1.38,
          "confidence": 0.924
        },
        {
          "text": "मधुबनी",
          "start": 1.38,
          "end": 1.88,
          "confidence": 0.966
        },
        {
          "text": "ऐसी",
          "start": 1.88,
          "end": 2.18,
          "confidence": 0.938
        },
        {
          "text": "मई",
          "start": 2.18,
          "end": 2.78,
          "confidence": 0.74
        },
        {
          "text": "संतोष",
          "start": 2.78,
          "end": 3.3,
          "confidence": 0.991
        },
        {
          "text": "कुमार",
          "start": 3.3,
          "end": 4.0,
          "confidence": 0.976
        },
        {
          "text": "मंडल",
          "start": 4.0,
          "end": 4.08,
          "confidence": 0.98
        },
        {
          "text": "हमारे",
          "start": 4.08,
          "end": 4.86,
          "confidence": 0.976
        },
        {
          "text": "समाज",
          "start": 4.86,
          "end": 5.2,
          "confidence": 0.975
        },
        {
          "text": "में",
          "start": 5.2,
          "end": 5.32,
          "confidence": 0.948
        },
        {
          "text": "बाल",
          "start": 5.32,
          "end": 5.56,
          "confidence": 0.932
        },
        {
          "text": "विवाह",
          "start": 5.56,
          "end": 5.94,
          "confidence": 0.907
        },
        {
          "text": "की",
          "start": 5.94,
          "end": 6.96,
          "confidence": 0.804
        },
        {
          "text": "प्रकार",
          "start": 6.96,
          "end": 6.98,
          "confidence": 0.76
        },
        {
          "text": "वर्षों",
          "start": 6.98,
          "end": 7.46,
          "confidence": 0.891
        },
        {
          "text": "ऐसी",
          "start": 7.46,
          "end": 7.66,
          "confidence": 0.99
        },
        {
          "text": "सदी",
          "start": 7.66,
          "end": 7.78,
          "confidence": 0.535
        },
        {
          "text": "आ",
          "start": 7.78,
          "end": 8.0,
          "confidence": 0.768
        },
        {
          "text": "रही",
          "start": 8.0,
          "end": 8.2,
          "confidence": 0.988
        },
        {
          "text": "है",
          "start": 8.2,
          "end": 8.64,
          "confidence": 0.981
        },
        {
          "text": "और",
          "start": 8.64,
          "end": 8.84,
          "confidence": 0.911
        },
        {
          "text": "हमारे",
          "start": 8.84,
          "end": 9.32,
          "confidence": 0.988
        },
        {
          "text": "समाज",
          "start": 9.32,
          "end": 9.86,
          "confidence": 0.995
        },
        {
          "text": "में",
          "start": 9.86,
          "end": 10.7,
          "confidence": 0.902
        },
        {
          "text": "जहाँ",
          "start": 10.7,
          "end": 11.2,
          "confidence": 0.851
        },
        {
          "text": "देखी",
          "start": 11.2,
          "end": 11.26,
          "confidence": 0.624
        }
      ]
    }
  ],
  "language": "hi"
}