{
  "text": "गरीबी रेखा ऐसी नीचे आधी आबादी सरकार को सोचनी होगी कहीं भारत में गरीबी रेखा का मापदंड पचीस जाली",
  "segments": [
    {
      "id": 0,
      "seek": 0,
      "start": 0.0,
      "end": 9.56,
      "text": "गरीबी रेखा ऐसी नीचे आधी आबादी सरकार को सोचनी होगी कहीं भारत में गरीबी रेखा का मापदंड पचीस जाली",
      "tokens": [
        50380,
        3941,
        245,
        25411,
        31881,
        3941,
        105,
        31881,
        8485,
        108,
        21981,
        3941,
        244,
        17937,
        8485,
        238,
        45938,
        31881,
        8485,
        101,
        31881,
        3941,
        248,
        21981,
        8485,
        228,
        3941,
        100,
        31881,
        8485,
        228,
        3941,
        105,
        17937,
        3941,
        99,
        31881,
        49316,
        25411,
        41858,
        17937,
        25411,
        31970,
        33926,
        49316,
        33926,
        3941,
        248,
        35082,
        31881,
        37139,
        33926,
        3941,
        245,
        31881,
        31970,
        44500,
        31881,
        31945,
        8485,
        255,
        17937,
        25411,
        36158,
        48449,
        21981,
        31945,
        8485,
        245,
        25411,
        31881,
        3941,
        105,
        31881,
        8485,
        108,
        21981,
        3941,
        244,
        17937,
        31970,
        17937,
        48449,
        17937,
        3941,
        103,
        3941,
        99,
        31945,
        3941,
        94,
        8485,
        103,
        3941,
        248,
        31881,
        45938,
        8485,
        250,
        17937,
        46758,
        31881
      ],
      "temperature": 0.0,
      "avg_logprob": -0.09942198262631315,
      "compression_ratio": 1.8778625954198473,
      "no_speech_prob": 3.5305514455473964e-17,
      "confidence": 0.939,
      "words": [
        {
          "text": "गरीबी",
          "start": 0.0,
          "end": 0.8,
          "confidence": 0.933
        },
        {
          "text": "रेखा",
          "start": 0.8,
          "end": 1.12,
          "confidence": 0.993
        },
        {
          "text": "ऐसी",
          "start": 1.12,
          "end": 1.34,
          "confidence": 0.894
        },
        {
          "text": "नीचे",
          "start": 1.34,
          "end": 1.72,
          "confidence": 0.895
        },
        {
          "text": "आधी",
          "start": 1.72,
          "end": 2.18,
          "confidence": 0.909
        },
        {
          "text": "आबादी",
          "start": 2.18,
          "end": 3.0,
          "confidence": 0.993
        },
        {
          "text": "सरकार",
          "start": 3.0,
          "end": 3.62,
          "confidence": 0.992
        },
        {
          "text": "को",
          "start": 3.62,
          "end": 3.78,
          "confidence": 0.982
        },
        {
          "text": "सोचनी",
          "start": 3.78,
          "end": 4.32,
          "confidence": 0.906
        },
        {
          "text": "होगी",
          "start": 4.32,
          "end": 4.86,
          "confidence": 0.979
        },
        {
          "text": "कहीं",
          "start": 4.86,
          "end": 5.22,
          "confidence": 0.834
        },
        {
          "text": "भारत",
          "start": 5.22,
          "end": 6.34,
          "confidence": 0.985
        },
        {
          "text": "में",
          "start": 6.34,
          "end": 6.46,
          "confidence": 0.962
        },
        {
          "text": "गरीबी",
          "start": 6.46,
          "end": 6.88,
          "confidence": 0.991
        },
        {
          "text": "रेखा",
          "start": 6.88,
          "end": 7.22,
          "confidence": 0.996
        },
        {
          "text": "का",
          "start": 7.22,
          "end": 7.42,
          "confidence": 0.978
        },
        {
          "text": "मापदंड",
          "start": 7.42,
          "end": 7.94,
          "confidence": 0.959
        },
        {
          "text": "पचीस",
          "start": 7.94,
          "end": 9.14,
          "confidence": 0.839
        },
        {
          "text": "जाली",
          "start": 9.14,
          "end": 9.56,
          "confidence": 0.829
        }
      ]
    }
  ],
  "language": "hi"
}