{
  "text": "इलाज कराए कहाँ कहाँ रूपए पैसे की भीटी बर्बादी चेहरे की लाली लोग नहीं पाते प्रचल के दौरान कभी सुखी माँ असमर्थ हो जाती किसी की मृत्यु माथा पिटीशी",
  "segments": [
    {
      "id": 0,
      "seek": 0,
      "start": 0.0,
      "end": 11.72,
      "text": "इलाज कराए कहाँ कहाँ रूपए पैसे की भीटी बर्बादी चेहरे की लाली लोग नहीं पाते प्रचल के दौरान कभी सुखी माँ असमर्थ हो जाती किसी की मृत्यु माथा पिटीशी",
      "tokens": [
        50364,
        3941,
        229,
        46758,
        17937,
        3941,
        250,
        31970,
        25411,
        17937,
        3941,
        237,
        31970,
        44500,
        17937,
        3941,
        223,
        31970,
        44500,
        17937,
        3941,
        223,
        8485,
        108,
        8703,
        224,
        3941,
        103,
        3941,
        237,
        8485,
        103,
        43372,
        45938,
        21981,
        31970,
        31881,
        8485,
        255,
        31881,
        3941,
        253,
        31881,
        8485,
        105,
        25411,
        27099,
        3941,
        105,
        17937,
        3941,
        99,
        31881,
        8485,
        248,
        21981,
        44500,
        25411,
        21981,
        31970,
        31881,
        8485,
        110,
        17937,
        46758,
        31881,
        8485,
        110,
        33926,
        3941,
        245,
        8485,
        101,
        44500,
        31881,
        31945,
        8485,
        103,
        17937,
        36158,
        21981,
        8485,
        103,
        27099,
        25411,
        3941,
        248,
        46758,
        31970,
        21981,
        8485,
        99,
        8703,
        234,
        25411,
        17937,
        35082,
        31970,
        3941,
        255,
        31881,
        49316,
        8703,
        223,
        3941,
        244,
        31881,
        48449,
        17937,
        3941,
        223,
        8485,
        227,
        45938,
        48521,
        25411,
        27099,
        3941,
        98,
        37139,
        33926,
        8485,
        250,
        17937,
        36158,
        31881,
        31970,
        33279,
        45938,
        31881,
        31970,
        31881,
        48449,
        8703,
        225,
        36158,
        27099,
        48268,
        8703,
        223,
        48449,
        17937,
        3941,
        98,
        17937,
        8485,
        103,
        33279,
        3941,
        253,
        31881,
        3941,
        114,
        31881
      ],
      "temperature": 0.0,
      "avg_logprob": -0.16658807569934475,
      "compression_ratio": 2.0494505494505493,
      "no_speech_prob": 6.3307085776691165e-15,
      "confidence": 0.86,
      "words": [
        {
          "text": "इलाज",
          "start": 0.0,
          "end": 0.64,
          "confidence": 0.931
        },
        {
          "text": "कराए",
          "start": 0.64,
          "end": 1.06,
          "confidence": 0.894
        },
        {
          "text": "कहाँ",
          "start": 1.06,
          "end": 1.68,
          "confidence": 0.904
        },
        {
          "text": "कहाँ",
          "start": 1.68,
          "end": 2.06,
          "confidence": 0.978
        },
        {
          "text": "रूपए",
          "start": 2.06,
          "end": 2.5,
          "confidence": 0.884
        },
        {
          "text": "पैसे",
          "start": 2.5,
          "end": 2.88,
          "confidence": 0.962
        },
        {
          "text": "की",
          "start": 2.88,
          "end": 3.08,
          "confidence": 0.967
        },
        {
          "text": "भीटी",
          "start": 3.08,
          "end": 3.46,
          "confidence": 0.658
        },
        {
          "text": "बर्बादी",
          "start": 3.46,
          "end": 4.14,
          "confidence": 0.961
        },
        {
          "text": "चेहरे",
          "start": 4.14,
          "end": 4.72,
          "confidence": 0.917
        },
        {
          "text": "की",
          "start": 4.72,
          "end": 4.86,
          "confidence": 0.98
        },
        {
          "text": "लाली",
          "start": 4.86,
          "end": 5.3,
          "confidence": 0.991
        },
        {
          "text": "लोग",
          "start": 5.3,
          "end": 5.7,
          "confidence": 0.916
        },
        {
          "text": "नहीं",
          "start": 5.7,
          "end": 5.92,
          "confidence": 0.916
        },
        {
          "text": "पाते",
          "start": 5.92,
          "end": 6.2,
          "confidence": 0.857
        },
        {
          "text": "प्रचल",
          "start": 6.2,
          "end": 6.7,
          "confidence": 0.717
        },
        {
          "text": "के",
          "start": 6.7,
          "end": 6.96,
          "confidence": 0.887
        },
        {
          "text": "दौरान",
          "start": 6.96,
          "end": 7.28,
          "confidence": 0.998
        },
        {
          "text": "कभी",
          "start": 7.28,
          "end": 7.64,
          "confidence": 0.924
        },
        {
          "text": "सुखी",
          "start": 7.64,
          "end": 8.14,
          "confidence": 0.563
        },
        {
          "text": "माँ",
          "start": 8.14,
          "end": 8.6,
          "confidence": 0.943
        },
        {
          "text": "असमर्थ",
          "start": 8.6,
          "end": 9.08,
          "confidence": 0.852
        },
        {
          "text": "हो",
          "start": 9.08,
          "end": 9.14,
          "confidence": 0.932
        },
        {
          "text": "जाती",
          "start": 9.14,
          "end": 9.5,
          "confidence": 0.971
        },
        {
          "text": "किसी",
          "start": 9.5,
          "end": 9.72,
          "confidence": 0.921
        },
        {
          "text": "की",
          "start": 9.72,
          "end": 10.26,
          "confidence": 0.881
        },
        {
          "text": "मृत्यु",
          "start": 10.26,
          "end": 10.74,
          "confidence": 0.989
        },
        {
          "text": "माथा",
          "start": 10.74,
          "end": 11.34,
          "confidence": 0.899
        },
        {
          "text": "पिटीशी",
          "start": 11.34,
          "end": 11.72,
          "confidence": 0.53
        }
      ]
    }
  ],
  "language": "hi"
}