{
  "text": "बिजली की काफी उत्पाद के कारण यह हमारे यहाँ जो व्यवस्था होती है छह घंटे ये काटने की हमारे यहाँ कितने भी सज्जन है विद्यार्थी है उनको कठिनाई का विस्तार करना पड़ता है",
  "segments": [
    {
      "id": 0,
      "seek": 0,
      "start": 0.0,
      "end": 11.38,
      "text": "बिजली की काफी उत्पाद के कारण यह हमारे यहाँ जो व्यवस्था होती है छह घंटे ये काटने की हमारे यहाँ कितने भी सज्जन है विद्यार्थी है उनको कठिनाई का विस्तार करना पड़ता है",
      "tokens": [
        50364,
        3941,
        105,
        33279,
        3941,
        250,
        46758,
        31881,
        31970,
        31881,
        31970,
        17937,
        3941,
        104,
        31881,
        8485,
        231,
        36158,
        27099,
        3941,
        103,
        17937,
        3941,
        99,
        31970,
        21981,
        31970,
        17937,
        25411,
        3941,
        96,
        8485,
        107,
        44500,
        37139,
        48521,
        17937,
        25411,
        21981,
        8485,
        107,
        44500,
        17937,
        3941,
        223,
        8485,
        250,
        33926,
        8485,
        113,
        27099,
        48268,
        3941,
        113,
        45938,
        27099,
        3941,
        98,
        17937,
        37139,
        33926,
        36158,
        31881,
        37139,
        43372,
        8485,
        249,
        44500,
        8485,
        246,
        31945,
        3941,
        253,
        21981,
        8485,
        107,
        21981,
        31970,
        17937,
        3941,
        253,
        35082,
        21981,
        31970,
        31881,
        37139,
        48521,
        17937,
        25411,
        21981,
        8485,
        107,
        44500,
        17937,
        3941,
        223,
        31970,
        33279,
        36158,
        35082,
        21981,
        8485,
        255,
        31881,
        49316,
        3941,
        250,
        27099,
        3941,
        250,
        35082,
        37139,
        43372,
        8485,
        113,
        33279,
        3941,
        99,
        27099,
        48268,
        17937,
        25411,
        27099,
        3941,
        98,
        31881,
        37139,
        43372,
        8485,
        231,
        35082,
        41858,
        33926,
        31970,
        3941,
        254,
        33279,
        35082,
        17937,
        3941,
        230,
        31970,
        17937,
        8485,
        113,
        33279,
        45938,
        27099,
        36158,
        17937,
        25411,
        31970,
        25411,
        35082,
        17937,
        8485,
        103,
        8703,
        250,
        36158,
        17937,
        37139,
        43372
      ],
      "temperature": 0.0,
      "avg_logprob": -0.10307907476657774,
      "compression_ratio": 2.277173913043478,
      "no_speech_prob": 6.617583136201213e-14,
      "confidence": 0.908,
      "words": [
        {
          "text": "बिजली",
          "start": 0.0,
          "end": 0.38,
          "confidence": 0.979
        },
        {
          "text": "की",
          "start": 0.38,
          "end": 0.6,
          "confidence": 0.852
        },
        {
          "text": "काफी",
          "start": 0.6,
          "end": 0.92,
          "confidence": 0.881
        },
        {
          "text": "उत्पाद",
          "start": 0.92,
          "end": 1.22,
          "confidence": 0.99
        },
        {
          "text": "के",
          "start": 1.22,
          "end": 1.7,
          "confidence": 0.911
        },
        {
          "text": "कारण",
          "start": 1.7,
          "end": 1.94,
          "confidence": 0.994
        },
        {
          "text": "यह",
          "start": 1.94,
          "end": 2.14,
          "confidence": 0.803
        },
        {
          "text": "हमारे",
          "start": 2.14,
          "end": 2.76,
          "confidence": 0.923
        },
        {
          "text": "यहाँ",
          "start": 2.76,
          "end": 2.98,
          "confidence": 0.996
        },
        {
          "text": "जो",
          "start": 2.98,
          "end": 3.22,
          "confidence": 0.925
        },
        {
          "text": "व्यवस्था",
          "start": 3.22,
          "end": 3.82,
          "confidence": 0.997
        },
        {
          "text": "होती",
          "start": 3.82,
          "end": 4.12,
          "confidence": 0.985
        },
        {
          "text": "है",
          "start": 4.12,
          "end": 4.4,
          "confidence": 0.981
        },
        {
          "text": "छह",
          "start": 4.4,
          "end": 4.48,
          "confidence": 0.719
        },
        {
          "text": "घंटे",
          "start": 4.48,
          "end": 4.74,
          "confidence": 0.989
        },
        {
          "text": "ये",
          "start": 4.74,
          "end": 4.92,
          "confidence": 0.508
        },
        {
          "text": "काटने",
          "start": 4.92,
          "end": 5.28,
          "confidence": 0.897
        },
        {
          "text": "की",
          "start": 5.28,
          "end": 5.44,
          "confidence": 0.873
        },
        {
          "text": "हमारे",
          "start": 5.44,
          "end": 6.22,
          "confidence": 0.946
        },
        {
          "text": "यहाँ",
          "start": 6.22,
          "end": 6.6,
          "confidence": 0.997
        },
        {
          "text": "कितने",
          "start": 6.6,
          "end": 7.32,
          "confidence": 0.871
        },
        {
          "text": "भी",
          "start": 7.32,
          "end": 7.38,
          "confidence": 0.988
        },
        {
          "text": "सज्जन",
          "start": 7.38,
          "end": 7.82,
          "confidence": 0.831
        },
        {
          "text": "है",
          "start": 7.82,
          "end": 8.16,
          "confidence": 0.968
        },
        {
          "text": "विद्यार्थी",
          "start": 8.16,
          "end": 8.72,
          "confidence": 0.913
        },
        {
          "text": "है",
          "start": 8.72,
          "end": 8.9,
          "confidence": 0.974
        },
        {
          "text": "उनको",
          "start": 8.9,
          "end": 9.04,
          "confidence": 0.968
        },
        {
          "text": "कठिनाई",
          "start": 9.04,
          "end": 9.98,
          "confidence": 0.819
        },
        {
          "text": "का",
          "start": 9.98,
          "end": 10.3,
          "confidence": 0.932
        },
        {
          "text": "विस्तार",
          "start": 10.3,
          "end": 11.02,
          "confidence": 0.897
        },
        {
          "text": "करना",
          "start": 11.02,
          "end": 11.32,
          "confidence": 0.816
        },
        {
          "text": "पड़ता",
          "start": 11.32,
          "end": 11.36,
          "confidence": 0.862
        },
        {
          "text": "है",
          "start": 11.36,
          "end": 11.38,
          "confidence": 0.747
        }
      ]
    }
  ],
  "language": "hi"
}