{
  "text": "वार्निश पाती के उम्र का दोस्त पत्नी आरोप कभी नहीं लगाया जा सकता और न लगना चाहिए ये पुरानी परम्परा तो हस्त हो रही है समाज में भी",
  "segments": [
    {
      "id": 0,
      "seek": 0,
      "start": 0.0,
      "end": 11.34,
      "text": "वार्निश पाती के उम्र का दोस्त पत्नी आरोप कभी नहीं लगाया जा सकता और न लगना चाहिए ये पुरानी परम्परा तो हस्त हो रही है समाज में भी",
      "tokens": [
        50364,
        3941,
        113,
        17937,
        25411,
        27099,
        35082,
        33279,
        3941,
        114,
        8485,
        103,
        17937,
        36158,
        31881,
        31970,
        21981,
        8485,
        231,
        48521,
        27099,
        25411,
        31970,
        17937,
        8485,
        99,
        33926,
        45938,
        27099,
        36158,
        8485,
        103,
        36158,
        27099,
        35082,
        31881,
        8485,
        228,
        25411,
        33926,
        3941,
        103,
        31970,
        3941,
        255,
        31881,
        8485,
        101,
        44500,
        31881,
        31945,
        8485,
        110,
        3941,
        245,
        17937,
        48268,
        17937,
        8485,
        250,
        17937,
        49316,
        41858,
        36158,
        17937,
        8485,
        242,
        25411,
        8485,
        101,
        8485,
        110,
        3941,
        245,
        35082,
        17937,
        8485,
        248,
        17937,
        44500,
        33279,
        3941,
        237,
        8485,
        107,
        21981,
        8485,
        103,
        8703,
        223,
        25411,
        17937,
        35082,
        31881,
        8485,
        103,
        25411,
        48521,
        27099,
        3941,
        103,
        25411,
        17937,
        8485,
        97,
        33926,
        37139,
        45938,
        27099,
        36158,
        37139,
        33926,
        8485,
        108,
        44500,
        31881,
        37139,
        43372,
        49316,
        48521,
        17937,
        3941,
        250,
        48449,
        21981,
        31945,
        8485,
        255,
        31881
      ],
      "temperature": 0.0,
      "avg_logprob": -0.11032177851750301,
      "compression_ratio": 1.981818181818182,
      "no_speech_prob": 2.3871380675118126e-13,
      "confidence": 0.914,
      "words": [
        {
          "text": "वार्निश",
          "start": 0.0,
          "end": 0.92,
          "confidence": 0.761
        },
        {
          "text": "पाती",
          "start": 0.92,
          "end": 1.44,
          "confidence": 0.9
        },
        {
          "text": "के",
          "start": 1.44,
          "end": 1.64,
          "confidence": 0.791
        },
        {
          "text": "उम्र",
          "start": 1.64,
          "end": 1.8,
          "confidence": 0.987
        },
        {
          "text": "का",
          "start": 1.8,
          "end": 2.0,
          "confidence": 0.966
        },
        {
          "text": "दोस्त",
          "start": 2.0,
          "end": 2.52,
          "confidence": 0.894
        },
        {
          "text": "पत्नी",
          "start": 2.52,
          "end": 2.64,
          "confidence": 0.989
        },
        {
          "text": "आरोप",
          "start": 2.64,
          "end": 3.22,
          "confidence": 0.892
        },
        {
          "text": "कभी",
          "start": 3.22,
          "end": 3.62,
          "confidence": 0.977
        },
        {
          "text": "नहीं",
          "start": 3.62,
          "end": 3.76,
          "confidence": 0.913
        },
        {
          "text": "लगाया",
          "start": 3.76,
          "end": 4.34,
          "confidence": 0.962
        },
        {
          "text": "जा",
          "start": 4.34,
          "end": 4.36,
          "confidence": 0.998
        },
        {
          "text": "सकता",
          "start": 4.36,
          "end": 4.8,
          "confidence": 0.989
        },
        {
          "text": "और",
          "start": 4.8,
          "end": 5.62,
          "confidence": 0.973
        },
        {
          "text": "न",
          "start": 5.62,
          "end": 6.18,
          "confidence": 0.976
        },
        {
          "text": "लगना",
          "start": 6.18,
          "end": 6.74,
          "confidence": 0.934
        },
        {
          "text": "चाहिए",
          "start": 6.74,
          "end": 7.12,
          "confidence": 0.997
        },
        {
          "text": "ये",
          "start": 7.12,
          "end": 7.74,
          "confidence": 0.791
        },
        {
          "text": "पुरानी",
          "start": 7.74,
          "end": 8.14,
          "confidence": 0.983
        },
        {
          "text": "परम्परा",
          "start": 8.14,
          "end": 8.62,
          "confidence": 0.957
        },
        {
          "text": "तो",
          "start": 8.62,
          "end": 9.42,
          "confidence": 0.523
        },
        {
          "text": "हस्त",
          "start": 9.42,
          "end": 9.78,
          "confidence": 0.72
        },
        {
          "text": "हो",
          "start": 9.78,
          "end": 9.9,
          "confidence": 0.986
        },
        {
          "text": "रही",
          "start": 9.9,
          "end": 10.1,
          "confidence": 0.991
        },
        {
          "text": "है",
          "start": 10.1,
          "end": 10.32,
          "confidence": 0.991
        },
        {
          "text": "समाज",
          "start": 10.32,
          "end": 11.14,
          "confidence": 0.939
        },
        {
          "text": "में",
          "start": 11.14,
          "end": 11.26,
          "confidence": 0.971
        },
        {
          "text": "भी",
          "start": 11.26,
          "end": 11.34,
          "confidence": 0.992
        }
      ]
    }
  ],
  "language": "hi"
}