{
  "text": "प्रखंड कार्यालय कक्ष में आयोजित किया गया जानकारी में बताया की इस योजना का लाभ गरीबी रेखा ऐसी निजी वाले परिवार को दिया जाता है साथ ही घर में कमाने वाले परिवार की मौत के बाद उनके आश्रितों को यह राशि दी जाती है आश्रितों को बीस ह",
  "segments": [
    {
      "id": 0,
      "seek": 0,
      "start": 0.0,
      "end": 29.98,
      "text": "प्रखंड कार्यालय कक्ष में आयोजित किया गया जानकारी में बताया की इस योजना का लाभ गरीबी रेखा ऐसी निजी वाले परिवार को दिया जाता है साथ ही घर में कमाने वाले परिवार की मौत के बाद उनके आश्रितों को यह राशि दी जाती है आश्रितों को बीस ह",
      "tokens": [
        50364,
        3941,
        103,
        27099,
        25411,
        3941,
        244,
        31945,
        3941,
        94,
        31970,
        17937,
        25411,
        27099,
        48268,
        17937,
        46758,
        48268,
        31970,
        41858,
        27099,
        3941,
        115,
        48449,
        21981,
        31945,
        8485,
        228,
        48268,
        33926,
        3941,
        250,
        33279,
        36158,
        31970,
        33279,
        48268,
        17937,
        8485,
        245,
        48268,
        17937,
        8485,
        250,
        17937,
        35082,
        41858,
        17937,
        25411,
        31881,
        48449,
        21981,
        31945,
        8485,
        105,
        36158,
        17937,
        48268,
        17937,
        31970,
        31881,
        8485,
        229,
        45938,
        8485,
        107,
        33926,
        3941,
        250,
        35082,
        17937,
        31970,
        17937,
        8485,
        110,
        17937,
        3941,
        255,
        8485,
        245,
        25411,
        31881,
        3941,
        105,
        31881,
        8485,
        108,
        21981,
        3941,
        244,
        17937,
        8485,
        238,
        45938,
        31881,
        8485,
        101,
        33279,
        3941,
        250,
        31881,
        8485,
        113,
        17937,
        46758,
        21981,
        8485,
        103,
        25411,
        33279,
        3941,
        113,
        17937,
        25411,
        31970,
        33926,
        8485,
        99,
        33279,
        48268,
        17937,
        8485,
        250,
        17937,
        36158,
        17937,
        37139,
        43372,
        49316,
        17937,
        3941,
        98,
        37139,
        31881,
        8485,
        246,
        25411,
        48449,
        21981,
        31945,
        31970,
        48521,
        17937,
        35082,
        21981,
        8485,
        113,
        17937,
        46758,
        21981,
        8485,
        103,
        25411,
        33279,
        3941,
        113,
        17937,
        25411,
        31970,
        31881,
        48449,
        8703,
        234,
        36158,
        31970,
        21981,
        8485,
        105,
        17937,
        3941,
        99,
        8485,
        231,
        35082,
        41858,
        21981,
        8485,
        228,
        3941,
        114,
        27099,
        25411,
        33279,
        36158,
        33926,
        31945,
        31970,
        33926,
        8485,
        107,
        44500,
        8485,
        108,
        17937,
        3941,
        114,
        33279,
        8485,
        99,
        31881,
        8485,
        250,
        17937,
        36158,
        31881,
        37139,
        43372,
        8485,
        228,
        3941,
        114,
        27099,
        25411,
        33279,
        36158,
        33926,
        31945,
        31970,
        33926,
        8485,
        105,
        31881,
        45938,
        37139
      ],
      "temperature": 0.0,
      "avg_logprob": -0.11208062065972223,
      "compression_ratio": 2.4935622317596566,
      "no_speech_prob": 2.4969330192337567e-14,
      "confidence": 0.9,
      "words": [
        {
          "text": "प्रखंड",
          "start": 0.0,
          "end": 2.44,
          "confidence": 0.856
        },
        {
          "text": "कार्यालय",
          "start": 2.44,
          "end": 2.96,
          "confidence": 0.93
        },
        {
          "text": "कक्ष",
          "start": 2.96,
          "end": 3.28,
          "confidence": 0.884
        },
        {
          "text": "में",
          "start": 3.28,
          "end": 3.42,
          "confidence": 0.931
        },
        {
          "text": "आयोजित",
          "start": 3.42,
          "end": 3.8,
          "confidence": 0.99
        },
        {
          "text": "किया",
          "start": 3.8,
          "end": 4.08,
          "confidence": 0.949
        },
        {
          "text": "गया",
          "start": 4.08,
          "end": 4.2,
          "confidence": 0.988
        },
        {
          "text": "जानकारी",
          "start": 4.2,
          "end": 4.74,
          "confidence": 0.922
        },
        {
          "text": "में",
          "start": 4.74,
          "end": 4.76,
          "confidence": 0.968
        },
        {
          "text": "बताया",
          "start": 4.76,
          "end": 6.02,
          "confidence": 0.818
        },
        {
          "text": "की",
          "start": 6.02,
          "end": 6.54,
          "confidence": 0.86
        },
        {
          "text": "इस",
          "start": 6.54,
          "end": 6.74,
          "confidence": 0.905
        },
        {
          "text": "योजना",
          "start": 6.74,
          "end": 6.98,
          "confidence": 0.996
        },
        {
          "text": "का",
          "start": 6.98,
          "end": 7.42,
          "confidence": 0.941
        },
        {
          "text": "लाभ",
          "start": 7.42,
          "end": 7.44,
          "confidence": 0.972
        },
        {
          "text": "गरीबी",
          "start": 7.44,
          "end": 7.8,
          "confidence": 0.903
        },
        {
          "text": "रेखा",
          "start": 7.8,
          "end": 8.1,
          "confidence": 0.901
        },
        {
          "text": "ऐसी",
          "start": 8.1,
          "end": 8.26,
          "confidence": 0.915
        },
        {
          "text": "निजी",
          "start": 8.26,
          "end": 8.58,
          "confidence": 0.699
        },
        {
          "text": "वाले",
          "start": 8.58,
          "end": 10.04,
          "confidence": 0.611
        },
        {
          "text": "परिवार",
          "start": 10.04,
          "end": 10.48,
          "confidence": 0.979
        },
        {
          "text": "को",
          "start": 10.48,
          "end": 10.66,
          "confidence": 0.894
        },
        {
          "text": "दिया",
          "start": 10.66,
          "end": 11.1,
          "confidence": 0.798
        },
        {
          "text": "जाता",
          "start": 11.1,
          "end": 11.42,
          "confidence": 0.995
        },
        {
          "text": "है",
          "start": 11.42,
          "end": 11.78,
          "confidence": 0.976
        },
        {
          "text": "साथ",
          "start": 11.78,
          "end": 12.24,
          "confidence": 0.827
        },
        {
          "text": "ही",
          "start": 12.24,
          "end": 12.26,
          "confidence": 0.944
        },
        {
          "text": "घर",
          "start": 12.26,
          "end": 12.52,
          "confidence": 0.806
        },
        {
          "text": "में",
          "start": 12.52,
          "end": 12.58,
          "confidence": 0.821
        },
        {
          "text": "कमाने",
          "start": 12.58,
          "end": 13.02,
          "confidence": 0.949
        },
        {
          "text": "वाले",
          "start": 13.02,
          "end": 13.18,
          "confidence": 0.941
        },
        {
          "text": "परिवार",
          "start": 13.18,
          "end": 13.62,
          "confidence": 0.995
        },
        {
          "text": "की",
          "start": 13.62,
          "end": 13.94,
          "confidence": 0.865
        },
        {
          "text": "मौत",
          "start": 13.94,
          "end": 14.16,
          "confidence": 0.846
        },
        {
          "text": "के",
          "start": 14.16,
          "end": 14.6,
          "confidence": 0.975
        },
        {
          "text": "बाद",
          "start": 14.6,
          "end": 14.7,
          "confidence": 0.953
        },
        {
          "text": "उनके",
          "start": 14.7,
          "end": 15.44,
          "confidence": 0.965
        },
        {
          "text": "आश्रितों",
          "start": 15.44,
          "end": 15.82,
          "confidence": 0.882
        },
        {
          "text": "को",
          "start": 15.82,
          "end": 15.96,
          "confidence": 0.947
        },
        {
          "text": "यह",
          "start": 15.96,
          "end": 16.24,
          "confidence": 0.784
        },
        {
          "text": "राशि",
          "start": 16.24,
          "end": 16.4,
          "confidence": 0.958
        },
        {
          "text": "दी",
          "start": 16.4,
          "end": 16.62,
          "confidence": 0.922
        },
        {
          "text": "जाती",
          "start": 16.62,
          "end": 16.74,
          "confidence": 0.996
        },
        {
          "text": "है",
          "start": 16.74,
          "end": 16.88,
          "confidence": 0.971
        },
        {
          "text": "आश्रितों",
          "start": 16.88,
          "end": 17.26,
          "confidence": 0.894
        },
        {
          "text": "को",
          "start": 17.26,
          "end": 17.38,
          "confidence": 0.973
        },
        {
          "text": "बीस",
          "start": 17.38,
          "end": 17.72,
          "confidence": 0.721
        },
        {
          "text": "ह",
          "start": 17.72,
          "end": 29.98,
          "confidence": 0.688
        }
      ]
    }
  ],
  "language": "hi"
}