{
  "text": "इससे आशीर्वादों का विस्तार होना पड़ता है और यह देखा गया की बिजली में काफी",
  "segments": [
    {
      "id": 0,
      "seek": 0,
      "start": 0.0,
      "end": 4.68,
      "text": "इससे आशीर्वादों का विस्तार होना पड़ता है और यह देखा गया की बिजली में काफी",
      "tokens": [
        50364,
        3941,
        229,
        45938,
        45938,
        21981,
        8485,
        228,
        3941,
        114,
        31881,
        25411,
        27099,
        3941,
        113,
        17937,
        3941,
        99,
        33926,
        31945,
        31970,
        17937,
        8485,
        113,
        33279,
        45938,
        27099,
        36158,
        17937,
        25411,
        37139,
        33926,
        35082,
        17937,
        8485,
        103,
        8703,
        250,
        36158,
        17937,
        37139,
        43372,
        8485,
        242,
        25411,
        8485,
        107,
        44500,
        8485,
        99,
        21981,
        3941,
        244,
        17937,
        8485,
        245,
        48268,
        17937,
        31970,
        31881,
        8485,
        105,
        33279,
        3941,
        250,
        46758,
        31881,
        48449,
        21981,
        31945,
        31970,
        17937,
        3941,
        104,
        31881
      ],
      "temperature": 0.0,
      "avg_logprob": -0.16709685325622559,
      "compression_ratio": 1.5798319327731092,
      "no_speech_prob": 7.086512264855866e-15,
      "confidence": 0.862,
      "words": [
        {
          "text": "इससे",
          "start": 0.0,
          "end": 0.64,
          "confidence": 0.732
        },
        {
          "text": "आशीर्वादों",
          "start": 0.64,
          "end": 1.46,
          "confidence": 0.669
        },
        {
          "text": "का",
          "start": 1.46,
          "end": 1.68,
          "confidence": 0.946
        },
        {
          "text": "विस्तार",
          "start": 1.68,
          "end": 2.04,
          "confidence": 0.972
        },
        {
          "text": "होना",
          "start": 2.04,
          "end": 2.3,
          "confidence": 0.986
        },
        {
          "text": "पड़ता",
          "start": 2.3,
          "end": 2.56,
          "confidence": 0.956
        },
        {
          "text": "है",
          "start": 2.56,
          "end": 2.84,
          "confidence": 0.972
        },
        {
          "text": "और",
          "start": 2.84,
          "end": 3.04,
          "confidence": 0.903
        },
        {
          "text": "यह",
          "start": 3.04,
          "end": 3.06,
          "confidence": 0.784
        },
        {
          "text": "देखा",
          "start": 3.06,
          "end": 3.38,
          "confidence": 0.981
        },
        {
          "text": "गया",
          "start": 3.38,
          "end": 3.54,
          "confidence": 0.944
        },
        {
          "text": "की",
          "start": 3.54,
          "end": 3.64,
          "confidence": 0.845
        },
        {
          "text": "बिजली",
          "start": 3.64,
          "end": 4.12,
          "confidence": 0.913
        },
        {
          "text": "में",
          "start": 4.12,
          "end": 4.26,
          "confidence": 0.853
        },
        {
          "text": "काफी",
          "start": 4.26,
          "end": 4.68,
          "confidence": 0.958
        }
      ]
    }
  ],
  "language": "hi"
}