{
  "text": "जिसे लोग पढ़ने ऐसी रोक दिए जिसे उनको पढ़ने ऐसी रोक दिया जाता है क्यूँकी आगे जाकर उसके लड़के अधिक खर्च",
  "segments": [
    {
      "id": 0,
      "seek": 0,
      "start": 0.0,
      "end": 10.0,
      "text": "जिसे लोग पढ़ने ऐसी रोक दिए जिसे उनको पढ़ने ऐसी रोक दिया जाता है क्यूँकी आगे जाकर उसके लड़के अधिक खर्च",
      "tokens": [
        50364,
        3941,
        250,
        33279,
        45938,
        21981,
        8485,
        110,
        33926,
        3941,
        245,
        8485,
        103,
        8703,
        251,
        35082,
        21981,
        8485,
        238,
        45938,
        31881,
        8485,
        108,
        33926,
        41858,
        8485,
        99,
        33279,
        3941,
        237,
        8485,
        250,
        33279,
        45938,
        21981,
        8485,
        231,
        35082,
        41858,
        33926,
        8485,
        103,
        8703,
        251,
        35082,
        21981,
        8485,
        238,
        45938,
        31881,
        8485,
        108,
        33926,
        41858,
        8485,
        99,
        33279,
        48268,
        17937,
        8485,
        250,
        17937,
        36158,
        17937,
        37139,
        43372,
        31970,
        27099,
        48268,
        8703,
        224,
        3941,
        223,
        41858,
        31881,
        8485,
        228,
        3941,
        245,
        21981,
        8485,
        250,
        17937,
        41858,
        25411,
        8485,
        231,
        45938,
        41858,
        21981,
        8485,
        110,
        8703,
        250,
        41858,
        21981,
        8485,
        227,
        3941,
        100,
        33279,
        41858,
        8485,
        244,
        25411,
        27099,
        3941,
        248
      ],
      "temperature": 0.0,
      "avg_logprob": -0.09044340116168381,
      "compression_ratio": 1.9097744360902256,
      "no_speech_prob": 1.9630207087118802e-14,
      "confidence": 0.936,
      "words": [
        {
          "text": "जिसे",
          "start": 0.0,
          "end": 0.58,
          "confidence": 0.939
        },
        {
          "text": "लोग",
          "start": 0.58,
          "end": 1.1,
          "confidence": 0.987
        },
        {
          "text": "पढ़ने",
          "start": 1.1,
          "end": 1.32,
          "confidence": 0.912
        },
        {
          "text": "ऐसी",
          "start": 1.32,
          "end": 1.4,
          "confidence": 0.982
        },
        {
          "text": "रोक",
          "start": 1.4,
          "end": 1.78,
          "confidence": 0.986
        },
        {
          "text": "दिए",
          "start": 1.78,
          "end": 2.04,
          "confidence": 0.734
        },
        {
          "text": "जिसे",
          "start": 2.04,
          "end": 2.88,
          "confidence": 0.916
        },
        {
          "text": "उनको",
          "start": 2.88,
          "end": 3.68,
          "confidence": 0.973
        },
        {
          "text": "पढ़ने",
          "start": 3.68,
          "end": 4.12,
          "confidence": 0.963
        },
        {
          "text": "ऐसी",
          "start": 4.12,
          "end": 4.34,
          "confidence": 0.997
        },
        {
          "text": "रोक",
          "start": 4.34,
          "end": 4.52,
          "confidence": 0.998
        },
        {
          "text": "दिया",
          "start": 4.52,
          "end": 4.74,
          "confidence": 0.994
        },
        {
          "text": "जाता",
          "start": 4.74,
          "end": 5.02,
          "confidence": 0.994
        },
        {
          "text": "है",
          "start": 5.02,
          "end": 5.24,
          "confidence": 0.978
        },
        {
          "text": "क्यूँकी",
          "start": 5.24,
          "end": 5.92,
          "confidence": 0.927
        },
        {
          "text": "आगे",
          "start": 5.92,
          "end": 6.32,
          "confidence": 0.995
        },
        {
          "text": "जाकर",
          "start": 6.32,
          "end": 6.64,
          "confidence": 0.925
        },
        {
          "text": "उसके",
          "start": 6.64,
          "end": 7.7,
          "confidence": 0.96
        },
        {
          "text": "लड़के",
          "start": 7.7,
          "end": 8.48,
          "confidence": 0.855
        },
        {
          "text": "अधिक",
          "start": 8.48,
          "end": 9.62,
          "confidence": 0.958
        },
        {
          "text": "खर्च",
          "start": 9.62,
          "end": 10.0,
          "confidence": 0.837
        }
      ]
    }
  ],
  "language": "hi"
}