{
  "text": "की जाती है परन्तु कम उतना नहीं जब शिक्षणों को अपने अंपने दुख पिला रहे थे मारने के लिए तभी भगवान की समस्या दिखाया जाती है के साथ साथ जो है की उनका",
  "segments": [
    {
      "id": 0,
      "seek": 0,
      "start": 0.0,
      "end": 10.76,
      "text": "की जाती है परन्तु कम उतना नहीं जब शिक्षणों को अपने अंपने दुख पिला रहे थे मारने के लिए तभी भगवान की समस्या दिखाया जाती है के साथ साथ जो है की उनका",
      "tokens": [
        50364,
        41858,
        31881,
        8485,
        250,
        17937,
        36158,
        31881,
        37139,
        43372,
        8485,
        103,
        25411,
        35082,
        27099,
        36158,
        8703,
        223,
        31970,
        48521,
        8485,
        231,
        36158,
        35082,
        17937,
        8485,
        101,
        44500,
        31881,
        31945,
        8485,
        250,
        3941,
        105,
        8485,
        114,
        33279,
        41858,
        27099,
        3941,
        115,
        3941,
        96,
        33926,
        31945,
        31970,
        33926,
        8485,
        227,
        3941,
        103,
        35082,
        21981,
        8485,
        227,
        31945,
        3941,
        103,
        35082,
        21981,
        8485,
        99,
        8703,
        223,
        3941,
        244,
        8485,
        103,
        33279,
        46758,
        17937,
        8485,
        108,
        44500,
        21981,
        8485,
        98,
        21981,
        48449,
        17937,
        25411,
        35082,
        21981,
        31970,
        21981,
        8485,
        110,
        33279,
        3941,
        237,
        8485,
        97,
        3941,
        255,
        31881,
        8485,
        255,
        3941,
        245,
        3941,
        113,
        17937,
        35082,
        31970,
        31881,
        49316,
        48521,
        45938,
        27099,
        48268,
        17937,
        8485,
        99,
        33279,
        3941,
        244,
        17937,
        48268,
        17937,
        8485,
        250,
        17937,
        36158,
        31881,
        37139,
        43372,
        31970,
        21981,
        49316,
        17937,
        3941,
        98,
        49316,
        17937,
        3941,
        98,
        8485,
        250,
        33926,
        37139,
        43372,
        31970,
        31881,
        8485,
        231,
        35082,
        41858,
        17937
      ],
      "temperature": 0.0,
      "avg_logprob": -0.17520983907200346,
      "compression_ratio": 2.061111111111111,
      "no_speech_prob": 2.6946391298854344e-11,
      "confidence": 0.852,
      "words": [
        {
          "text": "की",
          "start": 0.0,
          "end": 0.42,
          "confidence": 0.701
        },
        {
          "text": "जाती",
          "start": 0.42,
          "end": 0.86,
          "confidence": 0.996
        },
        {
          "text": "है",
          "start": 0.86,
          "end": 1.0,
          "confidence": 0.972
        },
        {
          "text": "परन्तु",
          "start": 1.0,
          "end": 1.46,
          "confidence": 0.945
        },
        {
          "text": "कम",
          "start": 1.46,
          "end": 1.84,
          "confidence": 0.716
        },
        {
          "text": "उतना",
          "start": 1.84,
          "end": 2.26,
          "confidence": 0.844
        },
        {
          "text": "नहीं",
          "start": 2.26,
          "end": 2.62,
          "confidence": 0.769
        },
        {
          "text": "जब",
          "start": 2.62,
          "end": 2.8,
          "confidence": 0.977
        },
        {
          "text": "शिक्षणों",
          "start": 2.8,
          "end": 3.5,
          "confidence": 0.703
        },
        {
          "text": "को",
          "start": 3.5,
          "end": 3.7,
          "confidence": 0.989
        },
        {
          "text": "अपने",
          "start": 3.7,
          "end": 4.32,
          "confidence": 0.977
        },
        {
          "text": "अंपने",
          "start": 4.32,
          "end": 4.76,
          "confidence": 0.572
        },
        {
          "text": "दुख",
          "start": 4.76,
          "end": 4.84,
          "confidence": 0.831
        },
        {
          "text": "पिला",
          "start": 4.84,
          "end": 5.16,
          "confidence": 0.925
        },
        {
          "text": "रहे",
          "start": 5.16,
          "end": 5.4,
          "confidence": 0.984
        },
        {
          "text": "थे",
          "start": 5.4,
          "end": 5.72,
          "confidence": 0.983
        },
        {
          "text": "मारने",
          "start": 5.72,
          "end": 6.12,
          "confidence": 0.859
        },
        {
          "text": "के",
          "start": 6.12,
          "end": 6.44,
          "confidence": 0.975
        },
        {
          "text": "लिए",
          "start": 6.44,
          "end": 6.6,
          "confidence": 0.985
        },
        {
          "text": "तभी",
          "start": 6.6,
          "end": 6.96,
          "confidence": 0.824
        },
        {
          "text": "भगवान",
          "start": 6.96,
          "end": 7.4,
          "confidence": 0.991
        },
        {
          "text": "की",
          "start": 7.4,
          "end": 7.58,
          "confidence": 0.714
        },
        {
          "text": "समस्या",
          "start": 7.58,
          "end": 8.22,
          "confidence": 0.821
        },
        {
          "text": "दिखाया",
          "start": 8.22,
          "end": 8.82,
          "confidence": 0.864
        },
        {
          "text": "जाती",
          "start": 8.82,
          "end": 9.0,
          "confidence": 0.576
        },
        {
          "text": "है",
          "start": 9.0,
          "end": 9.02,
          "confidence": 0.918
        },
        {
          "text": "के",
          "start": 9.02,
          "end": 9.04,
          "confidence": 0.555
        },
        {
          "text": "साथ",
          "start": 9.04,
          "end": 9.72,
          "confidence": 0.991
        },
        {
          "text": "साथ",
          "start": 9.72,
          "end": 9.74,
          "confidence": 0.987
        },
        {
          "text": "जो",
          "start": 9.74,
          "end": 9.92,
          "confidence": 0.958
        },
        {
          "text": "है",
          "start": 9.92,
          "end": 10.28,
          "confidence": 0.965
        },
        {
          "text": "की",
          "start": 10.28,
          "end": 10.44,
          "confidence": 0.799
        },
        {
          "text": "उनका",
          "start": 10.44,
          "end": 10.76,
          "confidence": 0.985
        }
      ]
    }
  ],
  "language": "hi"
}