{
  "text": "जिसका बंटवारा बच्चों के प्रति जिम्मेदारी को और भी बढ़ा देता है नवगुण शिक्षा के सम्मानित होने वाले भारतीय समाज सेवी के पास तो पचीस हजार बच्चों को बाल मजोब से मुक्त कराने का आकड़ा है",
  "segments": [
    {
      "id": 0,
      "seek": 0,
      "start": 0.0,
      "end": 11.66,
      "text": "जिसका बंटवारा बच्चों के प्रति जिम्मेदारी को और भी बढ़ा देता है नवगुण शिक्षा के सम्मानित होने वाले भारतीय समाज सेवी के पास तो पचीस हजार बच्चों को बाल मजोब से मुक्त कराने का आकड़ा है",
      "tokens": [
        50364,
        3941,
        250,
        33279,
        45938,
        41858,
        17937,
        8485,
        105,
        31945,
        3941,
        253,
        3941,
        113,
        17937,
        25411,
        17937,
        8485,
        105,
        3941,
        248,
        27099,
        3941,
        248,
        33926,
        31945,
        31970,
        21981,
        8485,
        103,
        27099,
        25411,
        36158,
        33279,
        8485,
        250,
        33279,
        48521,
        27099,
        48521,
        21981,
        3941,
        99,
        17937,
        25411,
        31881,
        31970,
        33926,
        8485,
        242,
        25411,
        8485,
        255,
        31881,
        8485,
        105,
        8703,
        251,
        17937,
        8485,
        99,
        21981,
        36158,
        17937,
        37139,
        43372,
        8485,
        101,
        3941,
        113,
        3941,
        245,
        8703,
        223,
        3941,
        96,
        8485,
        114,
        33279,
        41858,
        27099,
        3941,
        115,
        17937,
        31970,
        21981,
        49316,
        48521,
        27099,
        48521,
        17937,
        35082,
        33279,
        36158,
        37139,
        33926,
        35082,
        21981,
        8485,
        113,
        17937,
        46758,
        21981,
        8485,
        255,
        17937,
        25411,
        36158,
        31881,
        48268,
        49316,
        48521,
        17937,
        3941,
        250,
        49316,
        21981,
        3941,
        113,
        31881,
        31970,
        21981,
        8485,
        103,
        17937,
        45938,
        8485,
        97,
        33926,
        8485,
        103,
        3941,
        248,
        31881,
        45938,
        37139,
        3941,
        250,
        17937,
        25411,
        8485,
        105,
        3941,
        248,
        27099,
        3941,
        248,
        33926,
        31945,
        31970,
        33926,
        8485,
        105,
        17937,
        46758,
        48449,
        3941,
        250,
        33926,
        3941,
        105,
        49316,
        21981,
        48449,
        8703,
        223,
        41858,
        27099,
        36158,
        31970,
        25411,
        17937,
        35082,
        21981,
        31970,
        17937,
        8485,
        228,
        41858,
        8703,
        250,
        17937,
        37139,
        43372
      ],
      "temperature": 0.0,
      "avg_logprob": -0.14965330587851033,
      "compression_ratio": 2.199052132701422,
      "no_speech_prob": 8.98727050387875e-16,
      "confidence": 0.869,
      "words": [
        {
          "text": "जिसका",
          "start": 0.0,
          "end": 0.7,
          "confidence": 0.662
        },
        {
          "text": "बंटवारा",
          "start": 0.7,
          "end": 1.66,
          "confidence": 0.74
        },
        {
          "text": "बच्चों",
          "start": 1.66,
          "end": 1.96,
          "confidence": 0.98
        },
        {
          "text": "के",
          "start": 1.96,
          "end": 2.26,
          "confidence": 0.793
        },
        {
          "text": "प्रति",
          "start": 2.26,
          "end": 2.46,
          "confidence": 0.933
        },
        {
          "text": "जिम्मेदारी",
          "start": 2.46,
          "end": 2.9,
          "confidence": 0.928
        },
        {
          "text": "को",
          "start": 2.9,
          "end": 3.16,
          "confidence": 0.864
        },
        {
          "text": "और",
          "start": 3.16,
          "end": 3.34,
          "confidence": 0.926
        },
        {
          "text": "भी",
          "start": 3.34,
          "end": 3.4,
          "confidence": 0.759
        },
        {
          "text": "बढ़ा",
          "start": 3.4,
          "end": 3.58,
          "confidence": 0.879
        },
        {
          "text": "देता",
          "start": 3.58,
          "end": 3.96,
          "confidence": 0.97
        },
        {
          "text": "है",
          "start": 3.96,
          "end": 4.14,
          "confidence": 0.938
        },
        {
          "text": "नवगुण",
          "start": 4.14,
          "end": 5.0,
          "confidence": 0.765
        },
        {
          "text": "शिक्षा",
          "start": 5.0,
          "end": 5.26,
          "confidence": 0.853
        },
        {
          "text": "के",
          "start": 5.26,
          "end": 5.48,
          "confidence": 0.787
        },
        {
          "text": "सम्मानित",
          "start": 5.48,
          "end": 6.18,
          "confidence": 0.933
        },
        {
          "text": "होने",
          "start": 6.18,
          "end": 6.24,
          "confidence": 0.824
        },
        {
          "text": "वाले",
          "start": 6.24,
          "end": 6.44,
          "confidence": 0.984
        },
        {
          "text": "भारतीय",
          "start": 6.44,
          "end": 7.0,
          "confidence": 0.973
        },
        {
          "text": "समाज",
          "start": 7.0,
          "end": 7.48,
          "confidence": 0.958
        },
        {
          "text": "सेवी",
          "start": 7.48,
          "end": 7.58,
          "confidence": 0.877
        },
        {
          "text": "के",
          "start": 7.58,
          "end": 7.92,
          "confidence": 0.979
        },
        {
          "text": "पास",
          "start": 7.92,
          "end": 8.04,
          "confidence": 0.87
        },
        {
          "text": "तो",
          "start": 8.04,
          "end": 8.3,
          "confidence": 0.893
        },
        {
          "text": "पचीस",
          "start": 8.3,
          "end": 9.04,
          "confidence": 0.847
        },
        {
          "text": "हजार",
          "start": 9.04,
          "end": 9.2,
          "confidence": 0.972
        },
        {
          "text": "बच्चों",
          "start": 9.2,
          "end": 9.54,
          "confidence": 0.984
        },
        {
          "text": "को",
          "start": 9.54,
          "end": 9.72,
          "confidence": 0.99
        },
        {
          "text": "बाल",
          "start": 9.72,
          "end": 10.04,
          "confidence": 0.9
        },
        {
          "text": "मजोब",
          "start": 10.04,
          "end": 10.16,
          "confidence": 0.698
        },
        {
          "text": "से",
          "start": 10.16,
          "end": 10.48,
          "confidence": 0.609
        },
        {
          "text": "मुक्त",
          "start": 10.48,
          "end": 10.68,
          "confidence": 0.804
        },
        {
          "text": "कराने",
          "start": 10.68,
          "end": 11.0,
          "confidence": 0.94
        },
        {
          "text": "का",
          "start": 11.0,
          "end": 11.12,
          "confidence": 0.989
        },
        {
          "text": "आकड़ा",
          "start": 11.12,
          "end": 11.3,
          "confidence": 0.776
        },
        {
          "text": "है",
          "start": 11.3,
          "end": 11.66,
          "confidence": 0.985
        }
      ]
    }
  ],
  "language": "hi"
}