{
  "text": "इन सब बातों ऐसी हम लोगों को बहुत ही अच्छा लगता है जबकि हम लोग",
  "segments": [
    {
      "id": 0,
      "seek": 0,
      "start": 0.0,
      "end": 5.48,
      "text": "इन सब बातों ऐसी हम लोगों को बहुत ही अच्छा लगता है जबकि हम लोग",
      "tokens": [
        50364,
        3941,
        229,
        35082,
        49316,
        3941,
        105,
        8485,
        105,
        17937,
        36158,
        33926,
        31945,
        8485,
        238,
        45938,
        31881,
        37139,
        48521,
        8485,
        110,
        33926,
        3941,
        245,
        33926,
        31945,
        31970,
        33926,
        8485,
        105,
        44500,
        8703,
        223,
        36158,
        37139,
        31881,
        8485,
        227,
        3941,
        248,
        27099,
        3941,
        249,
        17937,
        8485,
        110,
        3941,
        245,
        36158,
        17937,
        37139,
        43372,
        8485,
        250,
        3941,
        105,
        41858,
        33279,
        37139,
        48521,
        8485,
        110,
        33926,
        3941,
        245
      ],
      "temperature": 0.0,
      "avg_logprob": -0.12138873880559747,
      "compression_ratio": 1.5346534653465347,
      "no_speech_prob": 2.260926363663318e-13,
      "confidence": 0.921,
      "words": [
        {
          "text": "इन",
          "start": 0.0,
          "end": 1.72,
          "confidence": 0.621
        },
        {
          "text": "सब",
          "start": 1.72,
          "end": 1.82,
          "confidence": 0.975
        },
        {
          "text": "बातों",
          "start": 1.82,
          "end": 2.14,
          "confidence": 0.986
        },
        {
          "text": "ऐसी",
          "start": 2.14,
          "end": 2.38,
          "confidence": 0.977
        },
        {
          "text": "हम",
          "start": 2.38,
          "end": 2.8,
          "confidence": 0.974
        },
        {
          "text": "लोगों",
          "start": 2.8,
          "end": 2.92,
          "confidence": 0.771
        },
        {
          "text": "को",
          "start": 2.92,
          "end": 2.94,
          "confidence": 0.942
        },
        {
          "text": "बहुत",
          "start": 2.94,
          "end": 3.26,
          "confidence": 0.985
        },
        {
          "text": "ही",
          "start": 3.26,
          "end": 3.42,
          "confidence": 0.85
        },
        {
          "text": "अच्छा",
          "start": 3.42,
          "end": 3.54,
          "confidence": 0.997
        },
        {
          "text": "लगता",
          "start": 3.54,
          "end": 3.78,
          "confidence": 0.997
        },
        {
          "text": "है",
          "start": 3.78,
          "end": 4.08,
          "confidence": 0.988
        },
        {
          "text": "जबकि",
          "start": 4.08,
          "end": 5.16,
          "confidence": 0.848
        },
        {
          "text": "हम",
          "start": 5.16,
          "end": 5.46,
          "confidence": 0.989
        },
        {
          "text": "लोग",
          "start": 5.46,
          "end": 5.48,
          "confidence": 0.984
        }
      ]
    }
  ],
  "language": "hi"
}