{
  "text": "ऊपर में बैठा हुआ आ रहा था कोई और वह लगभग करीबन दस ऐसी बारह साल का लड़का था और बहुत छोटा ही कच्चा था लेकिन वह देखा की वह बच्चा डूब रहा था धाम ऐसी उसने",
  "segments": [
    {
      "id": 0,
      "seek": 0,
      "start": 0.0,
      "end": 11.78,
      "text": "ऊपर में बैठा हुआ आ रहा था कोई और वह लगभग करीबन दस ऐसी बारह साल का लड़का था और बहुत छोटा ही कच्चा था लेकिन वह देखा की वह बच्चा डूब रहा था धाम ऐसी उसने",
      "tokens": [
        50364,
        3941,
        232,
        3941,
        103,
        25411,
        48449,
        21981,
        31945,
        8485,
        105,
        43372,
        3941,
        254,
        17937,
        37139,
        8703,
        223,
        3941,
        228,
        8485,
        228,
        8485,
        108,
        44500,
        17937,
        8485,
        98,
        17937,
        31970,
        33926,
        3941,
        230,
        8485,
        242,
        25411,
        8485,
        113,
        44500,
        8485,
        110,
        3941,
        245,
        3941,
        255,
        3941,
        245,
        31970,
        25411,
        31881,
        3941,
        105,
        35082,
        8485,
        99,
        45938,
        8485,
        238,
        45938,
        31881,
        8485,
        105,
        17937,
        25411,
        44500,
        49316,
        17937,
        46758,
        31970,
        17937,
        8485,
        110,
        8703,
        250,
        41858,
        17937,
        8485,
        98,
        17937,
        8485,
        242,
        25411,
        8485,
        105,
        44500,
        8703,
        223,
        36158,
        8485,
        249,
        33926,
        3941,
        253,
        17937,
        37139,
        31881,
        31970,
        3941,
        248,
        27099,
        3941,
        248,
        17937,
        8485,
        98,
        17937,
        8485,
        110,
        21981,
        41858,
        33279,
        35082,
        8485,
        113,
        44500,
        8485,
        99,
        21981,
        3941,
        244,
        17937,
        31970,
        31881,
        8485,
        113,
        44500,
        8485,
        105,
        3941,
        248,
        27099,
        3941,
        248,
        17937,
        8485,
        94,
        8703,
        224,
        3941,
        105,
        8485,
        108,
        44500,
        17937,
        8485,
        98,
        17937,
        8485,
        100,
        17937,
        48521,
        8485,
        238,
        45938,
        31881,
        8485,
        231,
        45938,
        35082,
        21981
      ],
      "temperature": 0.0,
      "avg_logprob": -0.10366579612589771,
      "compression_ratio": 2.0327868852459017,
      "no_speech_prob": 6.261804903805526e-14,
      "confidence": 0.915,
      "words": [
        {
          "text": "ऊपर",
          "start": 0.0,
          "end": 0.6,
          "confidence": 0.972
        },
        {
          "text": "में",
          "start": 0.6,
          "end": 0.72,
          "confidence": 0.922
        },
        {
          "text": "बैठा",
          "start": 0.72,
          "end": 1.1,
          "confidence": 0.992
        },
        {
          "text": "हुआ",
          "start": 1.1,
          "end": 1.54,
          "confidence": 0.988
        },
        {
          "text": "आ",
          "start": 1.54,
          "end": 2.42,
          "confidence": 0.903
        },
        {
          "text": "रहा",
          "start": 2.42,
          "end": 2.68,
          "confidence": 0.989
        },
        {
          "text": "था",
          "start": 2.68,
          "end": 2.84,
          "confidence": 0.992
        },
        {
          "text": "कोई",
          "start": 2.84,
          "end": 3.26,
          "confidence": 0.927
        },
        {
          "text": "और",
          "start": 3.26,
          "end": 4.3,
          "confidence": 0.977
        },
        {
          "text": "वह",
          "start": 4.3,
          "end": 4.32,
          "confidence": 0.799
        },
        {
          "text": "लगभग",
          "start": 4.32,
          "end": 4.68,
          "confidence": 0.947
        },
        {
          "text": "करीबन",
          "start": 4.68,
          "end": 5.12,
          "confidence": 0.922
        },
        {
          "text": "दस",
          "start": 5.12,
          "end": 5.6,
          "confidence": 0.983
        },
        {
          "text": "ऐसी",
          "start": 5.6,
          "end": 5.94,
          "confidence": 0.892
        },
        {
          "text": "बारह",
          "start": 5.94,
          "end": 6.04,
          "confidence": 0.967
        },
        {
          "text": "साल",
          "start": 6.04,
          "end": 6.06,
          "confidence": 0.991
        },
        {
          "text": "का",
          "start": 6.06,
          "end": 6.44,
          "confidence": 0.97
        },
        {
          "text": "लड़का",
          "start": 6.44,
          "end": 6.56,
          "confidence": 0.942
        },
        {
          "text": "था",
          "start": 6.56,
          "end": 7.1,
          "confidence": 0.995
        },
        {
          "text": "और",
          "start": 7.1,
          "end": 7.36,
          "confidence": 0.822
        },
        {
          "text": "बहुत",
          "start": 7.36,
          "end": 7.62,
          "confidence": 0.982
        },
        {
          "text": "छोटा",
          "start": 7.62,
          "end": 8.02,
          "confidence": 0.957
        },
        {
          "text": "ही",
          "start": 8.02,
          "end": 8.12,
          "confidence": 0.831
        },
        {
          "text": "कच्चा",
          "start": 8.12,
          "end": 8.4,
          "confidence": 0.703
        },
        {
          "text": "था",
          "start": 8.4,
          "end": 8.6,
          "confidence": 0.993
        },
        {
          "text": "लेकिन",
          "start": 8.6,
          "end": 8.86,
          "confidence": 0.994
        },
        {
          "text": "वह",
          "start": 8.86,
          "end": 9.48,
          "confidence": 0.951
        },
        {
          "text": "देखा",
          "start": 9.48,
          "end": 9.86,
          "confidence": 0.992
        },
        {
          "text": "की",
          "start": 9.86,
          "end": 10.16,
          "confidence": 0.876
        },
        {
          "text": "वह",
          "start": 10.16,
          "end": 10.18,
          "confidence": 0.78
        },
        {
          "text": "बच्चा",
          "start": 10.18,
          "end": 10.52,
          "confidence": 0.969
        },
        {
          "text": "डूब",
          "start": 10.52,
          "end": 10.72,
          "confidence": 0.966
        },
        {
          "text": "रहा",
          "start": 10.72,
          "end": 10.92,
          "confidence": 0.68
        },
        {
          "text": "था",
          "start": 10.92,
          "end": 11.14,
          "confidence": 0.924
        },
        {
          "text": "धाम",
          "start": 11.14,
          "end": 11.34,
          "confidence": 0.534
        },
        {
          "text": "ऐसी",
          "start": 11.34,
          "end": 11.42,
          "confidence": 0.981
        },
        {
          "text": "उसने",
          "start": 11.42,
          "end": 11.78,
          "confidence": 0.924
        }
      ]
    }
  ],
  "language": "hi"
}