{
  "text": "और इस मेले में हमारे झारखण्ड मोबाइल वाणी के जीतने भी टीम थी वे काफी आकर अपनी झारखण्ड मोबाइल वाणी का बहुत ही विशेष",
  "segments": [
    {
      "id": 0,
      "seek": 0,
      "start": 0.0,
      "end": 9.84,
      "text": "और इस मेले में हमारे झारखण्ड मोबाइल वाणी के जीतने भी टीम थी वे काफी आकर अपनी झारखण्ड मोबाइल वाणी का बहुत ही विशेष",
      "tokens": [
        50380,
        3941,
        242,
        25411,
        8485,
        229,
        45938,
        48449,
        21981,
        46758,
        21981,
        48449,
        21981,
        31945,
        37139,
        48521,
        17937,
        25411,
        21981,
        8485,
        251,
        17937,
        25411,
        3941,
        244,
        3941,
        96,
        27099,
        3941,
        94,
        48449,
        33926,
        3941,
        105,
        17937,
        3941,
        229,
        46758,
        8485,
        113,
        17937,
        3941,
        96,
        31881,
        31970,
        21981,
        8485,
        250,
        31881,
        36158,
        35082,
        21981,
        8485,
        255,
        31881,
        8485,
        253,
        31881,
        48521,
        8485,
        98,
        31881,
        8485,
        113,
        21981,
        31970,
        17937,
        3941,
        104,
        31881,
        8485,
        228,
        41858,
        25411,
        8485,
        227,
        3941,
        103,
        35082,
        31881,
        8485,
        251,
        17937,
        25411,
        3941,
        244,
        3941,
        96,
        27099,
        3941,
        94,
        48449,
        33926,
        3941,
        105,
        17937,
        3941,
        229,
        46758,
        8485,
        113,
        17937,
        3941,
        96,
        31881,
        31970,
        17937,
        8485,
        105,
        44500,
        8703,
        223,
        36158,
        37139,
        31881,
        8485,
        113,
        33279,
        3941,
        114,
        21981,
        3941,
        115
      ],
      "temperature": 0.0,
      "avg_logprob": -0.1214361729160432,
      "compression_ratio": 2.0489510489510487,
      "no_speech_prob": 1.1945830592487118e-15,
      "confidence": 0.907,
      "words": [
        {
          "text": "और",
          "start": 0.0,
          "end": 0.62,
          "confidence": 0.972
        },
        {
          "text": "इस",
          "start": 0.62,
          "end": 0.98,
          "confidence": 0.981
        },
        {
          "text": "मेले",
          "start": 0.98,
          "end": 1.44,
          "confidence": 0.871
        },
        {
          "text": "में",
          "start": 1.44,
          "end": 1.46,
          "confidence": 0.978
        },
        {
          "text": "हमारे",
          "start": 1.46,
          "end": 2.26,
          "confidence": 0.994
        },
        {
          "text": "झारखण्ड",
          "start": 2.26,
          "end": 2.88,
          "confidence": 0.996
        },
        {
          "text": "मोबाइल",
          "start": 2.88,
          "end": 3.02,
          "confidence": 0.983
        },
        {
          "text": "वाणी",
          "start": 3.02,
          "end": 3.4,
          "confidence": 0.979
        },
        {
          "text": "के",
          "start": 3.4,
          "end": 3.62,
          "confidence": 0.724
        },
        {
          "text": "जीतने",
          "start": 3.62,
          "end": 4.08,
          "confidence": 0.658
        },
        {
          "text": "भी",
          "start": 4.08,
          "end": 4.18,
          "confidence": 0.901
        },
        {
          "text": "टीम",
          "start": 4.18,
          "end": 4.48,
          "confidence": 0.905
        },
        {
          "text": "थी",
          "start": 4.48,
          "end": 5.18,
          "confidence": 0.673
        },
        {
          "text": "वे",
          "start": 5.18,
          "end": 5.74,
          "confidence": 0.882
        },
        {
          "text": "काफी",
          "start": 5.74,
          "end": 6.16,
          "confidence": 0.962
        },
        {
          "text": "आकर",
          "start": 6.16,
          "end": 6.48,
          "confidence": 0.842
        },
        {
          "text": "अपनी",
          "start": 6.48,
          "end": 7.08,
          "confidence": 0.89
        },
        {
          "text": "झारखण्ड",
          "start": 7.08,
          "end": 7.74,
          "confidence": 0.999
        },
        {
          "text": "मोबाइल",
          "start": 7.74,
          "end": 7.82,
          "confidence": 0.994
        },
        {
          "text": "वाणी",
          "start": 7.82,
          "end": 8.04,
          "confidence": 0.997
        },
        {
          "text": "का",
          "start": 8.04,
          "end": 8.42,
          "confidence": 0.99
        },
        {
          "text": "बहुत",
          "start": 8.42,
          "end": 9.56,
          "confidence": 0.981
        },
        {
          "text": "ही",
          "start": 9.56,
          "end": 9.58,
          "confidence": 0.919
        },
        {
          "text": "विशेष",
          "start": 9.58,
          "end": 9.84,
          "confidence": 0.651
        }
      ]
    }
  ],
  "language": "hi"
}