{
  "text": "जो भी है पहले का पंचायत भवन पुराना टोटल फुटल उसमे हम लोग बैठक चलाते है तो उसमे बरसात का सीजन में पानी घुट जाता है और दस नई तावाला भी है कहीं बैठे समय दस जाएगा तो फिर लोगो की",
  "segments": [
    {
      "id": 0,
      "seek": 0,
      "start": 0.0,
      "end": 11.62,
      "text": "जो भी है पहले का पंचायत भवन पुराना टोटल फुटल उसमे हम लोग बैठक चलाते है तो उसमे बरसात का सीजन में पानी घुट जाता है और दस नई तावाला भी है कहीं बैठे समय दस जाएगा तो फिर लोगो की",
      "tokens": [
        50364,
        3941,
        250,
        33926,
        8485,
        255,
        31881,
        37139,
        43372,
        8485,
        103,
        44500,
        46758,
        21981,
        31970,
        17937,
        8485,
        103,
        31945,
        3941,
        248,
        17937,
        48268,
        36158,
        8485,
        255,
        3941,
        113,
        35082,
        8485,
        103,
        8703,
        223,
        25411,
        17937,
        35082,
        17937,
        8485,
        253,
        33926,
        3941,
        253,
        46758,
        8485,
        104,
        8703,
        223,
        3941,
        253,
        46758,
        8485,
        231,
        45938,
        48521,
        21981,
        37139,
        48521,
        8485,
        110,
        33926,
        3941,
        245,
        8485,
        105,
        43372,
        3941,
        254,
        41858,
        8485,
        248,
        46758,
        17937,
        36158,
        21981,
        37139,
        43372,
        8485,
        97,
        33926,
        8485,
        231,
        45938,
        48521,
        21981,
        8485,
        105,
        25411,
        45938,
        17937,
        36158,
        31970,
        17937,
        49316,
        31881,
        3941,
        250,
        35082,
        48449,
        21981,
        31945,
        8485,
        103,
        17937,
        35082,
        31881,
        8485,
        246,
        8703,
        223,
        3941,
        253,
        8485,
        250,
        17937,
        36158,
        17937,
        37139,
        43372,
        8485,
        242,
        25411,
        8485,
        99,
        45938,
        8485,
        101,
        3941,
        230,
        8485,
        97,
        17937,
        3941,
        113,
        17937,
        46758,
        17937,
        8485,
        255,
        31881,
        37139,
        43372,
        31970,
        44500,
        31881,
        31945,
        8485,
        105,
        43372,
        3941,
        254,
        21981,
        49316,
        48521,
        48268,
        8485,
        99,
        45938,
        8485,
        250,
        17937,
        3941,
        237,
        3941,
        245,
        17937,
        8485,
        97,
        33926,
        8485,
        104,
        33279,
        25411,
        8485,
        110,
        33926,
        3941,
        245,
        33926,
        31970,
        31881
      ],
      "temperature": 0.0,
      "avg_logprob": -0.13598160717368785,
      "compression_ratio": 2.1519607843137254,
      "no_speech_prob": 5.984592174817051e-16,
      "confidence": 0.883,
      "words": [
        {
          "text": "जो",
          "start": 0.0,
          "end": 0.6,
          "confidence": 0.899
        },
        {
          "text": "भी",
          "start": 0.6,
          "end": 0.78,
          "confidence": 0.984
        },
        {
          "text": "है",
          "start": 0.78,
          "end": 1.0,
          "confidence": 0.938
        },
        {
          "text": "पहले",
          "start": 1.0,
          "end": 1.26,
          "confidence": 0.907
        },
        {
          "text": "का",
          "start": 1.26,
          "end": 1.54,
          "confidence": 0.777
        },
        {
          "text": "पंचायत",
          "start": 1.54,
          "end": 2.08,
          "confidence": 0.979
        },
        {
          "text": "भवन",
          "start": 2.08,
          "end": 2.18,
          "confidence": 0.898
        },
        {
          "text": "पुराना",
          "start": 2.18,
          "end": 2.84,
          "confidence": 0.973
        },
        {
          "text": "टोटल",
          "start": 2.84,
          "end": 3.36,
          "confidence": 0.746
        },
        {
          "text": "फुटल",
          "start": 3.36,
          "end": 3.38,
          "confidence": 0.832
        },
        {
          "text": "उसमे",
          "start": 3.38,
          "end": 3.78,
          "confidence": 0.951
        },
        {
          "text": "हम",
          "start": 3.78,
          "end": 4.0,
          "confidence": 0.866
        },
        {
          "text": "लोग",
          "start": 4.0,
          "end": 4.02,
          "confidence": 0.883
        },
        {
          "text": "बैठक",
          "start": 4.02,
          "end": 4.4,
          "confidence": 0.904
        },
        {
          "text": "चलाते",
          "start": 4.4,
          "end": 4.82,
          "confidence": 0.936
        },
        {
          "text": "है",
          "start": 4.82,
          "end": 4.96,
          "confidence": 0.978
        },
        {
          "text": "तो",
          "start": 4.96,
          "end": 5.06,
          "confidence": 0.854
        },
        {
          "text": "उसमे",
          "start": 5.06,
          "end": 5.28,
          "confidence": 0.958
        },
        {
          "text": "बरसात",
          "start": 5.28,
          "end": 5.78,
          "confidence": 0.796
        },
        {
          "text": "का",
          "start": 5.78,
          "end": 5.9,
          "confidence": 0.798
        },
        {
          "text": "सीजन",
          "start": 5.9,
          "end": 6.06,
          "confidence": 0.95
        },
        {
          "text": "में",
          "start": 6.06,
          "end": 6.18,
          "confidence": 0.95
        },
        {
          "text": "पानी",
          "start": 6.18,
          "end": 6.5,
          "confidence": 0.995
        },
        {
          "text": "घुट",
          "start": 6.5,
          "end": 6.64,
          "confidence": 0.821
        },
        {
          "text": "जाता",
          "start": 6.64,
          "end": 7.06,
          "confidence": 0.986
        },
        {
          "text": "है",
          "start": 7.06,
          "end": 7.16,
          "confidence": 0.995
        },
        {
          "text": "और",
          "start": 7.16,
          "end": 7.32,
          "confidence": 0.929
        },
        {
          "text": "दस",
          "start": 7.32,
          "end": 7.58,
          "confidence": 0.683
        },
        {
          "text": "नई",
          "start": 7.58,
          "end": 7.94,
          "confidence": 0.652
        },
        {
          "text": "तावाला",
          "start": 7.94,
          "end": 8.2,
          "confidence": 0.549
        },
        {
          "text": "भी",
          "start": 8.2,
          "end": 8.34,
          "confidence": 0.98
        },
        {
          "text": "है",
          "start": 8.34,
          "end": 8.7,
          "confidence": 0.953
        },
        {
          "text": "कहीं",
          "start": 8.7,
          "end": 9.3,
          "confidence": 0.887
        },
        {
          "text": "बैठे",
          "start": 9.3,
          "end": 9.62,
          "confidence": 0.934
        },
        {
          "text": "समय",
          "start": 9.62,
          "end": 9.94,
          "confidence": 0.995
        },
        {
          "text": "दस",
          "start": 9.94,
          "end": 10.38,
          "confidence": 0.846
        },
        {
          "text": "जाएगा",
          "start": 10.38,
          "end": 10.84,
          "confidence": 0.941
        },
        {
          "text": "तो",
          "start": 10.84,
          "end": 10.88,
          "confidence": 0.986
        },
        {
          "text": "फिर",
          "start": 10.88,
          "end": 11.1,
          "confidence": 0.974
        },
        {
          "text": "लोगो",
          "start": 11.1,
          "end": 11.4,
          "confidence": 0.993
        },
        {
          "text": "की",
          "start": 11.4,
          "end": 11.62,
          "confidence": 0.823
        }
      ]
    }
  ],
  "language": "hi"
}