{
  "text": "नवजात तो कोई डबल बेड लेकर आया इसी दौरान घरेलु सामान के लिए तोहफा देने वाली अनाथ आश्रम में रहने वाली के प्रति हर कोई",
  "segments": [
    {
      "id": 0,
      "seek": 0,
      "start": 0.0,
      "end": 11.58,
      "text": "नवजात तो कोई डबल बेड लेकर आया इसी दौरान घरेलु सामान के लिए तोहफा देने वाली अनाथ आश्रम में रहने वाली के प्रति हर कोई",
      "tokens": [
        50364,
        35082,
        3941,
        113,
        3941,
        250,
        17937,
        36158,
        8485,
        97,
        33926,
        31970,
        33926,
        3941,
        230,
        8485,
        94,
        3941,
        105,
        46758,
        8485,
        105,
        21981,
        3941,
        94,
        8485,
        110,
        21981,
        41858,
        25411,
        8485,
        228,
        48268,
        17937,
        8485,
        229,
        45938,
        31881,
        8485,
        99,
        8703,
        234,
        25411,
        17937,
        35082,
        8485,
        246,
        25411,
        21981,
        46758,
        8703,
        223,
        49316,
        17937,
        48521,
        17937,
        35082,
        31970,
        21981,
        8485,
        110,
        33279,
        3941,
        237,
        8485,
        97,
        33926,
        44500,
        3941,
        104,
        17937,
        8485,
        99,
        21981,
        35082,
        21981,
        8485,
        113,
        17937,
        46758,
        31881,
        8485,
        227,
        35082,
        17937,
        3941,
        98,
        8485,
        228,
        3941,
        114,
        27099,
        25411,
        48521,
        48449,
        21981,
        31945,
        8485,
        108,
        44500,
        35082,
        21981,
        8485,
        113,
        17937,
        46758,
        31881,
        31970,
        21981,
        8485,
        103,
        27099,
        25411,
        36158,
        33279,
        37139,
        25411,
        31970,
        33926,
        3941,
        230
      ],
      "temperature": 0.0,
      "avg_logprob": -0.07410071326083824,
      "compression_ratio": 1.84472049689441,
      "no_speech_prob": 8.589195300097094e-15,
      "confidence": 0.945,
      "words": [
        {
          "text": "नवजात",
          "start": 0.0,
          "end": 0.84,
          "confidence": 0.869
        },
        {
          "text": "तो",
          "start": 0.84,
          "end": 1.7,
          "confidence": 0.845
        },
        {
          "text": "कोई",
          "start": 1.7,
          "end": 1.96,
          "confidence": 0.988
        },
        {
          "text": "डबल",
          "start": 1.96,
          "end": 2.52,
          "confidence": 0.969
        },
        {
          "text": "बेड",
          "start": 2.52,
          "end": 2.74,
          "confidence": 0.98
        },
        {
          "text": "लेकर",
          "start": 2.74,
          "end": 3.02,
          "confidence": 0.974
        },
        {
          "text": "आया",
          "start": 3.02,
          "end": 3.68,
          "confidence": 0.977
        },
        {
          "text": "इसी",
          "start": 3.68,
          "end": 4.22,
          "confidence": 0.97
        },
        {
          "text": "दौरान",
          "start": 4.22,
          "end": 5.28,
          "confidence": 0.994
        },
        {
          "text": "घरेलु",
          "start": 5.28,
          "end": 6.02,
          "confidence": 0.897
        },
        {
          "text": "सामान",
          "start": 6.02,
          "end": 6.18,
          "confidence": 0.909
        },
        {
          "text": "के",
          "start": 6.18,
          "end": 6.8,
          "confidence": 0.921
        },
        {
          "text": "लिए",
          "start": 6.8,
          "end": 6.82,
          "confidence": 0.99
        },
        {
          "text": "तोहफा",
          "start": 6.82,
          "end": 7.22,
          "confidence": 0.814
        },
        {
          "text": "देने",
          "start": 7.22,
          "end": 7.58,
          "confidence": 0.994
        },
        {
          "text": "वाली",
          "start": 7.58,
          "end": 7.82,
          "confidence": 0.975
        },
        {
          "text": "अनाथ",
          "start": 7.82,
          "end": 9.14,
          "confidence": 0.926
        },
        {
          "text": "आश्रम",
          "start": 9.14,
          "end": 9.34,
          "confidence": 0.971
        },
        {
          "text": "में",
          "start": 9.34,
          "end": 9.58,
          "confidence": 0.973
        },
        {
          "text": "रहने",
          "start": 9.58,
          "end": 9.84,
          "confidence": 0.993
        },
        {
          "text": "वाली",
          "start": 9.84,
          "end": 10.46,
          "confidence": 0.984
        },
        {
          "text": "के",
          "start": 10.46,
          "end": 10.72,
          "confidence": 0.82
        },
        {
          "text": "प्रति",
          "start": 10.72,
          "end": 11.04,
          "confidence": 0.986
        },
        {
          "text": "हर",
          "start": 11.04,
          "end": 11.3,
          "confidence": 0.932
        },
        {
          "text": "कोई",
          "start": 11.3,
          "end": 11.58,
          "confidence": 0.991
        }
      ]
    }
  ],
  "language": "hi"
}