{
  "text": "की सुनना में बहुत पसंद करती हूँ मेरे जीवन में बदलाव इच्छान आती रहती है इसी के साथ में ये सन्देश देना चाहता हूँ बिहार मोबाइल वाणी के साथ",
  "segments": [
    {
      "id": 0,
      "seek": 0,
      "start": 0.0,
      "end": 11.48,
      "text": "की सुनना में बहुत पसंद करती हूँ मेरे जीवन में बदलाव इच्छान आती रहती है इसी के साथ में ये सन्देश देना चाहता हूँ बिहार मोबाइल वाणी के साथ",
      "tokens": [
        50364,
        41858,
        31881,
        49316,
        8703,
        223,
        35082,
        35082,
        17937,
        48449,
        21981,
        31945,
        8485,
        105,
        44500,
        8703,
        223,
        36158,
        8485,
        103,
        45938,
        31945,
        3941,
        99,
        31970,
        25411,
        36158,
        31881,
        37139,
        8703,
        224,
        3941,
        223,
        48449,
        21981,
        25411,
        21981,
        8485,
        250,
        31881,
        3941,
        113,
        35082,
        48449,
        21981,
        31945,
        8485,
        105,
        3941,
        99,
        46758,
        17937,
        3941,
        113,
        8485,
        229,
        3941,
        248,
        27099,
        3941,
        249,
        17937,
        35082,
        8485,
        228,
        36158,
        31881,
        8485,
        108,
        44500,
        36158,
        31881,
        37139,
        43372,
        8485,
        229,
        45938,
        31881,
        31970,
        21981,
        49316,
        17937,
        3941,
        98,
        48449,
        21981,
        31945,
        8485,
        107,
        21981,
        49316,
        35082,
        27099,
        3941,
        99,
        21981,
        3941,
        114,
        8485,
        99,
        21981,
        35082,
        17937,
        8485,
        248,
        17937,
        44500,
        36158,
        17937,
        37139,
        8703,
        224,
        3941,
        223,
        8485,
        105,
        33279,
        44500,
        17937,
        25411,
        48449,
        33926,
        3941,
        105,
        17937,
        3941,
        229,
        46758,
        8485,
        113,
        17937,
        3941,
        96,
        31881,
        31970,
        21981,
        49316,
        17937,
        3941,
        98
      ],
      "temperature": 0.0,
      "avg_logprob": -0.10413761003643063,
      "compression_ratio": 2.102409638554217,
      "no_speech_prob": 1.6865053461840446e-13,
      "confidence": 0.915,
      "words": [
        {
          "text": "की",
          "start": 0.0,
          "end": 0.54,
          "confidence": 0.501
        },
        {
          "text": "सुनना",
          "start": 0.54,
          "end": 1.06,
          "confidence": 0.892
        },
        {
          "text": "में",
          "start": 1.06,
          "end": 1.08,
          "confidence": 0.737
        },
        {
          "text": "बहुत",
          "start": 1.08,
          "end": 1.4,
          "confidence": 0.981
        },
        {
          "text": "पसंद",
          "start": 1.4,
          "end": 1.74,
          "confidence": 0.888
        },
        {
          "text": "करती",
          "start": 1.74,
          "end": 1.94,
          "confidence": 0.669
        },
        {
          "text": "हूँ",
          "start": 1.94,
          "end": 2.3,
          "confidence": 0.884
        },
        {
          "text": "मेरे",
          "start": 2.3,
          "end": 2.5,
          "confidence": 0.889
        },
        {
          "text": "जीवन",
          "start": 2.5,
          "end": 2.96,
          "confidence": 0.985
        },
        {
          "text": "में",
          "start": 2.96,
          "end": 3.0,
          "confidence": 0.984
        },
        {
          "text": "बदलाव",
          "start": 3.0,
          "end": 4.32,
          "confidence": 0.983
        },
        {
          "text": "इच्छान",
          "start": 4.32,
          "end": 5.1,
          "confidence": 0.703
        },
        {
          "text": "आती",
          "start": 5.1,
          "end": 6.16,
          "confidence": 0.952
        },
        {
          "text": "रहती",
          "start": 6.16,
          "end": 6.48,
          "confidence": 0.986
        },
        {
          "text": "है",
          "start": 6.48,
          "end": 6.58,
          "confidence": 0.969
        },
        {
          "text": "इसी",
          "start": 6.58,
          "end": 7.08,
          "confidence": 0.86
        },
        {
          "text": "के",
          "start": 7.08,
          "end": 7.4,
          "confidence": 0.967
        },
        {
          "text": "साथ",
          "start": 7.4,
          "end": 7.56,
          "confidence": 0.992
        },
        {
          "text": "में",
          "start": 7.56,
          "end": 8.12,
          "confidence": 0.854
        },
        {
          "text": "ये",
          "start": 8.12,
          "end": 8.38,
          "confidence": 0.929
        },
        {
          "text": "सन्देश",
          "start": 8.38,
          "end": 9.3,
          "confidence": 0.979
        },
        {
          "text": "देना",
          "start": 9.3,
          "end": 9.64,
          "confidence": 0.995
        },
        {
          "text": "चाहता",
          "start": 9.64,
          "end": 9.94,
          "confidence": 0.995
        },
        {
          "text": "हूँ",
          "start": 9.94,
          "end": 10.14,
          "confidence": 0.998
        },
        {
          "text": "बिहार",
          "start": 10.14,
          "end": 10.68,
          "confidence": 0.995
        },
        {
          "text": "मोबाइल",
          "start": 10.68,
          "end": 10.8,
          "confidence": 0.973
        },
        {
          "text": "वाणी",
          "start": 10.8,
          "end": 11.04,
          "confidence": 0.986
        },
        {
          "text": "के",
          "start": 11.04,
          "end": 11.32,
          "confidence": 0.992
        },
        {
          "text": "साथ",
          "start": 11.32,
          "end": 11.48,
          "confidence": 0.997
        }
      ]
    }
  ],
  "language": "hi"
}