{
  "text": "करोड़ रूपए में क्या हुआ है एसे भी इसकी बच्ची का नाम आरोप दस हजार बीस हजार पचीस हजार तेईस हजार रूपए तक बापाया हो जाता है",
  "segments": [
    {
      "id": 0,
      "seek": 0,
      "start": 0.0,
      "end": 10.4,
      "text": "करोड़ रूपए में क्या हुआ है एसे भी इसकी बच्ची का नाम आरोप दस हजार बीस हजार पचीस हजार तेईस हजार रूपए तक बापाया हो जाता है",
      "tokens": [
        50364,
        41858,
        25411,
        33926,
        8703,
        250,
        8485,
        108,
        8703,
        224,
        3941,
        103,
        3941,
        237,
        48449,
        21981,
        31945,
        31970,
        27099,
        48268,
        17937,
        37139,
        8703,
        223,
        3941,
        228,
        37139,
        43372,
        8485,
        237,
        45938,
        21981,
        8485,
        255,
        31881,
        8485,
        229,
        45938,
        41858,
        31881,
        8485,
        105,
        3941,
        248,
        27099,
        3941,
        248,
        31881,
        31970,
        17937,
        8485,
        101,
        17937,
        48521,
        8485,
        228,
        25411,
        33926,
        3941,
        103,
        8485,
        99,
        45938,
        37139,
        3941,
        250,
        17937,
        25411,
        8485,
        105,
        31881,
        45938,
        37139,
        3941,
        250,
        17937,
        25411,
        8485,
        103,
        3941,
        248,
        31881,
        45938,
        37139,
        3941,
        250,
        17937,
        25411,
        8485,
        97,
        21981,
        3941,
        230,
        45938,
        37139,
        3941,
        250,
        17937,
        25411,
        8485,
        108,
        8703,
        224,
        3941,
        103,
        3941,
        237,
        8485,
        97,
        41858,
        8485,
        105,
        17937,
        3941,
        103,
        17937,
        48268,
        17937,
        37139,
        33926,
        8485,
        250,
        17937,
        36158,
        17937,
        37139,
        43372
      ],
      "temperature": 0.0,
      "avg_logprob": -0.1536976397037506,
      "compression_ratio": 2.0827586206896553,
      "no_speech_prob": 3.6084199123074233e-16,
      "confidence": 0.871,
      "words": [
        {
          "text": "करोड़",
          "start": 0.0,
          "end": 0.78,
          "confidence": 0.9
        },
        {
          "text": "रूपए",
          "start": 0.78,
          "end": 0.92,
          "confidence": 0.889
        },
        {
          "text": "में",
          "start": 0.92,
          "end": 1.34,
          "confidence": 0.904
        },
        {
          "text": "क्या",
          "start": 1.34,
          "end": 2.14,
          "confidence": 0.921
        },
        {
          "text": "हुआ",
          "start": 2.14,
          "end": 2.28,
          "confidence": 0.996
        },
        {
          "text": "है",
          "start": 2.28,
          "end": 2.88,
          "confidence": 0.929
        },
        {
          "text": "एसे",
          "start": 2.88,
          "end": 3.28,
          "confidence": 0.516
        },
        {
          "text": "भी",
          "start": 3.28,
          "end": 3.48,
          "confidence": 0.66
        },
        {
          "text": "इसकी",
          "start": 3.48,
          "end": 4.28,
          "confidence": 0.793
        },
        {
          "text": "बच्ची",
          "start": 4.28,
          "end": 4.48,
          "confidence": 0.827
        },
        {
          "text": "का",
          "start": 4.48,
          "end": 4.62,
          "confidence": 0.754
        },
        {
          "text": "नाम",
          "start": 4.62,
          "end": 4.82,
          "confidence": 0.995
        },
        {
          "text": "आरोप",
          "start": 4.82,
          "end": 5.8,
          "confidence": 0.933
        },
        {
          "text": "दस",
          "start": 5.8,
          "end": 6.08,
          "confidence": 0.784
        },
        {
          "text": "हजार",
          "start": 6.08,
          "end": 6.42,
          "confidence": 0.961
        },
        {
          "text": "बीस",
          "start": 6.42,
          "end": 6.84,
          "confidence": 0.96
        },
        {
          "text": "हजार",
          "start": 6.84,
          "end": 6.9,
          "confidence": 0.993
        },
        {
          "text": "पचीस",
          "start": 6.9,
          "end": 7.32,
          "confidence": 0.795
        },
        {
          "text": "हजार",
          "start": 7.32,
          "end": 7.5,
          "confidence": 0.991
        },
        {
          "text": "तेईस",
          "start": 7.5,
          "end": 7.78,
          "confidence": 0.903
        },
        {
          "text": "हजार",
          "start": 7.78,
          "end": 8.02,
          "confidence": 0.995
        },
        {
          "text": "रूपए",
          "start": 8.02,
          "end": 8.3,
          "confidence": 0.938
        },
        {
          "text": "तक",
          "start": 8.3,
          "end": 8.54,
          "confidence": 0.92
        },
        {
          "text": "बापाया",
          "start": 8.54,
          "end": 9.74,
          "confidence": 0.646
        },
        {
          "text": "हो",
          "start": 9.74,
          "end": 9.86,
          "confidence": 0.985
        },
        {
          "text": "जाता",
          "start": 9.86,
          "end": 10.24,
          "confidence": 0.995
        },
        {
          "text": "है",
          "start": 10.24,
          "end": 10.4,
          "confidence": 0.996
        }
      ]
    }
  ],
  "language": "hi"
}