{
  "text": "दिल की बातों ऐसी दे रही मास्क मास्क ऐसी कोई बनेगी नहीं बात पलायन छोड़े करे दिल की बात रिकॉर्ड बनाया था पलायन में",
  "segments": [
    {
      "id": 0,
      "seek": 0,
      "start": 0.0,
      "end": 10.84,
      "text": "दिल की बातों ऐसी दे रही मास्क मास्क ऐसी कोई बनेगी नहीं बात पलायन छोड़े करे दिल की बात रिकॉर्ड बनाया था पलायन में",
      "tokens": [
        50364,
        3941,
        99,
        33279,
        46758,
        31970,
        31881,
        8485,
        105,
        17937,
        36158,
        33926,
        31945,
        8485,
        238,
        45938,
        31881,
        8485,
        99,
        21981,
        8485,
        108,
        44500,
        31881,
        48449,
        17937,
        45938,
        27099,
        41858,
        48449,
        17937,
        45938,
        27099,
        41858,
        8485,
        238,
        45938,
        31881,
        31970,
        33926,
        3941,
        230,
        8485,
        105,
        35082,
        21981,
        3941,
        245,
        31881,
        8485,
        101,
        44500,
        31881,
        31945,
        8485,
        105,
        17937,
        36158,
        8485,
        103,
        46758,
        17937,
        48268,
        35082,
        8485,
        249,
        33926,
        8703,
        250,
        21981,
        31970,
        25411,
        21981,
        8485,
        99,
        33279,
        46758,
        31970,
        31881,
        8485,
        105,
        17937,
        36158,
        8485,
        108,
        33279,
        41858,
        8703,
        231,
        25411,
        27099,
        3941,
        94,
        8485,
        105,
        35082,
        17937,
        48268,
        17937,
        8485,
        98,
        17937,
        8485,
        103,
        46758,
        17937,
        48268,
        35082,
        48449,
        21981,
        31945
      ],
      "temperature": 0.0,
      "avg_logprob": -0.08188227244785853,
      "compression_ratio": 2.064748201438849,
      "no_speech_prob": 7.95333298701899e-17,
      "confidence": 0.931,
      "words": [
        {
          "text": "दिल",
          "start": 0.0,
          "end": 0.26,
          "confidence": 0.911
        },
        {
          "text": "की",
          "start": 0.26,
          "end": 0.38,
          "confidence": 0.964
        },
        {
          "text": "बातों",
          "start": 0.38,
          "end": 0.88,
          "confidence": 0.902
        },
        {
          "text": "ऐसी",
          "start": 0.88,
          "end": 0.9,
          "confidence": 0.902
        },
        {
          "text": "दे",
          "start": 0.9,
          "end": 1.14,
          "confidence": 0.932
        },
        {
          "text": "रही",
          "start": 1.14,
          "end": 1.32,
          "confidence": 0.956
        },
        {
          "text": "मास्क",
          "start": 1.32,
          "end": 2.34,
          "confidence": 0.845
        },
        {
          "text": "मास्क",
          "start": 2.34,
          "end": 2.82,
          "confidence": 0.939
        },
        {
          "text": "ऐसी",
          "start": 2.82,
          "end": 3.24,
          "confidence": 0.949
        },
        {
          "text": "कोई",
          "start": 3.24,
          "end": 4.28,
          "confidence": 0.973
        },
        {
          "text": "बनेगी",
          "start": 4.28,
          "end": 6.06,
          "confidence": 0.943
        },
        {
          "text": "नहीं",
          "start": 6.06,
          "end": 6.26,
          "confidence": 0.925
        },
        {
          "text": "बात",
          "start": 6.26,
          "end": 6.56,
          "confidence": 0.94
        },
        {
          "text": "पलायन",
          "start": 6.56,
          "end": 7.06,
          "confidence": 0.975
        },
        {
          "text": "छोड़े",
          "start": 7.06,
          "end": 7.66,
          "confidence": 0.88
        },
        {
          "text": "करे",
          "start": 7.66,
          "end": 7.74,
          "confidence": 0.704
        },
        {
          "text": "दिल",
          "start": 7.74,
          "end": 8.02,
          "confidence": 0.867
        },
        {
          "text": "की",
          "start": 8.02,
          "end": 8.18,
          "confidence": 0.989
        },
        {
          "text": "बात",
          "start": 8.18,
          "end": 8.94,
          "confidence": 0.996
        },
        {
          "text": "रिकॉर्ड",
          "start": 8.94,
          "end": 9.54,
          "confidence": 0.986
        },
        {
          "text": "बनाया",
          "start": 9.54,
          "end": 9.92,
          "confidence": 0.991
        },
        {
          "text": "था",
          "start": 9.92,
          "end": 10.06,
          "confidence": 0.994
        },
        {
          "text": "पलायन",
          "start": 10.06,
          "end": 10.68,
          "confidence": 0.994
        },
        {
          "text": "में",
          "start": 10.68,
          "end": 10.84,
          "confidence": 0.808
        }
      ]
    }
  ],
  "language": "hi"
}