{
  "text": "स्वास्थ्य पदाधिकारी के कान और आँख चौपट है वो कुर्सी का खाना पूरी करने में लगे हुए है भ्रूण हत्याएं हो रही है लिंग परीक्षण किए जा रहे है पर कारवाई नगर में",
  "segments": [
    {
      "id": 0,
      "seek": 0,
      "start": 0.0,
      "end": 11.08,
      "text": "स्वास्थ्य पदाधिकारी के कान और आँख चौपट है वो कुर्सी का खाना पूरी करने में लगे हुए है भ्रूण हत्याएं हो रही है लिंग परीक्षण किए जा रहे है पर कारवाई नगर में",
      "tokens": [
        50364,
        45938,
        27099,
        3941,
        113,
        17937,
        45938,
        27099,
        3941,
        98,
        27099,
        48268,
        8485,
        103,
        3941,
        99,
        17937,
        3941,
        100,
        33279,
        41858,
        17937,
        25411,
        31881,
        31970,
        21981,
        31970,
        17937,
        35082,
        8485,
        242,
        25411,
        8485,
        228,
        3941,
        223,
        3941,
        244,
        8485,
        248,
        8703,
        234,
        3941,
        103,
        3941,
        253,
        37139,
        43372,
        8485,
        113,
        33926,
        31970,
        8703,
        223,
        25411,
        27099,
        45938,
        31881,
        31970,
        17937,
        8485,
        244,
        17937,
        35082,
        17937,
        8485,
        103,
        8703,
        224,
        25411,
        31881,
        31970,
        25411,
        35082,
        21981,
        48449,
        21981,
        31945,
        8485,
        110,
        3941,
        245,
        21981,
        37139,
        8703,
        223,
        3941,
        237,
        37139,
        43372,
        8485,
        255,
        27099,
        25411,
        8703,
        224,
        3941,
        96,
        37139,
        36158,
        27099,
        48268,
        17937,
        3941,
        237,
        31945,
        37139,
        33926,
        8485,
        108,
        44500,
        31881,
        37139,
        43372,
        8485,
        110,
        33279,
        31945,
        3941,
        245,
        8485,
        103,
        25411,
        31881,
        41858,
        27099,
        3941,
        115,
        3941,
        96,
        31970,
        33279,
        3941,
        237,
        8485,
        250,
        17937,
        8485,
        108,
        44500,
        21981,
        37139,
        43372,
        8485,
        103,
        25411,
        31970,
        17937,
        25411,
        3941,
        113,
        17937,
        3941,
        230,
        8485,
        101,
        3941,
        245,
        25411,
        48449,
        21981,
        31945
      ],
      "temperature": 0.0,
      "avg_logprob": -0.1115070764272491,
      "compression_ratio": 2.036082474226804,
      "no_speech_prob": 3.795743355587168e-14,
      "confidence": 0.908,
      "words": [
        {
          "text": "स्वास्थ्य",
          "start": 0.0,
          "end": 0.82,
          "confidence": 0.957
        },
        {
          "text": "पदाधिकारी",
          "start": 0.82,
          "end": 1.3,
          "confidence": 0.888
        },
        {
          "text": "के",
          "start": 1.3,
          "end": 1.56,
          "confidence": 0.964
        },
        {
          "text": "कान",
          "start": 1.56,
          "end": 1.84,
          "confidence": 0.801
        },
        {
          "text": "और",
          "start": 1.84,
          "end": 2.24,
          "confidence": 0.969
        },
        {
          "text": "आँख",
          "start": 2.24,
          "end": 2.26,
          "confidence": 0.941
        },
        {
          "text": "चौपट",
          "start": 2.26,
          "end": 2.7,
          "confidence": 0.771
        },
        {
          "text": "है",
          "start": 2.7,
          "end": 3.08,
          "confidence": 0.902
        },
        {
          "text": "वो",
          "start": 3.08,
          "end": 3.8,
          "confidence": 0.549
        },
        {
          "text": "कुर्सी",
          "start": 3.8,
          "end": 4.24,
          "confidence": 0.871
        },
        {
          "text": "का",
          "start": 4.24,
          "end": 4.34,
          "confidence": 0.983
        },
        {
          "text": "खाना",
          "start": 4.34,
          "end": 4.66,
          "confidence": 0.993
        },
        {
          "text": "पूरी",
          "start": 4.66,
          "end": 4.9,
          "confidence": 0.939
        },
        {
          "text": "करने",
          "start": 4.9,
          "end": 5.28,
          "confidence": 0.985
        },
        {
          "text": "में",
          "start": 5.28,
          "end": 5.34,
          "confidence": 0.953
        },
        {
          "text": "लगे",
          "start": 5.34,
          "end": 5.58,
          "confidence": 0.992
        },
        {
          "text": "हुए",
          "start": 5.58,
          "end": 5.88,
          "confidence": 0.99
        },
        {
          "text": "है",
          "start": 5.88,
          "end": 6.16,
          "confidence": 0.987
        },
        {
          "text": "भ्रूण",
          "start": 6.16,
          "end": 6.84,
          "confidence": 0.873
        },
        {
          "text": "हत्याएं",
          "start": 6.84,
          "end": 7.26,
          "confidence": 0.857
        },
        {
          "text": "हो",
          "start": 7.26,
          "end": 7.5,
          "confidence": 0.992
        },
        {
          "text": "रही",
          "start": 7.5,
          "end": 7.76,
          "confidence": 0.988
        },
        {
          "text": "है",
          "start": 7.76,
          "end": 8.1,
          "confidence": 0.991
        },
        {
          "text": "लिंग",
          "start": 8.1,
          "end": 8.38,
          "confidence": 0.926
        },
        {
          "text": "परीक्षण",
          "start": 8.38,
          "end": 8.72,
          "confidence": 0.977
        },
        {
          "text": "किए",
          "start": 8.72,
          "end": 8.98,
          "confidence": 0.948
        },
        {
          "text": "जा",
          "start": 8.98,
          "end": 9.14,
          "confidence": 0.999
        },
        {
          "text": "रहे",
          "start": 9.14,
          "end": 9.48,
          "confidence": 0.996
        },
        {
          "text": "है",
          "start": 9.48,
          "end": 9.78,
          "confidence": 0.99
        },
        {
          "text": "पर",
          "start": 9.78,
          "end": 10.0,
          "confidence": 0.755
        },
        {
          "text": "कारवाई",
          "start": 10.0,
          "end": 10.44,
          "confidence": 0.911
        },
        {
          "text": "नगर",
          "start": 10.44,
          "end": 11.02,
          "confidence": 0.86
        },
        {
          "text": "में",
          "start": 11.02,
          "end": 11.08,
          "confidence": 0.74
        }
      ]
    }
  ],
  "language": "hi"
}