{
  "text": "मोबाइल को मोबाइल ऐसी दूर रहना चाहते नहीं यदि उसे मोबाइल ऐसी दूर किया जाता है तो अरे बाप ने कहाँ आ गया मम्मी बाप मेरे बच्चे का एक साथ है और यदि वही मोबाइल दे दी जाए तो वो कहते है",
  "segments": [
    {
      "id": 0,
      "seek": 0,
      "start": 0.0,
      "end": 11.1,
      "text": "मोबाइल को मोबाइल ऐसी दूर रहना चाहते नहीं यदि उसे मोबाइल ऐसी दूर किया जाता है तो अरे बाप ने कहाँ आ गया मम्मी बाप मेरे बच्चे का एक साथ है और यदि वही मोबाइल दे दी जाए तो वो कहते है",
      "tokens": [
        50364,
        48521,
        33926,
        3941,
        105,
        17937,
        3941,
        229,
        46758,
        31970,
        33926,
        48449,
        33926,
        3941,
        105,
        17937,
        3941,
        229,
        46758,
        8485,
        238,
        45938,
        31881,
        8485,
        99,
        8703,
        224,
        25411,
        8485,
        108,
        44500,
        35082,
        17937,
        8485,
        248,
        17937,
        44500,
        36158,
        21981,
        8485,
        101,
        44500,
        31881,
        31945,
        8485,
        107,
        3941,
        99,
        33279,
        8485,
        231,
        45938,
        21981,
        48449,
        33926,
        3941,
        105,
        17937,
        3941,
        229,
        46758,
        8485,
        238,
        45938,
        31881,
        8485,
        99,
        8703,
        224,
        25411,
        31970,
        33279,
        48268,
        17937,
        8485,
        250,
        17937,
        36158,
        17937,
        37139,
        43372,
        8485,
        97,
        33926,
        8485,
        227,
        25411,
        21981,
        8485,
        105,
        17937,
        3941,
        103,
        8485,
        101,
        21981,
        31970,
        44500,
        17937,
        3941,
        223,
        8485,
        228,
        8485,
        245,
        48268,
        17937,
        48449,
        48521,
        27099,
        48521,
        31881,
        8485,
        105,
        17937,
        3941,
        103,
        48449,
        21981,
        25411,
        21981,
        8485,
        105,
        3941,
        248,
        27099,
        3941,
        248,
        21981,
        31970,
        17937,
        8485,
        237,
        41858,
        49316,
        17937,
        3941,
        98,
        37139,
        43372,
        8485,
        242,
        25411,
        8485,
        107,
        3941,
        99,
        33279,
        8485,
        113,
        44500,
        31881,
        48449,
        33926,
        3941,
        105,
        17937,
        3941,
        229,
        46758,
        8485,
        99,
        21981,
        8485,
        99,
        31881,
        8485,
        250,
        17937,
        3941,
        237,
        8485,
        97,
        33926,
        8485,
        113,
        33926,
        31970,
        44500,
        36158,
        21981,
        37139,
        43372
      ],
      "temperature": 0.0,
      "avg_logprob": -0.12000316122303838,
      "compression_ratio": 2.350785340314136,
      "no_speech_prob": 3.0679514291309445e-15,
      "confidence": 0.899,
      "words": [
        {
          "text": "मोबाइल",
          "start": 0.0,
          "end": 0.7,
          "confidence": 0.9
        },
        {
          "text": "को",
          "start": 0.7,
          "end": 0.9,
          "confidence": 0.841
        },
        {
          "text": "मोबाइल",
          "start": 0.9,
          "end": 1.16,
          "confidence": 0.989
        },
        {
          "text": "ऐसी",
          "start": 1.16,
          "end": 1.4,
          "confidence": 0.957
        },
        {
          "text": "दूर",
          "start": 1.4,
          "end": 1.6,
          "confidence": 0.979
        },
        {
          "text": "रहना",
          "start": 1.6,
          "end": 1.94,
          "confidence": 0.958
        },
        {
          "text": "चाहते",
          "start": 1.94,
          "end": 2.1,
          "confidence": 0.984
        },
        {
          "text": "नहीं",
          "start": 2.1,
          "end": 2.98,
          "confidence": 0.92
        },
        {
          "text": "यदि",
          "start": 2.98,
          "end": 3.16,
          "confidence": 0.778
        },
        {
          "text": "उसे",
          "start": 3.16,
          "end": 3.36,
          "confidence": 0.731
        },
        {
          "text": "मोबाइल",
          "start": 3.36,
          "end": 3.56,
          "confidence": 0.984
        },
        {
          "text": "ऐसी",
          "start": 3.56,
          "end": 3.74,
          "confidence": 0.987
        },
        {
          "text": "दूर",
          "start": 3.74,
          "end": 3.92,
          "confidence": 0.987
        },
        {
          "text": "किया",
          "start": 3.92,
          "end": 4.22,
          "confidence": 0.96
        },
        {
          "text": "जाता",
          "start": 4.22,
          "end": 4.4,
          "confidence": 0.872
        },
        {
          "text": "है",
          "start": 4.4,
          "end": 4.46,
          "confidence": 0.895
        },
        {
          "text": "तो",
          "start": 4.46,
          "end": 4.48,
          "confidence": 0.823
        },
        {
          "text": "अरे",
          "start": 4.48,
          "end": 5.1,
          "confidence": 0.568
        },
        {
          "text": "बाप",
          "start": 5.1,
          "end": 5.26,
          "confidence": 0.886
        },
        {
          "text": "ने",
          "start": 5.26,
          "end": 5.42,
          "confidence": 0.896
        },
        {
          "text": "कहाँ",
          "start": 5.42,
          "end": 5.74,
          "confidence": 0.896
        },
        {
          "text": "आ",
          "start": 5.74,
          "end": 5.8,
          "confidence": 0.974
        },
        {
          "text": "गया",
          "start": 5.8,
          "end": 6.06,
          "confidence": 0.992
        },
        {
          "text": "मम्मी",
          "start": 6.06,
          "end": 6.96,
          "confidence": 0.916
        },
        {
          "text": "बाप",
          "start": 6.96,
          "end": 7.06,
          "confidence": 0.961
        },
        {
          "text": "मेरे",
          "start": 7.06,
          "end": 7.48,
          "confidence": 0.842
        },
        {
          "text": "बच्चे",
          "start": 7.48,
          "end": 7.76,
          "confidence": 0.908
        },
        {
          "text": "का",
          "start": 7.76,
          "end": 7.78,
          "confidence": 0.818
        },
        {
          "text": "एक",
          "start": 7.78,
          "end": 7.92,
          "confidence": 0.619
        },
        {
          "text": "साथ",
          "start": 7.92,
          "end": 8.22,
          "confidence": 0.747
        },
        {
          "text": "है",
          "start": 8.22,
          "end": 8.62,
          "confidence": 0.982
        },
        {
          "text": "और",
          "start": 8.62,
          "end": 9.0,
          "confidence": 0.91
        },
        {
          "text": "यदि",
          "start": 9.0,
          "end": 9.02,
          "confidence": 0.987
        },
        {
          "text": "वही",
          "start": 9.02,
          "end": 9.46,
          "confidence": 0.845
        },
        {
          "text": "मोबाइल",
          "start": 9.46,
          "end": 9.78,
          "confidence": 0.973
        },
        {
          "text": "दे",
          "start": 9.78,
          "end": 9.8,
          "confidence": 0.819
        },
        {
          "text": "दी",
          "start": 9.8,
          "end": 9.88,
          "confidence": 0.749
        },
        {
          "text": "जाए",
          "start": 9.88,
          "end": 10.12,
          "confidence": 0.985
        },
        {
          "text": "तो",
          "start": 10.12,
          "end": 10.52,
          "confidence": 0.975
        },
        {
          "text": "वो",
          "start": 10.52,
          "end": 10.66,
          "confidence": 0.895
        },
        {
          "text": "कहते",
          "start": 10.66,
          "end": 11.02,
          "confidence": 0.897
        },
        {
          "text": "है",
          "start": 11.02,
          "end": 11.1,
          "confidence": 0.984
        }
      ]
    }
  ],
  "language": "hi"
}