{
  "text": "भ्रष्टाचार शिकायत बन गया है सभी जगह बुझकर निगरानी द्वारा उसी को पकड़ा जा रहा है जिस आरोप कोई पब्लिक पड़ गए हो और उसे पकड़वाया हो",
  "segments": [
    {
      "id": 0,
      "seek": 0,
      "start": 0.0,
      "end": 11.22,
      "text": "भ्रष्टाचार शिकायत बन गया है सभी जगह बुझकर निगरानी द्वारा उसी को पकड़ा जा रहा है जिस आरोप कोई पब्लिक पड़ गए हो और उसे पकड़वाया हो",
      "tokens": [
        50364,
        3941,
        255,
        27099,
        25411,
        3941,
        115,
        27099,
        3941,
        253,
        17937,
        3941,
        248,
        17937,
        25411,
        8485,
        114,
        33279,
        41858,
        17937,
        48268,
        36158,
        8485,
        105,
        35082,
        8485,
        245,
        48268,
        17937,
        37139,
        43372,
        49316,
        3941,
        255,
        31881,
        8485,
        250,
        3941,
        245,
        44500,
        8485,
        105,
        8703,
        223,
        3941,
        251,
        41858,
        25411,
        8485,
        101,
        33279,
        3941,
        245,
        25411,
        17937,
        35082,
        31881,
        8485,
        99,
        27099,
        3941,
        113,
        17937,
        25411,
        17937,
        8485,
        231,
        45938,
        31881,
        31970,
        33926,
        8485,
        103,
        41858,
        8703,
        250,
        17937,
        8485,
        250,
        17937,
        8485,
        108,
        44500,
        17937,
        37139,
        43372,
        8485,
        250,
        33279,
        45938,
        8485,
        228,
        25411,
        33926,
        3941,
        103,
        31970,
        33926,
        3941,
        230,
        8485,
        103,
        3941,
        105,
        27099,
        46758,
        33279,
        41858,
        8485,
        103,
        8703,
        250,
        8485,
        245,
        3941,
        237,
        37139,
        33926,
        8485,
        242,
        25411,
        8485,
        231,
        45938,
        21981,
        8485,
        103,
        41858,
        8703,
        250,
        3941,
        113,
        17937,
        48268,
        17937,
        37139,
        33926
      ],
      "temperature": 0.0,
      "avg_logprob": -0.10774398195570793,
      "compression_ratio": 1.9226190476190477,
      "no_speech_prob": 1.0958672720070742e-16,
      "confidence": 0.91,
      "words": [
        {
          "text": "भ्रष्टाचार",
          "start": 0.0,
          "end": 0.76,
          "confidence": 0.987
        },
        {
          "text": "शिकायत",
          "start": 0.76,
          "end": 1.32,
          "confidence": 0.776
        },
        {
          "text": "बन",
          "start": 1.32,
          "end": 1.72,
          "confidence": 0.801
        },
        {
          "text": "गया",
          "start": 1.72,
          "end": 1.9,
          "confidence": 0.96
        },
        {
          "text": "है",
          "start": 1.9,
          "end": 2.12,
          "confidence": 0.983
        },
        {
          "text": "सभी",
          "start": 2.12,
          "end": 2.82,
          "confidence": 0.833
        },
        {
          "text": "जगह",
          "start": 2.82,
          "end": 3.06,
          "confidence": 0.909
        },
        {
          "text": "बुझकर",
          "start": 3.06,
          "end": 3.46,
          "confidence": 0.776
        },
        {
          "text": "निगरानी",
          "start": 3.46,
          "end": 4.16,
          "confidence": 0.851
        },
        {
          "text": "द्वारा",
          "start": 4.16,
          "end": 4.54,
          "confidence": 0.923
        },
        {
          "text": "उसी",
          "start": 4.54,
          "end": 5.58,
          "confidence": 0.93
        },
        {
          "text": "को",
          "start": 5.58,
          "end": 5.86,
          "confidence": 0.957
        },
        {
          "text": "पकड़ा",
          "start": 5.86,
          "end": 6.26,
          "confidence": 0.977
        },
        {
          "text": "जा",
          "start": 6.26,
          "end": 6.36,
          "confidence": 0.991
        },
        {
          "text": "रहा",
          "start": 6.36,
          "end": 6.62,
          "confidence": 0.996
        },
        {
          "text": "है",
          "start": 6.62,
          "end": 6.92,
          "confidence": 0.992
        },
        {
          "text": "जिस",
          "start": 6.92,
          "end": 7.4,
          "confidence": 0.97
        },
        {
          "text": "आरोप",
          "start": 7.4,
          "end": 7.64,
          "confidence": 0.929
        },
        {
          "text": "कोई",
          "start": 7.64,
          "end": 7.74,
          "confidence": 0.981
        },
        {
          "text": "पब्लिक",
          "start": 7.74,
          "end": 8.3,
          "confidence": 0.993
        },
        {
          "text": "पड़",
          "start": 8.3,
          "end": 9.2,
          "confidence": 0.641
        },
        {
          "text": "गए",
          "start": 9.2,
          "end": 9.26,
          "confidence": 0.897
        },
        {
          "text": "हो",
          "start": 9.26,
          "end": 9.54,
          "confidence": 0.981
        },
        {
          "text": "और",
          "start": 9.54,
          "end": 10.14,
          "confidence": 0.978
        },
        {
          "text": "उसे",
          "start": 10.14,
          "end": 10.44,
          "confidence": 0.933
        },
        {
          "text": "पकड़वाया",
          "start": 10.44,
          "end": 11.02,
          "confidence": 0.917
        },
        {
          "text": "हो",
          "start": 11.02,
          "end": 11.22,
          "confidence": 0.992
        }
      ]
    }
  ],
  "language": "hi"
}