{
  "text": "आजाद क्लब मधुबनी ऐसी मैं श्री चंद्र मंडल अभी जो हमारे बिहार मोबाइल वाणी के माध्यम ऐसी गली गली चुन चुन का प्रोग्राम सदर रहा है बहुत ही अच्छा लगता है हम लोगो ने इस प्रोग्राम के अंतर्गत",
  "segments": [
    {
      "id": 0,
      "seek": 0,
      "start": 0.0,
      "end": 11.48,
      "text": "आजाद क्लब मधुबनी ऐसी मैं श्री चंद्र मंडल अभी जो हमारे बिहार मोबाइल वाणी के माध्यम ऐसी गली गली चुन चुन का प्रोग्राम सदर रहा है बहुत ही अच्छा लगता है हम लोगो ने इस प्रोग्राम के अंतर्गत",
      "tokens": [
        50364,
        3941,
        228,
        3941,
        250,
        17937,
        3941,
        99,
        31970,
        27099,
        46758,
        3941,
        105,
        48449,
        3941,
        100,
        8703,
        223,
        3941,
        105,
        35082,
        31881,
        8485,
        238,
        45938,
        31881,
        48449,
        43372,
        31945,
        8485,
        114,
        27099,
        25411,
        31881,
        8485,
        248,
        31945,
        3941,
        99,
        27099,
        25411,
        48449,
        31945,
        3941,
        94,
        46758,
        8485,
        227,
        3941,
        255,
        31881,
        8485,
        250,
        33926,
        37139,
        48521,
        17937,
        25411,
        21981,
        8485,
        105,
        33279,
        44500,
        17937,
        25411,
        48449,
        33926,
        3941,
        105,
        17937,
        3941,
        229,
        46758,
        8485,
        113,
        17937,
        3941,
        96,
        31881,
        31970,
        21981,
        48449,
        17937,
        3941,
        100,
        27099,
        48268,
        48521,
        8485,
        238,
        45938,
        31881,
        8485,
        245,
        46758,
        31881,
        8485,
        245,
        46758,
        31881,
        8485,
        248,
        8703,
        223,
        35082,
        8485,
        248,
        8703,
        223,
        35082,
        31970,
        17937,
        8485,
        103,
        27099,
        25411,
        33926,
        3941,
        245,
        27099,
        25411,
        17937,
        48521,
        49316,
        3941,
        99,
        25411,
        8485,
        108,
        44500,
        17937,
        37139,
        43372,
        8485,
        105,
        44500,
        8703,
        223,
        36158,
        37139,
        31881,
        8485,
        227,
        3941,
        248,
        27099,
        3941,
        249,
        17937,
        8485,
        110,
        3941,
        245,
        36158,
        17937,
        37139,
        43372,
        37139,
        48521,
        8485,
        110,
        33926,
        3941,
        245,
        33926,
        8485,
        101,
        21981,
        8485,
        229,
        45938,
        8485,
        103,
        27099,
        25411,
        33926,
        3941,
        245,
        27099,
        25411,
        17937,
        48521,
        31970,
        21981,
        8485,
        227,
        31945,
        36158,
        25411,
        27099,
        3941,
        245,
        36158
      ],
      "temperature": 0.0,
      "avg_logprob": -0.08393516737161223,
      "compression_ratio": 2.269230769230769,
      "no_speech_prob": 1.258066357524585e-14,
      "confidence": 0.934,
      "words": [
        {
          "text": "आजाद",
          "start": 0.0,
          "end": 0.86,
          "confidence": 0.967
        },
        {
          "text": "क्लब",
          "start": 0.86,
          "end": 1.06,
          "confidence": 0.896
        },
        {
          "text": "मधुबनी",
          "start": 1.06,
          "end": 1.48,
          "confidence": 0.985
        },
        {
          "text": "ऐसी",
          "start": 1.48,
          "end": 1.68,
          "confidence": 0.946
        },
        {
          "text": "मैं",
          "start": 1.68,
          "end": 1.8,
          "confidence": 0.712
        },
        {
          "text": "श्री",
          "start": 1.8,
          "end": 2.64,
          "confidence": 0.639
        },
        {
          "text": "चंद्र",
          "start": 2.64,
          "end": 2.66,
          "confidence": 0.73
        },
        {
          "text": "मंडल",
          "start": 2.66,
          "end": 2.92,
          "confidence": 0.908
        },
        {
          "text": "अभी",
          "start": 2.92,
          "end": 3.38,
          "confidence": 0.982
        },
        {
          "text": "जो",
          "start": 3.38,
          "end": 3.46,
          "confidence": 0.842
        },
        {
          "text": "हमारे",
          "start": 3.46,
          "end": 3.76,
          "confidence": 0.875
        },
        {
          "text": "बिहार",
          "start": 3.76,
          "end": 4.1,
          "confidence": 0.993
        },
        {
          "text": "मोबाइल",
          "start": 4.1,
          "end": 4.38,
          "confidence": 0.976
        },
        {
          "text": "वाणी",
          "start": 4.38,
          "end": 4.56,
          "confidence": 0.977
        },
        {
          "text": "के",
          "start": 4.56,
          "end": 4.86,
          "confidence": 0.979
        },
        {
          "text": "माध्यम",
          "start": 4.86,
          "end": 5.0,
          "confidence": 0.998
        },
        {
          "text": "ऐसी",
          "start": 5.0,
          "end": 5.24,
          "confidence": 0.993
        },
        {
          "text": "गली",
          "start": 5.24,
          "end": 5.72,
          "confidence": 0.957
        },
        {
          "text": "गली",
          "start": 5.72,
          "end": 5.74,
          "confidence": 0.923
        },
        {
          "text": "चुन",
          "start": 5.74,
          "end": 6.04,
          "confidence": 0.756
        },
        {
          "text": "चुन",
          "start": 6.04,
          "end": 6.06,
          "confidence": 0.944
        },
        {
          "text": "का",
          "start": 6.06,
          "end": 6.18,
          "confidence": 0.957
        },
        {
          "text": "प्रोग्राम",
          "start": 6.18,
          "end": 6.42,
          "confidence": 0.989
        },
        {
          "text": "सदर",
          "start": 6.42,
          "end": 6.68,
          "confidence": 0.963
        },
        {
          "text": "रहा",
          "start": 6.68,
          "end": 6.8,
          "confidence": 0.992
        },
        {
          "text": "है",
          "start": 6.8,
          "end": 7.0,
          "confidence": 0.978
        },
        {
          "text": "बहुत",
          "start": 7.0,
          "end": 7.12,
          "confidence": 0.934
        },
        {
          "text": "ही",
          "start": 7.12,
          "end": 7.28,
          "confidence": 0.935
        },
        {
          "text": "अच्छा",
          "start": 7.28,
          "end": 7.54,
          "confidence": 0.998
        },
        {
          "text": "लगता",
          "start": 7.54,
          "end": 7.68,
          "confidence": 0.997
        },
        {
          "text": "है",
          "start": 7.68,
          "end": 8.28,
          "confidence": 0.997
        },
        {
          "text": "हम",
          "start": 8.28,
          "end": 8.9,
          "confidence": 0.967
        },
        {
          "text": "लोगो",
          "start": 8.9,
          "end": 9.16,
          "confidence": 0.944
        },
        {
          "text": "ने",
          "start": 9.16,
          "end": 9.2,
          "confidence": 0.844
        },
        {
          "text": "इस",
          "start": 9.2,
          "end": 9.6,
          "confidence": 0.97
        },
        {
          "text": "प्रोग्राम",
          "start": 9.6,
          "end": 9.9,
          "confidence": 0.998
        },
        {
          "text": "के",
          "start": 9.9,
          "end": 10.26,
          "confidence": 0.973
        },
        {
          "text": "अंतर्गत",
          "start": 10.26,
          "end": 11.48,
          "confidence": 0.993
        }
      ]
    }
  ],
  "language": "hi"
}