{
  "text": "देखा गया है और इस मामले में ग्रामीणों द्वारा आरोप लगने आरोप वो कह रहे है की जीतने बच्चे विद्यालय में है उन्ही के नाम ऐसी",
  "segments": [
    {
      "id": 0,
      "seek": 0,
      "start": 0.0,
      "end": 6.66,
      "text": "देखा गया है और इस मामले में ग्रामीणों द्वारा आरोप लगने आरोप वो कह रहे है की जीतने बच्चे विद्यालय में है उन्ही के नाम ऐसी",
      "tokens": [
        50364,
        3941,
        99,
        21981,
        3941,
        244,
        17937,
        8485,
        245,
        48268,
        17937,
        37139,
        43372,
        8485,
        242,
        25411,
        8485,
        229,
        45938,
        48449,
        17937,
        48521,
        46758,
        21981,
        48449,
        21981,
        31945,
        8485,
        245,
        27099,
        25411,
        17937,
        48521,
        31881,
        3941,
        96,
        33926,
        31945,
        8485,
        99,
        27099,
        3941,
        113,
        17937,
        25411,
        17937,
        8485,
        228,
        25411,
        33926,
        3941,
        103,
        8485,
        110,
        3941,
        245,
        35082,
        21981,
        8485,
        228,
        25411,
        33926,
        3941,
        103,
        8485,
        113,
        33926,
        31970,
        44500,
        8485,
        108,
        44500,
        21981,
        37139,
        43372,
        31970,
        31881,
        8485,
        250,
        31881,
        36158,
        35082,
        21981,
        8485,
        105,
        3941,
        248,
        27099,
        3941,
        248,
        21981,
        8485,
        113,
        33279,
        3941,
        99,
        27099,
        48268,
        17937,
        46758,
        48268,
        48449,
        21981,
        31945,
        37139,
        43372,
        8485,
        231,
        35082,
        27099,
        44500,
        31881,
        31970,
        21981,
        8485,
        101,
        17937,
        48521,
        8485,
        238,
        45938,
        31881
      ],
      "temperature": 0.0,
      "avg_logprob": -0.08190876100121475,
      "compression_ratio": 1.9135802469135803,
      "no_speech_prob": 1.917120759017954e-12,
      "confidence": 0.943,
      "words": [
        {
          "text": "देखा",
          "start": 0.0,
          "end": 0.68,
          "confidence": 0.931
        },
        {
          "text": "गया",
          "start": 0.68,
          "end": 0.96,
          "confidence": 0.993
        },
        {
          "text": "है",
          "start": 0.96,
          "end": 1.26,
          "confidence": 0.898
        },
        {
          "text": "और",
          "start": 1.26,
          "end": 2.1,
          "confidence": 0.829
        },
        {
          "text": "इस",
          "start": 2.1,
          "end": 2.22,
          "confidence": 0.987
        },
        {
          "text": "मामले",
          "start": 2.22,
          "end": 2.62,
          "confidence": 0.992
        },
        {
          "text": "में",
          "start": 2.62,
          "end": 2.64,
          "confidence": 0.969
        },
        {
          "text": "ग्रामीणों",
          "start": 2.64,
          "end": 3.06,
          "confidence": 0.982
        },
        {
          "text": "द्वारा",
          "start": 3.06,
          "end": 3.4,
          "confidence": 0.993
        },
        {
          "text": "आरोप",
          "start": 3.4,
          "end": 3.56,
          "confidence": 0.991
        },
        {
          "text": "लगने",
          "start": 3.56,
          "end": 4.0,
          "confidence": 0.935
        },
        {
          "text": "आरोप",
          "start": 4.0,
          "end": 4.14,
          "confidence": 0.944
        },
        {
          "text": "वो",
          "start": 4.14,
          "end": 4.2,
          "confidence": 0.966
        },
        {
          "text": "कह",
          "start": 4.2,
          "end": 4.48,
          "confidence": 0.923
        },
        {
          "text": "रहे",
          "start": 4.48,
          "end": 4.58,
          "confidence": 0.971
        },
        {
          "text": "है",
          "start": 4.58,
          "end": 4.7,
          "confidence": 0.953
        },
        {
          "text": "की",
          "start": 4.7,
          "end": 4.78,
          "confidence": 0.782
        },
        {
          "text": "जीतने",
          "start": 4.78,
          "end": 5.06,
          "confidence": 0.916
        },
        {
          "text": "बच्चे",
          "start": 5.06,
          "end": 5.4,
          "confidence": 0.944
        },
        {
          "text": "विद्यालय",
          "start": 5.4,
          "end": 5.64,
          "confidence": 0.93
        },
        {
          "text": "में",
          "start": 5.64,
          "end": 5.88,
          "confidence": 0.983
        },
        {
          "text": "है",
          "start": 5.88,
          "end": 6.04,
          "confidence": 0.89
        },
        {
          "text": "उन्ही",
          "start": 6.04,
          "end": 6.26,
          "confidence": 0.916
        },
        {
          "text": "के",
          "start": 6.26,
          "end": 6.44,
          "confidence": 0.734
        },
        {
          "text": "नाम",
          "start": 6.44,
          "end": 6.62,
          "confidence": 0.984
        },
        {
          "text": "ऐसी",
          "start": 6.62,
          "end": 6.66,
          "confidence": 0.901
        }
      ]
    }
  ],
  "language": "hi"
}