{
  "text": "मई टी M ब्रह्माशीष शांति क्लब की ओर ऐसी बिहार मोबाइल वाणी के लिए मधुबनी ऐसी आज हम बाबु वर्ग प्रखंड का दौरा किया और मध्य विद्यालय",
  "segments": [
    {
      "id": 0,
      "seek": 0,
      "start": 0.0,
      "end": 8.78,
      "text": "मई टी M ब्रह्माशीष शांति क्लब की ओर ऐसी बिहार मोबाइल वाणी के लिए मधुबनी ऐसी आज हम बाबु वर्ग प्रखंड का दौरा किया और मध्य विद्यालय",
      "tokens": [
        50364,
        48521,
        3941,
        230,
        8485,
        253,
        31881,
        376,
        8485,
        105,
        27099,
        25411,
        44500,
        27099,
        48521,
        17937,
        3941,
        114,
        31881,
        3941,
        115,
        8485,
        114,
        17937,
        31945,
        36158,
        33279,
        31970,
        27099,
        46758,
        3941,
        105,
        31970,
        31881,
        8485,
        241,
        25411,
        8485,
        238,
        45938,
        31881,
        8485,
        105,
        33279,
        44500,
        17937,
        25411,
        48449,
        33926,
        3941,
        105,
        17937,
        3941,
        229,
        46758,
        8485,
        113,
        17937,
        3941,
        96,
        31881,
        31970,
        21981,
        8485,
        110,
        33279,
        3941,
        237,
        48449,
        3941,
        100,
        8703,
        223,
        3941,
        105,
        35082,
        31881,
        8485,
        238,
        45938,
        31881,
        8485,
        228,
        3941,
        250,
        37139,
        48521,
        8485,
        105,
        17937,
        3941,
        105,
        8703,
        223,
        8485,
        113,
        25411,
        27099,
        3941,
        245,
        8485,
        103,
        27099,
        25411,
        3941,
        244,
        31945,
        3941,
        94,
        31970,
        17937,
        8485,
        99,
        8703,
        234,
        25411,
        17937,
        31970,
        33279,
        48268,
        17937,
        8485,
        242,
        25411,
        48449,
        3941,
        100,
        27099,
        48268,
        8485,
        113,
        33279,
        3941,
        99,
        27099,
        48268,
        17937,
        46758,
        48268
      ],
      "temperature": 0.0,
      "avg_logprob": -0.12336839948381696,
      "compression_ratio": 1.8333333333333333,
      "no_speech_prob": 1.7511589644721506e-14,
      "confidence": 0.903,
      "words": [
        {
          "text": "मई",
          "start": 0.0,
          "end": 0.6,
          "confidence": 0.719
        },
        {
          "text": "टी",
          "start": 0.6,
          "end": 0.82,
          "confidence": 0.649
        },
        {
          "text": "M",
          "start": 0.82,
          "end": 0.84,
          "confidence": 0.771
        },
        {
          "text": "ब्रह्माशीष",
          "start": 0.84,
          "end": 1.4,
          "confidence": 0.768
        },
        {
          "text": "शांति",
          "start": 1.4,
          "end": 1.84,
          "confidence": 0.833
        },
        {
          "text": "क्लब",
          "start": 1.84,
          "end": 1.86,
          "confidence": 0.905
        },
        {
          "text": "की",
          "start": 1.86,
          "end": 2.24,
          "confidence": 0.953
        },
        {
          "text": "ओर",
          "start": 2.24,
          "end": 2.26,
          "confidence": 0.824
        },
        {
          "text": "ऐसी",
          "start": 2.26,
          "end": 2.34,
          "confidence": 0.94
        },
        {
          "text": "बिहार",
          "start": 2.34,
          "end": 2.76,
          "confidence": 0.993
        },
        {
          "text": "मोबाइल",
          "start": 2.76,
          "end": 3.08,
          "confidence": 0.988
        },
        {
          "text": "वाणी",
          "start": 3.08,
          "end": 3.28,
          "confidence": 0.974
        },
        {
          "text": "के",
          "start": 3.28,
          "end": 3.58,
          "confidence": 0.963
        },
        {
          "text": "लिए",
          "start": 3.58,
          "end": 3.66,
          "confidence": 0.992
        },
        {
          "text": "मधुबनी",
          "start": 3.66,
          "end": 4.16,
          "confidence": 0.979
        },
        {
          "text": "ऐसी",
          "start": 4.16,
          "end": 4.38,
          "confidence": 0.996
        },
        {
          "text": "आज",
          "start": 4.38,
          "end": 5.0,
          "confidence": 0.989
        },
        {
          "text": "हम",
          "start": 5.0,
          "end": 5.46,
          "confidence": 0.992
        },
        {
          "text": "बाबु",
          "start": 5.46,
          "end": 5.86,
          "confidence": 0.881
        },
        {
          "text": "वर्ग",
          "start": 5.86,
          "end": 6.04,
          "confidence": 0.738
        },
        {
          "text": "प्रखंड",
          "start": 6.04,
          "end": 6.34,
          "confidence": 0.905
        },
        {
          "text": "का",
          "start": 6.34,
          "end": 6.66,
          "confidence": 0.988
        },
        {
          "text": "दौरा",
          "start": 6.66,
          "end": 6.78,
          "confidence": 0.994
        },
        {
          "text": "किया",
          "start": 6.78,
          "end": 7.18,
          "confidence": 0.996
        },
        {
          "text": "और",
          "start": 7.18,
          "end": 8.02,
          "confidence": 0.988
        },
        {
          "text": "मध्य",
          "start": 8.02,
          "end": 8.4,
          "confidence": 0.892
        },
        {
          "text": "विद्यालय",
          "start": 8.4,
          "end": 8.78,
          "confidence": 0.937
        }
      ]
    }
  ],
  "language": "hi"
}