{
  "text": "पेंशन का भुगतान हुआ था बताया गया है की पंचायत सचिव को अवैध राशन नहीं देने के कारण ऐसा किया गया है प्रखंड विकास प्राधिकारी फजली की इस गड़बड़ी की जाँच करनी चाहिए बिहार मोबाइल वाणी के लिए",
  "segments": [
    {
      "id": 0,
      "seek": 0,
      "start": 0.0,
      "end": 11.06,
      "text": "पेंशन का भुगतान हुआ था बताया गया है की पंचायत सचिव को अवैध राशन नहीं देने के कारण ऐसा किया गया है प्रखंड विकास प्राधिकारी फजली की इस गड़बड़ी की जाँच करनी चाहिए बिहार मोबाइल वाणी के लिए",
      "tokens": [
        50364,
        3941,
        103,
        21981,
        31945,
        3941,
        114,
        35082,
        31970,
        17937,
        8485,
        255,
        8703,
        223,
        3941,
        245,
        36158,
        17937,
        35082,
        37139,
        8703,
        223,
        3941,
        228,
        8485,
        98,
        17937,
        8485,
        105,
        36158,
        17937,
        48268,
        17937,
        8485,
        245,
        48268,
        17937,
        37139,
        43372,
        31970,
        31881,
        8485,
        103,
        31945,
        3941,
        248,
        17937,
        48268,
        36158,
        49316,
        3941,
        248,
        33279,
        3941,
        113,
        31970,
        33926,
        8485,
        227,
        3941,
        113,
        43372,
        3941,
        100,
        8485,
        108,
        17937,
        3941,
        114,
        35082,
        8485,
        101,
        44500,
        31881,
        31945,
        8485,
        99,
        21981,
        35082,
        21981,
        31970,
        21981,
        31970,
        17937,
        25411,
        3941,
        96,
        8485,
        238,
        45938,
        17937,
        31970,
        33279,
        48268,
        17937,
        8485,
        245,
        48268,
        17937,
        37139,
        43372,
        8485,
        103,
        27099,
        25411,
        3941,
        244,
        31945,
        3941,
        94,
        8485,
        113,
        33279,
        41858,
        17937,
        45938,
        8485,
        103,
        27099,
        25411,
        17937,
        3941,
        100,
        33279,
        41858,
        17937,
        25411,
        31881,
        8485,
        104,
        3941,
        250,
        46758,
        31881,
        31970,
        31881,
        8485,
        229,
        45938,
        8485,
        245,
        8703,
        250,
        3941,
        105,
        8703,
        250,
        31881,
        31970,
        31881,
        8485,
        250,
        17937,
        3941,
        223,
        3941,
        248,
        31970,
        25411,
        35082,
        31881,
        8485,
        248,
        17937,
        44500,
        33279,
        3941,
        237,
        8485,
        105,
        33279,
        44500,
        17937,
        25411,
        48449,
        33926,
        3941,
        105,
        17937,
        3941,
        229,
        46758,
        8485,
        113,
        17937,
        3941,
        96,
        31881,
        31970,
        21981,
        8485,
        110,
        33279,
        3941,
        237
      ],
      "temperature": 0.0,
      "avg_logprob": -0.08349383607202647,
      "compression_ratio": 2.185185185185185,
      "no_speech_prob": 1.8568802051532884e-09,
      "confidence": 0.929,
      "words": [
        {
          "text": "पेंशन",
          "start": 0.0,
          "end": 0.18,
          "confidence": 0.618
        },
        {
          "text": "का",
          "start": 0.18,
          "end": 0.4,
          "confidence": 0.987
        },
        {
          "text": "भुगतान",
          "start": 0.4,
          "end": 0.64,
          "confidence": 0.987
        },
        {
          "text": "हुआ",
          "start": 0.64,
          "end": 0.9,
          "confidence": 0.99
        },
        {
          "text": "था",
          "start": 0.9,
          "end": 1.14,
          "confidence": 0.996
        },
        {
          "text": "बताया",
          "start": 1.14,
          "end": 2.42,
          "confidence": 0.993
        },
        {
          "text": "गया",
          "start": 2.42,
          "end": 2.46,
          "confidence": 0.994
        },
        {
          "text": "है",
          "start": 2.46,
          "end": 2.62,
          "confidence": 0.949
        },
        {
          "text": "की",
          "start": 2.62,
          "end": 2.7,
          "confidence": 0.693
        },
        {
          "text": "पंचायत",
          "start": 2.7,
          "end": 3.3,
          "confidence": 0.991
        },
        {
          "text": "सचिव",
          "start": 3.3,
          "end": 3.4,
          "confidence": 0.882
        },
        {
          "text": "को",
          "start": 3.4,
          "end": 3.64,
          "confidence": 0.98
        },
        {
          "text": "अवैध",
          "start": 3.64,
          "end": 3.94,
          "confidence": 0.98
        },
        {
          "text": "राशन",
          "start": 3.94,
          "end": 4.16,
          "confidence": 0.837
        },
        {
          "text": "नहीं",
          "start": 4.16,
          "end": 4.42,
          "confidence": 0.914
        },
        {
          "text": "देने",
          "start": 4.42,
          "end": 4.7,
          "confidence": 0.989
        },
        {
          "text": "के",
          "start": 4.7,
          "end": 4.98,
          "confidence": 0.972
        },
        {
          "text": "कारण",
          "start": 4.98,
          "end": 5.04,
          "confidence": 0.994
        },
        {
          "text": "ऐसा",
          "start": 5.04,
          "end": 5.36,
          "confidence": 0.979
        },
        {
          "text": "किया",
          "start": 5.36,
          "end": 6.22,
          "confidence": 0.953
        },
        {
          "text": "गया",
          "start": 6.22,
          "end": 6.34,
          "confidence": 0.958
        },
        {
          "text": "है",
          "start": 6.34,
          "end": 6.84,
          "confidence": 0.992
        },
        {
          "text": "प्रखंड",
          "start": 6.84,
          "end": 7.22,
          "confidence": 0.967
        },
        {
          "text": "विकास",
          "start": 7.22,
          "end": 7.54,
          "confidence": 0.884
        },
        {
          "text": "प्राधिकारी",
          "start": 7.54,
          "end": 7.8,
          "confidence": 0.808
        },
        {
          "text": "फजली",
          "start": 7.8,
          "end": 8.38,
          "confidence": 0.779
        },
        {
          "text": "की",
          "start": 8.38,
          "end": 8.56,
          "confidence": 0.812
        },
        {
          "text": "इस",
          "start": 8.56,
          "end": 8.68,
          "confidence": 0.93
        },
        {
          "text": "गड़बड़ी",
          "start": 8.68,
          "end": 8.98,
          "confidence": 0.958
        },
        {
          "text": "की",
          "start": 8.98,
          "end": 9.32,
          "confidence": 0.985
        },
        {
          "text": "जाँच",
          "start": 9.32,
          "end": 9.4,
          "confidence": 0.996
        },
        {
          "text": "करनी",
          "start": 9.4,
          "end": 9.72,
          "confidence": 0.973
        },
        {
          "text": "चाहिए",
          "start": 9.72,
          "end": 9.92,
          "confidence": 0.998
        },
        {
          "text": "बिहार",
          "start": 9.92,
          "end": 10.34,
          "confidence": 0.99
        },
        {
          "text": "मोबाइल",
          "start": 10.34,
          "end": 10.62,
          "confidence": 0.976
        },
        {
          "text": "वाणी",
          "start": 10.62,
          "end": 10.88,
          "confidence": 0.991
        },
        {
          "text": "के",
          "start": 10.88,
          "end": 11.04,
          "confidence": 0.969
        },
        {
          "text": "लिए",
          "start": 11.04,
          "end": 11.06,
          "confidence": 0.986
        }
      ]
    }
  ],
  "language": "hi"
}