{
  "text": "यदि पांच दिन भी पेयजल की आपूर्ति की गयी होगी तो शायद हमें मालूम नहीं यानि की आज तक पाइब जलापूर्ति योजना सौभाग्य की बस",
  "segments": [
    {
      "id": 0,
      "seek": 0,
      "start": 0.0,
      "end": 9.38,
      "text": "यदि पांच दिन भी पेयजल की आपूर्ति की गयी होगी तो शायद हमें मालूम नहीं यानि की आज तक पाइब जलापूर्ति योजना सौभाग्य की बस",
      "tokens": [
        50364,
        48268,
        3941,
        99,
        33279,
        8485,
        103,
        17937,
        31945,
        3941,
        248,
        8485,
        99,
        33279,
        35082,
        8485,
        255,
        31881,
        8485,
        103,
        21981,
        48268,
        3941,
        250,
        46758,
        31970,
        31881,
        8485,
        228,
        3941,
        103,
        8703,
        224,
        25411,
        27099,
        36158,
        33279,
        31970,
        31881,
        8485,
        245,
        48268,
        31881,
        37139,
        33926,
        3941,
        245,
        31881,
        8485,
        97,
        33926,
        8485,
        114,
        17937,
        48268,
        3941,
        99,
        37139,
        48521,
        21981,
        31945,
        48449,
        17937,
        46758,
        8703,
        224,
        48521,
        8485,
        101,
        44500,
        31881,
        31945,
        8485,
        107,
        17937,
        35082,
        33279,
        31970,
        31881,
        8485,
        228,
        3941,
        250,
        8485,
        97,
        41858,
        8485,
        103,
        17937,
        3941,
        229,
        3941,
        105,
        8485,
        250,
        46758,
        17937,
        3941,
        103,
        8703,
        224,
        25411,
        27099,
        36158,
        33279,
        8485,
        107,
        33926,
        3941,
        250,
        35082,
        17937,
        49316,
        8703,
        234,
        3941,
        255,
        17937,
        3941,
        245,
        27099,
        48268,
        31970,
        31881,
        8485,
        105,
        45938
      ],
      "temperature": 0.0,
      "avg_logprob": -0.10609596967697144,
      "compression_ratio": 1.9548387096774194,
      "no_speech_prob": 1.0064135253458665e-15,
      "confidence": 0.915,
      "words": [
        {
          "text": "यदि",
          "start": 0.0,
          "end": 0.54,
          "confidence": 0.983
        },
        {
          "text": "पांच",
          "start": 0.54,
          "end": 1.04,
          "confidence": 0.88
        },
        {
          "text": "दिन",
          "start": 1.04,
          "end": 1.2,
          "confidence": 0.992
        },
        {
          "text": "भी",
          "start": 1.2,
          "end": 1.38,
          "confidence": 0.881
        },
        {
          "text": "पेयजल",
          "start": 1.38,
          "end": 1.7,
          "confidence": 0.932
        },
        {
          "text": "की",
          "start": 1.7,
          "end": 2.0,
          "confidence": 0.973
        },
        {
          "text": "आपूर्ति",
          "start": 2.0,
          "end": 2.5,
          "confidence": 0.993
        },
        {
          "text": "की",
          "start": 2.5,
          "end": 2.9,
          "confidence": 0.959
        },
        {
          "text": "गयी",
          "start": 2.9,
          "end": 3.26,
          "confidence": 0.861
        },
        {
          "text": "होगी",
          "start": 3.26,
          "end": 3.98,
          "confidence": 0.98
        },
        {
          "text": "तो",
          "start": 3.98,
          "end": 4.12,
          "confidence": 0.991
        },
        {
          "text": "शायद",
          "start": 4.12,
          "end": 4.58,
          "confidence": 0.984
        },
        {
          "text": "हमें",
          "start": 4.58,
          "end": 4.84,
          "confidence": 0.912
        },
        {
          "text": "मालूम",
          "start": 4.84,
          "end": 5.2,
          "confidence": 0.991
        },
        {
          "text": "नहीं",
          "start": 5.2,
          "end": 5.56,
          "confidence": 0.963
        },
        {
          "text": "यानि",
          "start": 5.56,
          "end": 6.16,
          "confidence": 0.88
        },
        {
          "text": "की",
          "start": 6.16,
          "end": 6.3,
          "confidence": 0.89
        },
        {
          "text": "आज",
          "start": 6.3,
          "end": 6.74,
          "confidence": 0.99
        },
        {
          "text": "तक",
          "start": 6.74,
          "end": 7.02,
          "confidence": 0.99
        },
        {
          "text": "पाइब",
          "start": 7.02,
          "end": 7.46,
          "confidence": 0.655
        },
        {
          "text": "जलापूर्ति",
          "start": 7.46,
          "end": 8.12,
          "confidence": 0.92
        },
        {
          "text": "योजना",
          "start": 8.12,
          "end": 8.4,
          "confidence": 0.996
        },
        {
          "text": "सौभाग्य",
          "start": 8.4,
          "end": 9.02,
          "confidence": 0.819
        },
        {
          "text": "की",
          "start": 9.02,
          "end": 9.16,
          "confidence": 0.932
        },
        {
          "text": "बस",
          "start": 9.16,
          "end": 9.38,
          "confidence": 0.789
        }
      ]
    }
  ],
  "language": "hi"
}