{
  "text": "विधुत विभाग को इसको लेकर शिकायत की गयी थी परन्तु ग्रामीणों को आश्वासन भी मिला कारवाई नहीं हुई",
  "segments": [
    {
      "id": 0,
      "seek": 0,
      "start": 0.0,
      "end": 7.86,
      "text": "विधुत विभाग को इसको लेकर शिकायत की गयी थी परन्तु ग्रामीणों को आश्वासन भी मिला कारवाई नहीं हुई",
      "tokens": [
        50364,
        3941,
        113,
        33279,
        3941,
        100,
        8703,
        223,
        36158,
        8485,
        113,
        33279,
        3941,
        255,
        17937,
        3941,
        245,
        31970,
        33926,
        8485,
        229,
        45938,
        41858,
        33926,
        8485,
        110,
        21981,
        41858,
        25411,
        8485,
        114,
        33279,
        41858,
        17937,
        48268,
        36158,
        31970,
        31881,
        8485,
        245,
        48268,
        31881,
        8485,
        98,
        31881,
        8485,
        103,
        25411,
        35082,
        27099,
        36158,
        8703,
        223,
        8485,
        245,
        27099,
        25411,
        17937,
        48521,
        31881,
        3941,
        96,
        33926,
        31945,
        31970,
        33926,
        8485,
        228,
        3941,
        114,
        27099,
        3941,
        113,
        17937,
        45938,
        35082,
        8485,
        255,
        31881,
        48449,
        33279,
        46758,
        17937,
        31970,
        17937,
        25411,
        3941,
        113,
        17937,
        3941,
        230,
        8485,
        101,
        44500,
        31881,
        31945,
        37139,
        8703,
        223,
        3941,
        230
      ],
      "temperature": 0.0,
      "avg_logprob": -0.08088248383765127,
      "compression_ratio": 1.7375886524822695,
      "no_speech_prob": 1.1729328717059034e-13,
      "confidence": 0.94,
      "words": [
        {
          "text": "विधुत",
          "start": 0.0,
          "end": 0.56,
          "confidence": 0.885
        },
        {
          "text": "विभाग",
          "start": 0.56,
          "end": 0.96,
          "confidence": 0.991
        },
        {
          "text": "को",
          "start": 0.96,
          "end": 1.26,
          "confidence": 0.975
        },
        {
          "text": "इसको",
          "start": 1.26,
          "end": 1.6,
          "confidence": 0.85
        },
        {
          "text": "लेकर",
          "start": 1.6,
          "end": 1.98,
          "confidence": 0.883
        },
        {
          "text": "शिकायत",
          "start": 1.98,
          "end": 2.32,
          "confidence": 0.992
        },
        {
          "text": "की",
          "start": 2.32,
          "end": 2.74,
          "confidence": 0.933
        },
        {
          "text": "गयी",
          "start": 2.74,
          "end": 3.06,
          "confidence": 0.857
        },
        {
          "text": "थी",
          "start": 3.06,
          "end": 3.42,
          "confidence": 0.978
        },
        {
          "text": "परन्तु",
          "start": 3.42,
          "end": 3.82,
          "confidence": 0.991
        },
        {
          "text": "ग्रामीणों",
          "start": 3.82,
          "end": 4.88,
          "confidence": 0.977
        },
        {
          "text": "को",
          "start": 4.88,
          "end": 5.06,
          "confidence": 0.992
        },
        {
          "text": "आश्वासन",
          "start": 5.06,
          "end": 5.66,
          "confidence": 0.953
        },
        {
          "text": "भी",
          "start": 5.66,
          "end": 5.86,
          "confidence": 0.762
        },
        {
          "text": "मिला",
          "start": 5.86,
          "end": 6.34,
          "confidence": 0.988
        },
        {
          "text": "कारवाई",
          "start": 6.34,
          "end": 7.56,
          "confidence": 0.921
        },
        {
          "text": "नहीं",
          "start": 7.56,
          "end": 7.76,
          "confidence": 0.939
        },
        {
          "text": "हुई",
          "start": 7.76,
          "end": 7.86,
          "confidence": 0.988
        }
      ]
    }
  ],
  "language": "hi"
}