{
  "text": "बच्चों को अठारह साल ऐसी पहले शादी नहीं करना लेकिन बाल विवाह समाज के लिए अपराध है बच्चे शारीरिक और मानसिक रूप ऐसी तैयार नहीं होते और लड़की",
  "segments": [
    {
      "id": 0,
      "seek": 0,
      "start": 0.0,
      "end": 11.42,
      "text": "बच्चों को अठारह साल ऐसी पहले शादी नहीं करना लेकिन बाल विवाह समाज के लिए अपराध है बच्चे शारीरिक और मानसिक रूप ऐसी तैयार नहीं होते और लड़की",
      "tokens": [
        50384,
        3941,
        105,
        3941,
        248,
        27099,
        3941,
        248,
        33926,
        31945,
        31970,
        33926,
        8485,
        227,
        3941,
        254,
        17937,
        25411,
        44500,
        49316,
        17937,
        46758,
        8485,
        238,
        45938,
        31881,
        8485,
        103,
        44500,
        46758,
        21981,
        8485,
        114,
        17937,
        3941,
        99,
        31881,
        8485,
        101,
        44500,
        31881,
        31945,
        31970,
        25411,
        35082,
        17937,
        8485,
        110,
        21981,
        41858,
        33279,
        35082,
        8485,
        105,
        17937,
        46758,
        8485,
        113,
        33279,
        3941,
        113,
        17937,
        44500,
        49316,
        48521,
        17937,
        3941,
        250,
        31970,
        21981,
        8485,
        110,
        33279,
        3941,
        237,
        8485,
        227,
        3941,
        103,
        25411,
        17937,
        3941,
        100,
        37139,
        43372,
        8485,
        105,
        3941,
        248,
        27099,
        3941,
        248,
        21981,
        8485,
        114,
        17937,
        25411,
        31881,
        25411,
        33279,
        41858,
        8485,
        242,
        25411,
        48449,
        17937,
        35082,
        45938,
        33279,
        41858,
        8485,
        108,
        8703,
        224,
        3941,
        103,
        8485,
        238,
        45938,
        31881,
        8485,
        97,
        43372,
        48268,
        17937,
        25411,
        8485,
        101,
        44500,
        31881,
        31945,
        37139,
        33926,
        36158,
        21981,
        8485,
        242,
        25411,
        8485,
        110,
        8703,
        250,
        41858,
        31881
      ],
      "temperature": 0.0,
      "avg_logprob": -0.06376792644632273,
      "compression_ratio": 2.0113636363636362,
      "no_speech_prob": 1.792612824673412e-13,
      "confidence": 0.958,
      "words": [
        {
          "text": "बच्चों",
          "start": 0.0,
          "end": 0.82,
          "confidence": 0.947
        },
        {
          "text": "को",
          "start": 0.82,
          "end": 0.96,
          "confidence": 0.991
        },
        {
          "text": "अठारह",
          "start": 0.96,
          "end": 1.34,
          "confidence": 0.982
        },
        {
          "text": "साल",
          "start": 1.34,
          "end": 1.44,
          "confidence": 0.993
        },
        {
          "text": "ऐसी",
          "start": 1.44,
          "end": 1.72,
          "confidence": 0.934
        },
        {
          "text": "पहले",
          "start": 1.72,
          "end": 2.1,
          "confidence": 0.99
        },
        {
          "text": "शादी",
          "start": 2.1,
          "end": 2.86,
          "confidence": 0.962
        },
        {
          "text": "नहीं",
          "start": 2.86,
          "end": 3.26,
          "confidence": 0.909
        },
        {
          "text": "करना",
          "start": 3.26,
          "end": 3.38,
          "confidence": 0.981
        },
        {
          "text": "लेकिन",
          "start": 3.38,
          "end": 3.72,
          "confidence": 0.845
        },
        {
          "text": "बाल",
          "start": 3.72,
          "end": 4.04,
          "confidence": 0.913
        },
        {
          "text": "विवाह",
          "start": 4.04,
          "end": 4.4,
          "confidence": 0.989
        },
        {
          "text": "समाज",
          "start": 4.4,
          "end": 5.22,
          "confidence": 0.988
        },
        {
          "text": "के",
          "start": 5.22,
          "end": 5.54,
          "confidence": 0.959
        },
        {
          "text": "लिए",
          "start": 5.54,
          "end": 5.58,
          "confidence": 0.993
        },
        {
          "text": "अपराध",
          "start": 5.58,
          "end": 6.42,
          "confidence": 0.994
        },
        {
          "text": "है",
          "start": 6.42,
          "end": 6.7,
          "confidence": 0.951
        },
        {
          "text": "बच्चे",
          "start": 6.7,
          "end": 7.72,
          "confidence": 0.894
        },
        {
          "text": "शारीरिक",
          "start": 7.72,
          "end": 8.34,
          "confidence": 0.993
        },
        {
          "text": "और",
          "start": 8.34,
          "end": 8.82,
          "confidence": 0.986
        },
        {
          "text": "मानसिक",
          "start": 8.82,
          "end": 9.08,
          "confidence": 0.989
        },
        {
          "text": "रूप",
          "start": 9.08,
          "end": 9.28,
          "confidence": 0.988
        },
        {
          "text": "ऐसी",
          "start": 9.28,
          "end": 9.44,
          "confidence": 0.948
        },
        {
          "text": "तैयार",
          "start": 9.44,
          "end": 9.86,
          "confidence": 0.993
        },
        {
          "text": "नहीं",
          "start": 9.86,
          "end": 10.28,
          "confidence": 0.975
        },
        {
          "text": "होते",
          "start": 10.28,
          "end": 10.5,
          "confidence": 0.855
        },
        {
          "text": "और",
          "start": 10.5,
          "end": 11.0,
          "confidence": 0.928
        },
        {
          "text": "लड़की",
          "start": 11.0,
          "end": 11.42,
          "confidence": 0.967
        }
      ]
    }
  ],
  "language": "hi"
}