{
  "text": "कथित की है और जाँच सदर रही है बावजूद भी कोयला का अवैध उत्खनन एवं तस्करी बदल सूट जारी है सी सी एल की धोरी पर क्षेत्र के चारवी परियोजना स्थित",
  "segments": [
    {
      "id": 0,
      "seek": 0,
      "start": 0.0,
      "end": 10.3,
      "text": "कथित की है और जाँच सदर रही है बावजूद भी कोयला का अवैध उत्खनन एवं तस्करी बदल सूट जारी है सी सी एल की धोरी पर क्षेत्र के चारवी परियोजना स्थित",
      "tokens": [
        50364,
        41858,
        3941,
        98,
        33279,
        36158,
        31970,
        31881,
        37139,
        43372,
        8485,
        242,
        25411,
        8485,
        250,
        17937,
        3941,
        223,
        3941,
        248,
        49316,
        3941,
        99,
        25411,
        8485,
        108,
        44500,
        31881,
        37139,
        43372,
        8485,
        105,
        17937,
        3941,
        113,
        3941,
        250,
        8703,
        224,
        3941,
        99,
        8485,
        255,
        31881,
        31970,
        33926,
        48268,
        46758,
        17937,
        31970,
        17937,
        8485,
        227,
        3941,
        113,
        43372,
        3941,
        100,
        8485,
        231,
        36158,
        27099,
        3941,
        244,
        35082,
        35082,
        8485,
        237,
        3941,
        113,
        31945,
        8485,
        97,
        45938,
        27099,
        41858,
        25411,
        31881,
        8485,
        105,
        3941,
        99,
        46758,
        49316,
        8703,
        224,
        3941,
        253,
        8485,
        250,
        17937,
        25411,
        31881,
        37139,
        43372,
        49316,
        31881,
        49316,
        31881,
        8485,
        237,
        46758,
        31970,
        31881,
        8485,
        100,
        33926,
        25411,
        31881,
        8485,
        103,
        25411,
        31970,
        27099,
        3941,
        115,
        21981,
        36158,
        27099,
        25411,
        31970,
        21981,
        8485,
        248,
        17937,
        25411,
        3941,
        113,
        31881,
        8485,
        103,
        25411,
        33279,
        48268,
        33926,
        3941,
        250,
        35082,
        17937,
        49316,
        27099,
        3941,
        98,
        33279,
        36158
      ],
      "temperature": 0.0,
      "avg_logprob": -0.13011422875809342,
      "compression_ratio": 1.9508196721311475,
      "no_speech_prob": 6.725156022346912e-12,
      "confidence": 0.892,
      "words": [
        {
          "text": "कथित",
          "start": 0.0,
          "end": 0.84,
          "confidence": 0.771
        },
        {
          "text": "की",
          "start": 0.84,
          "end": 1.0,
          "confidence": 0.973
        },
        {
          "text": "है",
          "start": 1.0,
          "end": 1.2,
          "confidence": 0.992
        },
        {
          "text": "और",
          "start": 1.2,
          "end": 1.92,
          "confidence": 0.858
        },
        {
          "text": "जाँच",
          "start": 1.92,
          "end": 2.16,
          "confidence": 0.991
        },
        {
          "text": "सदर",
          "start": 2.16,
          "end": 2.56,
          "confidence": 0.982
        },
        {
          "text": "रही",
          "start": 2.56,
          "end": 2.76,
          "confidence": 0.988
        },
        {
          "text": "है",
          "start": 2.76,
          "end": 2.86,
          "confidence": 0.996
        },
        {
          "text": "बावजूद",
          "start": 2.86,
          "end": 3.64,
          "confidence": 0.974
        },
        {
          "text": "भी",
          "start": 3.64,
          "end": 3.8,
          "confidence": 0.944
        },
        {
          "text": "कोयला",
          "start": 3.8,
          "end": 4.24,
          "confidence": 0.988
        },
        {
          "text": "का",
          "start": 4.24,
          "end": 4.4,
          "confidence": 0.937
        },
        {
          "text": "अवैध",
          "start": 4.4,
          "end": 4.62,
          "confidence": 0.836
        },
        {
          "text": "उत्खनन",
          "start": 4.62,
          "end": 5.0,
          "confidence": 0.989
        },
        {
          "text": "एवं",
          "start": 5.0,
          "end": 5.28,
          "confidence": 0.784
        },
        {
          "text": "तस्करी",
          "start": 5.28,
          "end": 5.84,
          "confidence": 0.965
        },
        {
          "text": "बदल",
          "start": 5.84,
          "end": 6.2,
          "confidence": 0.698
        },
        {
          "text": "सूट",
          "start": 6.2,
          "end": 6.42,
          "confidence": 0.643
        },
        {
          "text": "जारी",
          "start": 6.42,
          "end": 6.72,
          "confidence": 0.975
        },
        {
          "text": "है",
          "start": 6.72,
          "end": 7.26,
          "confidence": 0.997
        },
        {
          "text": "सी",
          "start": 7.26,
          "end": 7.62,
          "confidence": 0.91
        },
        {
          "text": "सी",
          "start": 7.62,
          "end": 7.84,
          "confidence": 0.724
        },
        {
          "text": "एल",
          "start": 7.84,
          "end": 7.86,
          "confidence": 0.918
        },
        {
          "text": "की",
          "start": 7.86,
          "end": 8.06,
          "confidence": 0.925
        },
        {
          "text": "धोरी",
          "start": 8.06,
          "end": 8.42,
          "confidence": 0.749
        },
        {
          "text": "पर",
          "start": 8.42,
          "end": 8.52,
          "confidence": 0.762
        },
        {
          "text": "क्षेत्र",
          "start": 8.52,
          "end": 8.78,
          "confidence": 0.927
        },
        {
          "text": "के",
          "start": 8.78,
          "end": 9.0,
          "confidence": 0.939
        },
        {
          "text": "चारवी",
          "start": 9.0,
          "end": 9.4,
          "confidence": 0.784
        },
        {
          "text": "परियोजना",
          "start": 9.4,
          "end": 9.88,
          "confidence": 0.938
        },
        {
          "text": "स्थित",
          "start": 9.88,
          "end": 10.3,
          "confidence": 0.952
        }
      ]
    }
  ],
  "language": "hi"
}