{
  "text": "उमीदवार होगी जिसे आम जन सामाजिक कार्यकर्ता कम और राजनीतिक के रूप में अधिक जानेंगे इसमें कोई सख्त नहीं चक्ष में राधू राय",
  "segments": [
    {
      "id": 0,
      "seek": 0,
      "start": 0.0,
      "end": 10.44,
      "text": "उमीदवार होगी जिसे आम जन सामाजिक कार्यकर्ता कम और राजनीतिक के रूप में अधिक जानेंगे इसमें कोई सख्त नहीं चक्ष में राधू राय",
      "tokens": [
        50364,
        3941,
        231,
        48521,
        31881,
        3941,
        99,
        3941,
        113,
        17937,
        25411,
        37139,
        33926,
        3941,
        245,
        31881,
        8485,
        250,
        33279,
        45938,
        21981,
        8485,
        228,
        48521,
        8485,
        250,
        35082,
        49316,
        17937,
        48521,
        17937,
        3941,
        250,
        33279,
        41858,
        31970,
        17937,
        25411,
        27099,
        48268,
        41858,
        25411,
        27099,
        36158,
        17937,
        31970,
        48521,
        8485,
        242,
        25411,
        8485,
        108,
        17937,
        3941,
        250,
        35082,
        31881,
        36158,
        33279,
        41858,
        31970,
        21981,
        8485,
        108,
        8703,
        224,
        3941,
        103,
        48449,
        21981,
        31945,
        8485,
        227,
        3941,
        100,
        33279,
        41858,
        8485,
        250,
        17937,
        35082,
        21981,
        31945,
        3941,
        245,
        21981,
        8485,
        229,
        45938,
        48521,
        21981,
        31945,
        31970,
        33926,
        3941,
        230,
        49316,
        3941,
        244,
        27099,
        36158,
        8485,
        101,
        44500,
        31881,
        31945,
        8485,
        248,
        41858,
        27099,
        3941,
        115,
        48449,
        21981,
        31945,
        8485,
        108,
        17937,
        3941,
        100,
        8703,
        224,
        8485,
        108,
        17937,
        48268
      ],
      "temperature": 0.0,
      "avg_logprob": -0.11099573570912279,
      "compression_ratio": 1.9685534591194969,
      "no_speech_prob": 3.129025469243295e-16,
      "confidence": 0.911,
      "words": [
        {
          "text": "उमीदवार",
          "start": 0.0,
          "end": 0.82,
          "confidence": 0.976
        },
        {
          "text": "होगी",
          "start": 0.82,
          "end": 1.36,
          "confidence": 0.95
        },
        {
          "text": "जिसे",
          "start": 1.36,
          "end": 1.82,
          "confidence": 0.913
        },
        {
          "text": "आम",
          "start": 1.82,
          "end": 2.82,
          "confidence": 0.987
        },
        {
          "text": "जन",
          "start": 2.82,
          "end": 3.12,
          "confidence": 0.955
        },
        {
          "text": "सामाजिक",
          "start": 3.12,
          "end": 3.66,
          "confidence": 0.969
        },
        {
          "text": "कार्यकर्ता",
          "start": 3.66,
          "end": 4.18,
          "confidence": 0.956
        },
        {
          "text": "कम",
          "start": 4.18,
          "end": 4.52,
          "confidence": 0.917
        },
        {
          "text": "और",
          "start": 4.52,
          "end": 5.0,
          "confidence": 0.959
        },
        {
          "text": "राजनीतिक",
          "start": 5.0,
          "end": 5.92,
          "confidence": 0.903
        },
        {
          "text": "के",
          "start": 5.92,
          "end": 6.26,
          "confidence": 0.963
        },
        {
          "text": "रूप",
          "start": 6.26,
          "end": 6.28,
          "confidence": 0.997
        },
        {
          "text": "में",
          "start": 6.28,
          "end": 6.42,
          "confidence": 0.926
        },
        {
          "text": "अधिक",
          "start": 6.42,
          "end": 6.86,
          "confidence": 0.985
        },
        {
          "text": "जानेंगे",
          "start": 6.86,
          "end": 7.36,
          "confidence": 0.976
        },
        {
          "text": "इसमें",
          "start": 7.36,
          "end": 8.3,
          "confidence": 0.946
        },
        {
          "text": "कोई",
          "start": 8.3,
          "end": 8.76,
          "confidence": 0.994
        },
        {
          "text": "सख्त",
          "start": 8.76,
          "end": 8.98,
          "confidence": 0.728
        },
        {
          "text": "नहीं",
          "start": 8.98,
          "end": 9.24,
          "confidence": 0.972
        },
        {
          "text": "चक्ष",
          "start": 9.24,
          "end": 9.8,
          "confidence": 0.619
        },
        {
          "text": "में",
          "start": 9.8,
          "end": 9.94,
          "confidence": 0.765
        },
        {
          "text": "राधू",
          "start": 9.94,
          "end": 10.22,
          "confidence": 0.834
        },
        {
          "text": "राय",
          "start": 10.22,
          "end": 10.44,
          "confidence": 0.816
        }
      ]
    }
  ],
  "language": "hi"
}