{
  "text": "जोहार साथियों मैं रमेश कुमार माइती बिना परमिट के ही सदर रही है स्वीपर है जिला बोकारो जिला मुख्यालय के नया मोड़ बस पडाव ऐसी प्रतिदिन",
  "segments": [
    {
      "id": 0,
      "seek": 0,
      "start": 0.0,
      "end": 11.64,
      "text": "जोहार साथियों मैं रमेश कुमार माइती बिना परमिट के ही सदर रही है स्वीपर है जिला बोकारो जिला मुख्यालय के नया मोड़ बस पडाव ऐसी प्रतिदिन",
      "tokens": [
        50364,
        3941,
        250,
        33926,
        44500,
        17937,
        25411,
        49316,
        17937,
        3941,
        98,
        33279,
        48268,
        33926,
        31945,
        48449,
        43372,
        31945,
        8485,
        108,
        48521,
        21981,
        3941,
        114,
        31970,
        8703,
        223,
        48521,
        17937,
        25411,
        48449,
        17937,
        3941,
        229,
        36158,
        31881,
        8485,
        105,
        33279,
        35082,
        17937,
        8485,
        103,
        25411,
        48521,
        33279,
        3941,
        253,
        31970,
        21981,
        37139,
        31881,
        49316,
        3941,
        99,
        25411,
        8485,
        108,
        44500,
        31881,
        37139,
        43372,
        49316,
        27099,
        3941,
        113,
        31881,
        3941,
        103,
        25411,
        37139,
        43372,
        8485,
        250,
        33279,
        46758,
        17937,
        8485,
        105,
        33926,
        41858,
        17937,
        25411,
        33926,
        8485,
        250,
        33279,
        46758,
        17937,
        48449,
        8703,
        223,
        3941,
        244,
        27099,
        48268,
        17937,
        46758,
        48268,
        31970,
        21981,
        8485,
        101,
        48268,
        17937,
        48449,
        33926,
        8703,
        250,
        8485,
        105,
        45938,
        8485,
        103,
        3941,
        94,
        17937,
        3941,
        113,
        8485,
        238,
        45938,
        31881,
        8485,
        103,
        27099,
        25411,
        36158,
        33279,
        3941,
        99,
        33279,
        35082
      ],
      "temperature": 0.0,
      "avg_logprob": -0.10461449267259285,
      "compression_ratio": 2.0238095238095237,
      "no_speech_prob": 1.1651834026086296e-17,
      "confidence": 0.913,
      "words": [
        {
          "text": "जोहार",
          "start": 0.0,
          "end": 0.8,
          "confidence": 0.832
        },
        {
          "text": "साथियों",
          "start": 0.8,
          "end": 1.02,
          "confidence": 0.934
        },
        {
          "text": "मैं",
          "start": 1.02,
          "end": 1.86,
          "confidence": 0.783
        },
        {
          "text": "रमेश",
          "start": 1.86,
          "end": 2.38,
          "confidence": 0.993
        },
        {
          "text": "कुमार",
          "start": 2.38,
          "end": 3.0,
          "confidence": 0.982
        },
        {
          "text": "माइती",
          "start": 3.0,
          "end": 3.68,
          "confidence": 0.713
        },
        {
          "text": "बिना",
          "start": 3.68,
          "end": 4.3,
          "confidence": 0.996
        },
        {
          "text": "परमिट",
          "start": 4.3,
          "end": 5.14,
          "confidence": 0.948
        },
        {
          "text": "के",
          "start": 5.14,
          "end": 5.42,
          "confidence": 0.949
        },
        {
          "text": "ही",
          "start": 5.42,
          "end": 5.76,
          "confidence": 0.873
        },
        {
          "text": "सदर",
          "start": 5.76,
          "end": 5.94,
          "confidence": 0.951
        },
        {
          "text": "रही",
          "start": 5.94,
          "end": 6.26,
          "confidence": 0.972
        },
        {
          "text": "है",
          "start": 6.26,
          "end": 6.36,
          "confidence": 0.939
        },
        {
          "text": "स्वीपर",
          "start": 6.36,
          "end": 6.8,
          "confidence": 0.783
        },
        {
          "text": "है",
          "start": 6.8,
          "end": 7.12,
          "confidence": 0.74
        },
        {
          "text": "जिला",
          "start": 7.12,
          "end": 7.58,
          "confidence": 0.961
        },
        {
          "text": "बोकारो",
          "start": 7.58,
          "end": 8.62,
          "confidence": 0.99
        },
        {
          "text": "जिला",
          "start": 8.62,
          "end": 8.96,
          "confidence": 0.991
        },
        {
          "text": "मुख्यालय",
          "start": 8.96,
          "end": 9.36,
          "confidence": 0.987
        },
        {
          "text": "के",
          "start": 9.36,
          "end": 9.68,
          "confidence": 0.949
        },
        {
          "text": "नया",
          "start": 9.68,
          "end": 9.98,
          "confidence": 0.981
        },
        {
          "text": "मोड़",
          "start": 9.98,
          "end": 10.3,
          "confidence": 0.901
        },
        {
          "text": "बस",
          "start": 10.3,
          "end": 10.58,
          "confidence": 0.921
        },
        {
          "text": "पडाव",
          "start": 10.58,
          "end": 10.96,
          "confidence": 0.847
        },
        {
          "text": "ऐसी",
          "start": 10.96,
          "end": 11.12,
          "confidence": 0.769
        },
        {
          "text": "प्रतिदिन",
          "start": 11.12,
          "end": 11.64,
          "confidence": 0.978
        }
      ]
    }
  ],
  "language": "hi"
}