{
  "text": "जिन दिनों तिलकुट बेचने वाले भी सड़क को अपने कर्मियों में कर रखा है लगातार दुकान में वृद्धि होने ऐसी हम लोगो को सड़क आरोप चलना मुश्किल हो गया है",
  "segments": [
    {
      "id": 0,
      "seek": 0,
      "start": 0.0,
      "end": 9.26,
      "text": "जिन दिनों तिलकुट बेचने वाले भी सड़क को अपने कर्मियों में कर रखा है लगातार दुकान में वृद्धि होने ऐसी हम लोगो को सड़क आरोप चलना मुश्किल हो गया है",
      "tokens": [
        50364,
        3941,
        250,
        33279,
        35082,
        8485,
        99,
        33279,
        35082,
        33926,
        31945,
        8485,
        97,
        33279,
        46758,
        41858,
        8703,
        223,
        3941,
        253,
        8485,
        105,
        21981,
        3941,
        248,
        35082,
        21981,
        8485,
        113,
        17937,
        46758,
        21981,
        8485,
        255,
        31881,
        49316,
        8703,
        250,
        41858,
        31970,
        33926,
        8485,
        227,
        3941,
        103,
        35082,
        21981,
        31970,
        25411,
        27099,
        48521,
        33279,
        48268,
        33926,
        31945,
        48449,
        21981,
        31945,
        31970,
        25411,
        8485,
        108,
        3941,
        244,
        17937,
        37139,
        43372,
        8485,
        110,
        3941,
        245,
        17937,
        36158,
        17937,
        25411,
        8485,
        99,
        8703,
        223,
        41858,
        17937,
        35082,
        48449,
        21981,
        31945,
        8485,
        113,
        8703,
        225,
        3941,
        99,
        27099,
        3941,
        100,
        33279,
        37139,
        33926,
        35082,
        21981,
        8485,
        238,
        45938,
        31881,
        37139,
        48521,
        8485,
        110,
        33926,
        3941,
        245,
        33926,
        31970,
        33926,
        49316,
        8703,
        250,
        41858,
        8485,
        228,
        25411,
        33926,
        3941,
        103,
        8485,
        248,
        46758,
        35082,
        17937,
        48449,
        8703,
        223,
        3941,
        114,
        27099,
        41858,
        33279,
        46758,
        37139,
        33926,
        8485,
        245,
        48268,
        17937,
        37139,
        43372
      ],
      "temperature": 0.0,
      "avg_logprob": -0.12024146563386263,
      "compression_ratio": 1.9414893617021276,
      "no_speech_prob": 1.768046768561328e-14,
      "confidence": 0.902,
      "words": [
        {
          "text": "जिन",
          "start": 0.0,
          "end": 0.76,
          "confidence": 0.605
        },
        {
          "text": "दिनों",
          "start": 0.76,
          "end": 0.82,
          "confidence": 0.928
        },
        {
          "text": "तिलकुट",
          "start": 0.82,
          "end": 1.28,
          "confidence": 0.788
        },
        {
          "text": "बेचने",
          "start": 1.28,
          "end": 1.76,
          "confidence": 0.969
        },
        {
          "text": "वाले",
          "start": 1.76,
          "end": 2.12,
          "confidence": 0.929
        },
        {
          "text": "भी",
          "start": 2.12,
          "end": 2.24,
          "confidence": 0.771
        },
        {
          "text": "सड़क",
          "start": 2.24,
          "end": 2.78,
          "confidence": 0.976
        },
        {
          "text": "को",
          "start": 2.78,
          "end": 2.98,
          "confidence": 0.977
        },
        {
          "text": "अपने",
          "start": 2.98,
          "end": 3.5,
          "confidence": 0.961
        },
        {
          "text": "कर्मियों",
          "start": 3.5,
          "end": 3.92,
          "confidence": 0.673
        },
        {
          "text": "में",
          "start": 3.92,
          "end": 3.96,
          "confidence": 0.869
        },
        {
          "text": "कर",
          "start": 3.96,
          "end": 4.06,
          "confidence": 0.834
        },
        {
          "text": "रखा",
          "start": 4.06,
          "end": 4.6,
          "confidence": 0.956
        },
        {
          "text": "है",
          "start": 4.6,
          "end": 4.74,
          "confidence": 0.986
        },
        {
          "text": "लगातार",
          "start": 4.74,
          "end": 5.16,
          "confidence": 0.952
        },
        {
          "text": "दुकान",
          "start": 5.16,
          "end": 5.64,
          "confidence": 0.966
        },
        {
          "text": "में",
          "start": 5.64,
          "end": 5.82,
          "confidence": 0.774
        },
        {
          "text": "वृद्धि",
          "start": 5.82,
          "end": 6.04,
          "confidence": 0.97
        },
        {
          "text": "होने",
          "start": 6.04,
          "end": 6.5,
          "confidence": 0.987
        },
        {
          "text": "ऐसी",
          "start": 6.5,
          "end": 6.6,
          "confidence": 0.9
        },
        {
          "text": "हम",
          "start": 6.6,
          "end": 6.84,
          "confidence": 0.946
        },
        {
          "text": "लोगो",
          "start": 6.84,
          "end": 7.2,
          "confidence": 0.949
        },
        {
          "text": "को",
          "start": 7.2,
          "end": 7.22,
          "confidence": 0.705
        },
        {
          "text": "सड़क",
          "start": 7.22,
          "end": 7.5,
          "confidence": 0.987
        },
        {
          "text": "आरोप",
          "start": 7.5,
          "end": 7.82,
          "confidence": 0.919
        },
        {
          "text": "चलना",
          "start": 7.82,
          "end": 8.08,
          "confidence": 0.978
        },
        {
          "text": "मुश्किल",
          "start": 8.08,
          "end": 8.46,
          "confidence": 0.996
        },
        {
          "text": "हो",
          "start": 8.46,
          "end": 8.66,
          "confidence": 0.997
        },
        {
          "text": "गया",
          "start": 8.66,
          "end": 8.86,
          "confidence": 0.994
        },
        {
          "text": "है",
          "start": 8.86,
          "end": 9.26,
          "confidence": 0.906
        }
      ]
    }
  ],
  "language": "hi"
}