{
  "text": "बता दे की सामाजिक आशी धनगरमा में सरकार के एलान के मुताबिक सभी अमीर गरीब को पाँच किलो राशन देने का प्रावधान है",
  "segments": [
    {
      "id": 0,
      "seek": 0,
      "start": 0.0,
      "end": 7.6,
      "text": "बता दे की सामाजिक आशी धनगरमा में सरकार के एलान के मुताबिक सभी अमीर गरीब को पाँच किलो राशन देने का प्रावधान है",
      "tokens": [
        50364,
        3941,
        105,
        36158,
        17937,
        8485,
        99,
        21981,
        31970,
        31881,
        49316,
        17937,
        48521,
        17937,
        3941,
        250,
        33279,
        41858,
        8485,
        228,
        3941,
        114,
        31881,
        8485,
        100,
        35082,
        3941,
        245,
        25411,
        48521,
        17937,
        48449,
        21981,
        31945,
        49316,
        25411,
        41858,
        17937,
        25411,
        31970,
        21981,
        8485,
        237,
        46758,
        17937,
        35082,
        31970,
        21981,
        48449,
        8703,
        223,
        36158,
        17937,
        3941,
        105,
        33279,
        41858,
        49316,
        3941,
        255,
        31881,
        8485,
        227,
        48521,
        31881,
        25411,
        8485,
        245,
        25411,
        31881,
        3941,
        105,
        31970,
        33926,
        8485,
        103,
        17937,
        3941,
        223,
        3941,
        248,
        31970,
        33279,
        46758,
        33926,
        8485,
        108,
        17937,
        3941,
        114,
        35082,
        8485,
        99,
        21981,
        35082,
        21981,
        31970,
        17937,
        8485,
        103,
        27099,
        25411,
        17937,
        3941,
        113,
        3941,
        100,
        17937,
        35082,
        37139,
        43372
      ],
      "temperature": 0.0,
      "avg_logprob": -0.12714011328560965,
      "compression_ratio": 1.8496732026143792,
      "no_speech_prob": 4.496323522755724e-16,
      "confidence": 0.898,
      "words": [
        {
          "text": "बता",
          "start": 0.0,
          "end": 0.58,
          "confidence": 0.917
        },
        {
          "text": "दे",
          "start": 0.58,
          "end": 0.92,
          "confidence": 0.734
        },
        {
          "text": "की",
          "start": 0.92,
          "end": 0.96,
          "confidence": 0.698
        },
        {
          "text": "सामाजिक",
          "start": 0.96,
          "end": 1.46,
          "confidence": 0.952
        },
        {
          "text": "आशी",
          "start": 1.46,
          "end": 1.8,
          "confidence": 0.672
        },
        {
          "text": "धनगरमा",
          "start": 1.8,
          "end": 2.2,
          "confidence": 0.57
        },
        {
          "text": "में",
          "start": 2.2,
          "end": 2.4,
          "confidence": 0.886
        },
        {
          "text": "सरकार",
          "start": 2.4,
          "end": 2.8,
          "confidence": 0.996
        },
        {
          "text": "के",
          "start": 2.8,
          "end": 3.02,
          "confidence": 0.955
        },
        {
          "text": "एलान",
          "start": 3.02,
          "end": 3.26,
          "confidence": 0.901
        },
        {
          "text": "के",
          "start": 3.26,
          "end": 3.66,
          "confidence": 0.979
        },
        {
          "text": "मुताबिक",
          "start": 3.66,
          "end": 3.88,
          "confidence": 0.991
        },
        {
          "text": "सभी",
          "start": 3.88,
          "end": 4.32,
          "confidence": 0.96
        },
        {
          "text": "अमीर",
          "start": 4.32,
          "end": 4.84,
          "confidence": 0.966
        },
        {
          "text": "गरीब",
          "start": 4.84,
          "end": 4.92,
          "confidence": 0.991
        },
        {
          "text": "को",
          "start": 4.92,
          "end": 5.52,
          "confidence": 0.735
        },
        {
          "text": "पाँच",
          "start": 5.52,
          "end": 5.94,
          "confidence": 0.908
        },
        {
          "text": "किलो",
          "start": 5.94,
          "end": 6.22,
          "confidence": 0.996
        },
        {
          "text": "राशन",
          "start": 6.22,
          "end": 6.42,
          "confidence": 0.994
        },
        {
          "text": "देने",
          "start": 6.42,
          "end": 6.9,
          "confidence": 0.995
        },
        {
          "text": "का",
          "start": 6.9,
          "end": 7.02,
          "confidence": 0.99
        },
        {
          "text": "प्रावधान",
          "start": 7.02,
          "end": 7.42,
          "confidence": 0.996
        },
        {
          "text": "है",
          "start": 7.42,
          "end": 7.6,
          "confidence": 0.992
        }
      ]
    }
  ],
  "language": "hi"
}