{
  "text": "निर्णय दिया गया है धन्यवाद श्रोता मई संतोष कुमार मंडल मधुबनी जिला",
  "segments": [
    {
      "id": 0,
      "seek": 0,
      "start": 0.0,
      "end": 5.62,
      "text": "निर्णय दिया गया है धन्यवाद श्रोता मई संतोष कुमार मंडल मधुबनी जिला",
      "tokens": [
        50364,
        35082,
        33279,
        25411,
        27099,
        3941,
        96,
        48268,
        8485,
        99,
        33279,
        48268,
        17937,
        8485,
        245,
        48268,
        17937,
        37139,
        43372,
        8485,
        100,
        35082,
        27099,
        48268,
        3941,
        113,
        17937,
        3941,
        99,
        8485,
        114,
        27099,
        25411,
        33926,
        36158,
        17937,
        48449,
        3941,
        230,
        49316,
        31945,
        36158,
        33926,
        3941,
        115,
        31970,
        8703,
        223,
        48521,
        17937,
        25411,
        48449,
        31945,
        3941,
        94,
        46758,
        48449,
        3941,
        100,
        8703,
        223,
        3941,
        105,
        35082,
        31881,
        8485,
        250,
        33279,
        46758,
        17937
      ],
      "temperature": 0.0,
      "avg_logprob": -0.07867490741568552,
      "compression_ratio": 1.5309734513274336,
      "no_speech_prob": 7.7350327748818e-13,
      "confidence": 0.958,
      "words": [
        {
          "text": "निर्णय",
          "start": 0.0,
          "end": 0.5,
          "confidence": 0.973
        },
        {
          "text": "दिया",
          "start": 0.5,
          "end": 0.82,
          "confidence": 0.986
        },
        {
          "text": "गया",
          "start": 0.82,
          "end": 1.04,
          "confidence": 0.98
        },
        {
          "text": "है",
          "start": 1.04,
          "end": 1.2,
          "confidence": 0.958
        },
        {
          "text": "धन्यवाद",
          "start": 1.2,
          "end": 2.34,
          "confidence": 0.96
        },
        {
          "text": "श्रोता",
          "start": 2.34,
          "end": 2.76,
          "confidence": 0.989
        },
        {
          "text": "मई",
          "start": 2.76,
          "end": 3.2,
          "confidence": 0.735
        },
        {
          "text": "संतोष",
          "start": 3.2,
          "end": 4.04,
          "confidence": 0.935
        },
        {
          "text": "कुमार",
          "start": 4.04,
          "end": 4.7,
          "confidence": 0.944
        },
        {
          "text": "मंडल",
          "start": 4.7,
          "end": 4.72,
          "confidence": 0.982
        },
        {
          "text": "मधुबनी",
          "start": 4.72,
          "end": 5.38,
          "confidence": 0.98
        },
        {
          "text": "जिला",
          "start": 5.38,
          "end": 5.62,
          "confidence": 0.983
        }
      ]
    }
  ],
  "language": "hi"
}