{
  "text": "सचेतना के जरिए अधिकारियों को कर्मचारी के दायित्व को सौंपने और गाँव गाँव में बाल विवाह रोकने का सन्देश पहुँचाने आरोप भी जोर देना चाहिए और हम सभी रिपोर्टर एवं वालंटियर बिहार मोबाइल वाणी के माध्यम ऐसी",
  "segments": [
    {
      "id": 0,
      "seek": 0,
      "start": 0.0,
      "end": 13.36,
      "text": "सचेतना के जरिए अधिकारियों को कर्मचारी के दायित्व को सौंपने और गाँव गाँव में बाल विवाह रोकने का सन्देश पहुँचाने आरोप भी जोर देना चाहिए और हम सभी रिपोर्टर एवं वालंटियर बिहार मोबाइल वाणी के माध्यम ऐसी",
      "tokens": [
        50364,
        45938,
        3941,
        248,
        21981,
        36158,
        35082,
        17937,
        31970,
        21981,
        8485,
        250,
        25411,
        33279,
        3941,
        237,
        8485,
        227,
        3941,
        100,
        33279,
        41858,
        17937,
        25411,
        33279,
        48268,
        33926,
        31945,
        31970,
        33926,
        31970,
        25411,
        27099,
        48521,
        3941,
        248,
        17937,
        25411,
        31881,
        31970,
        21981,
        8485,
        99,
        17937,
        48268,
        33279,
        36158,
        27099,
        3941,
        113,
        31970,
        33926,
        49316,
        8703,
        234,
        31945,
        3941,
        103,
        35082,
        21981,
        8485,
        242,
        25411,
        8485,
        245,
        17937,
        3941,
        223,
        3941,
        113,
        8485,
        245,
        17937,
        3941,
        223,
        3941,
        113,
        48449,
        21981,
        31945,
        8485,
        105,
        17937,
        46758,
        8485,
        113,
        33279,
        3941,
        113,
        17937,
        44500,
        8485,
        108,
        33926,
        41858,
        35082,
        21981,
        31970,
        17937,
        49316,
        35082,
        27099,
        3941,
        99,
        21981,
        3941,
        114,
        8485,
        103,
        44500,
        8703,
        223,
        3941,
        223,
        3941,
        248,
        17937,
        35082,
        21981,
        8485,
        228,
        25411,
        33926,
        3941,
        103,
        8485,
        255,
        31881,
        8485,
        250,
        33926,
        25411,
        8485,
        99,
        21981,
        35082,
        17937,
        8485,
        248,
        17937,
        44500,
        33279,
        3941,
        237,
        8485,
        242,
        25411,
        37139,
        48521,
        49316,
        3941,
        255,
        31881,
        8485,
        108,
        33279,
        3941,
        103,
        33926,
        25411,
        27099,
        3941,
        253,
        25411,
        8485,
        237,
        3941,
        113,
        31945,
        8485,
        113,
        17937,
        46758,
        31945,
        3941,
        253,
        33279,
        48268,
        25411,
        8485,
        105,
        33279,
        44500,
        17937,
        25411,
        48449,
        33926,
        3941,
        105,
        17937,
        3941,
        229,
        46758,
        8485,
        113,
        17937,
        3941,
        96,
        31881,
        31970,
        21981,
        48449,
        17937,
        3941,
        100,
        27099,
        48268,
        48521,
        8485,
        238,
        45938,
        31881
      ],
      "temperature": 0.0,
      "avg_logprob": -0.05596605488951777,
      "compression_ratio": 2.227467811158798,
      "no_speech_prob": 4.33607075483837e-14,
      "confidence": 0.954,
      "words": [
        {
          "text": "सचेतना",
          "start": 0.0,
          "end": 0.7,
          "confidence": 0.91
        },
        {
          "text": "के",
          "start": 0.7,
          "end": 1.02,
          "confidence": 0.911
        },
        {
          "text": "जरिए",
          "start": 1.02,
          "end": 1.24,
          "confidence": 0.894
        },
        {
          "text": "अधिकारियों",
          "start": 1.24,
          "end": 2.1,
          "confidence": 0.931
        },
        {
          "text": "को",
          "start": 2.1,
          "end": 2.3,
          "confidence": 0.991
        },
        {
          "text": "कर्मचारी",
          "start": 2.3,
          "end": 2.88,
          "confidence": 0.981
        },
        {
          "text": "के",
          "start": 2.88,
          "end": 3.26,
          "confidence": 0.935
        },
        {
          "text": "दायित्व",
          "start": 3.26,
          "end": 3.4,
          "confidence": 0.991
        },
        {
          "text": "को",
          "start": 3.4,
          "end": 3.58,
          "confidence": 0.952
        },
        {
          "text": "सौंपने",
          "start": 3.58,
          "end": 4.08,
          "confidence": 0.892
        },
        {
          "text": "और",
          "start": 4.08,
          "end": 4.5,
          "confidence": 0.99
        },
        {
          "text": "गाँव",
          "start": 4.5,
          "end": 4.74,
          "confidence": 0.98
        },
        {
          "text": "गाँव",
          "start": 4.74,
          "end": 4.84,
          "confidence": 0.869
        },
        {
          "text": "में",
          "start": 4.84,
          "end": 5.02,
          "confidence": 0.968
        },
        {
          "text": "बाल",
          "start": 5.02,
          "end": 5.38,
          "confidence": 0.938
        },
        {
          "text": "विवाह",
          "start": 5.38,
          "end": 5.46,
          "confidence": 0.979
        },
        {
          "text": "रोकने",
          "start": 5.46,
          "end": 6.14,
          "confidence": 0.985
        },
        {
          "text": "का",
          "start": 6.14,
          "end": 6.26,
          "confidence": 0.981
        },
        {
          "text": "सन्देश",
          "start": 6.26,
          "end": 6.64,
          "confidence": 0.959
        },
        {
          "text": "पहुँचाने",
          "start": 6.64,
          "end": 7.44,
          "confidence": 0.971
        },
        {
          "text": "आरोप",
          "start": 7.44,
          "end": 7.68,
          "confidence": 0.905
        },
        {
          "text": "भी",
          "start": 7.68,
          "end": 7.72,
          "confidence": 0.963
        },
        {
          "text": "जोर",
          "start": 7.72,
          "end": 7.94,
          "confidence": 0.954
        },
        {
          "text": "देना",
          "start": 7.94,
          "end": 8.24,
          "confidence": 0.997
        },
        {
          "text": "चाहिए",
          "start": 8.24,
          "end": 8.52,
          "confidence": 0.998
        },
        {
          "text": "और",
          "start": 8.52,
          "end": 9.06,
          "confidence": 0.989
        },
        {
          "text": "हम",
          "start": 9.06,
          "end": 9.38,
          "confidence": 0.995
        },
        {
          "text": "सभी",
          "start": 9.38,
          "end": 9.96,
          "confidence": 0.995
        },
        {
          "text": "रिपोर्टर",
          "start": 9.96,
          "end": 10.68,
          "confidence": 0.991
        },
        {
          "text": "एवं",
          "start": 10.68,
          "end": 11.06,
          "confidence": 0.89
        },
        {
          "text": "वालंटियर",
          "start": 11.06,
          "end": 11.8,
          "confidence": 0.849
        },
        {
          "text": "बिहार",
          "start": 11.8,
          "end": 12.28,
          "confidence": 0.988
        },
        {
          "text": "मोबाइल",
          "start": 12.28,
          "end": 12.54,
          "confidence": 0.982
        },
        {
          "text": "वाणी",
          "start": 12.54,
          "end": 12.68,
          "confidence": 0.991
        },
        {
          "text": "के",
          "start": 12.68,
          "end": 12.9,
          "confidence": 0.984
        },
        {
          "text": "माध्यम",
          "start": 12.9,
          "end": 13.14,
          "confidence": 0.999
        },
        {
          "text": "ऐसी",
          "start": 13.14,
          "end": 13.36,
          "confidence": 0.991
        }
      ]
    }
  ],
  "language": "hi"
}