{
  "text": "विकास के लिए शराब बूंदी एक बड़ा कदम है इस मौके पर जिला अध्यक्ष संकट चौधरी जडीयू नेता",
  "segments": [
    {
      "id": 0,
      "seek": 0,
      "start": 0.0,
      "end": 6.62,
      "text": "विकास के लिए शराब बूंदी एक बड़ा कदम है इस मौके पर जिला अध्यक्ष संकट चौधरी जडीयू नेता",
      "tokens": [
        50364,
        3941,
        113,
        33279,
        41858,
        17937,
        45938,
        31970,
        21981,
        8485,
        110,
        33279,
        3941,
        237,
        8485,
        114,
        25411,
        17937,
        3941,
        105,
        8485,
        105,
        8703,
        224,
        31945,
        3941,
        99,
        31881,
        8485,
        237,
        41858,
        8485,
        105,
        8703,
        250,
        17937,
        31970,
        3941,
        99,
        48521,
        37139,
        43372,
        8485,
        229,
        45938,
        48449,
        8703,
        234,
        41858,
        21981,
        8485,
        103,
        25411,
        8485,
        250,
        33279,
        46758,
        17937,
        8485,
        227,
        3941,
        100,
        27099,
        48268,
        41858,
        27099,
        3941,
        115,
        49316,
        31945,
        41858,
        3941,
        253,
        8485,
        248,
        8703,
        234,
        3941,
        100,
        25411,
        31881,
        8485,
        250,
        3941,
        94,
        31881,
        48268,
        8703,
        224,
        8485,
        101,
        21981,
        36158,
        17937
      ],
      "temperature": 0.0,
      "avg_logprob": -0.12772694637900905,
      "compression_ratio": 1.5693430656934306,
      "no_speech_prob": 1.0597842143932453e-18,
      "confidence": 0.897,
      "words": [
        {
          "text": "विकास",
          "start": 0.0,
          "end": 0.54,
          "confidence": 0.884
        },
        {
          "text": "के",
          "start": 0.54,
          "end": 0.86,
          "confidence": 0.966
        },
        {
          "text": "लिए",
          "start": 0.86,
          "end": 0.92,
          "confidence": 0.994
        },
        {
          "text": "शराब",
          "start": 0.92,
          "end": 1.26,
          "confidence": 0.988
        },
        {
          "text": "बूंदी",
          "start": 1.26,
          "end": 1.62,
          "confidence": 0.839
        },
        {
          "text": "एक",
          "start": 1.62,
          "end": 1.94,
          "confidence": 0.971
        },
        {
          "text": "बड़ा",
          "start": 1.94,
          "end": 2.28,
          "confidence": 0.951
        },
        {
          "text": "कदम",
          "start": 2.28,
          "end": 2.54,
          "confidence": 0.981
        },
        {
          "text": "है",
          "start": 2.54,
          "end": 2.78,
          "confidence": 0.975
        },
        {
          "text": "इस",
          "start": 2.78,
          "end": 3.02,
          "confidence": 0.853
        },
        {
          "text": "मौके",
          "start": 3.02,
          "end": 3.34,
          "confidence": 0.994
        },
        {
          "text": "पर",
          "start": 3.34,
          "end": 3.36,
          "confidence": 0.77
        },
        {
          "text": "जिला",
          "start": 3.36,
          "end": 4.72,
          "confidence": 0.942
        },
        {
          "text": "अध्यक्ष",
          "start": 4.72,
          "end": 5.08,
          "confidence": 0.982
        },
        {
          "text": "संकट",
          "start": 5.08,
          "end": 5.56,
          "confidence": 0.791
        },
        {
          "text": "चौधरी",
          "start": 5.56,
          "end": 5.88,
          "confidence": 0.973
        },
        {
          "text": "जडीयू",
          "start": 5.88,
          "end": 6.24,
          "confidence": 0.606
        },
        {
          "text": "नेता",
          "start": 6.24,
          "end": 6.62,
          "confidence": 0.98
        }
      ]
    }
  ],
  "language": "hi"
}