{
  "text": "दवा की जरुरत पर दवा मिलती नहीं और जब दवा और डॉक्टर नहीं तो फिर किसानों का पतलू जहाँ आना बेकार की बात होगी और यहाँ पर लोग नहीं आते",
  "segments": [
    {
      "id": 0,
      "seek": 0,
      "start": 0.0,
      "end": 10.34,
      "text": "दवा की जरुरत पर दवा मिलती नहीं और जब दवा और डॉक्टर नहीं तो फिर किसानों का पतलू जहाँ आना बेकार की बात होगी और यहाँ पर लोग नहीं आते",
      "tokens": [
        50380,
        3941,
        99,
        3941,
        113,
        17937,
        31970,
        31881,
        8485,
        250,
        25411,
        8703,
        223,
        25411,
        36158,
        8485,
        103,
        25411,
        8485,
        99,
        3941,
        113,
        17937,
        48449,
        33279,
        46758,
        36158,
        31881,
        8485,
        101,
        44500,
        31881,
        31945,
        8485,
        242,
        25411,
        8485,
        250,
        3941,
        105,
        8485,
        99,
        3941,
        113,
        17937,
        8485,
        242,
        25411,
        8485,
        94,
        8703,
        231,
        41858,
        27099,
        3941,
        253,
        25411,
        8485,
        101,
        44500,
        31881,
        31945,
        8485,
        97,
        33926,
        8485,
        104,
        33279,
        25411,
        31970,
        33279,
        45938,
        17937,
        35082,
        33926,
        31945,
        31970,
        17937,
        8485,
        103,
        36158,
        46758,
        8703,
        224,
        8485,
        250,
        44500,
        17937,
        3941,
        223,
        8485,
        228,
        35082,
        17937,
        8485,
        105,
        21981,
        41858,
        17937,
        25411,
        31970,
        31881,
        8485,
        105,
        17937,
        36158,
        37139,
        33926,
        3941,
        245,
        31881,
        8485,
        242,
        25411,
        8485,
        107,
        44500,
        17937,
        3941,
        223,
        8485,
        103,
        25411,
        8485,
        110,
        33926,
        3941,
        245,
        8485,
        101,
        44500,
        31881,
        31945,
        8485,
        228,
        36158,
        21981
      ],
      "temperature": 0.0,
      "avg_logprob": -0.09043973425160283,
      "compression_ratio": 2.01840490797546,
      "no_speech_prob": 3.3520569946068196e-14,
      "confidence": 0.934,
      "words": [
        {
          "text": "दवा",
          "start": 0.0,
          "end": 0.58,
          "confidence": 0.968
        },
        {
          "text": "की",
          "start": 0.58,
          "end": 0.8,
          "confidence": 0.953
        },
        {
          "text": "जरुरत",
          "start": 0.8,
          "end": 1.18,
          "confidence": 0.857
        },
        {
          "text": "पर",
          "start": 1.18,
          "end": 1.3,
          "confidence": 0.899
        },
        {
          "text": "दवा",
          "start": 1.3,
          "end": 1.52,
          "confidence": 0.991
        },
        {
          "text": "मिलती",
          "start": 1.52,
          "end": 1.92,
          "confidence": 0.984
        },
        {
          "text": "नहीं",
          "start": 1.92,
          "end": 2.52,
          "confidence": 0.96
        },
        {
          "text": "और",
          "start": 2.52,
          "end": 2.72,
          "confidence": 0.973
        },
        {
          "text": "जब",
          "start": 2.72,
          "end": 2.94,
          "confidence": 0.98
        },
        {
          "text": "दवा",
          "start": 2.94,
          "end": 3.3,
          "confidence": 0.988
        },
        {
          "text": "और",
          "start": 3.3,
          "end": 3.72,
          "confidence": 0.973
        },
        {
          "text": "डॉक्टर",
          "start": 3.72,
          "end": 3.9,
          "confidence": 0.993
        },
        {
          "text": "नहीं",
          "start": 3.9,
          "end": 4.3,
          "confidence": 0.989
        },
        {
          "text": "तो",
          "start": 4.3,
          "end": 4.36,
          "confidence": 0.981
        },
        {
          "text": "फिर",
          "start": 4.36,
          "end": 4.72,
          "confidence": 0.97
        },
        {
          "text": "किसानों",
          "start": 4.72,
          "end": 5.74,
          "confidence": 0.98
        },
        {
          "text": "का",
          "start": 5.74,
          "end": 5.96,
          "confidence": 0.97
        },
        {
          "text": "पतलू",
          "start": 5.96,
          "end": 6.36,
          "confidence": 0.536
        },
        {
          "text": "जहाँ",
          "start": 6.36,
          "end": 6.6,
          "confidence": 0.847
        },
        {
          "text": "आना",
          "start": 6.6,
          "end": 6.86,
          "confidence": 0.986
        },
        {
          "text": "बेकार",
          "start": 6.86,
          "end": 7.82,
          "confidence": 0.938
        },
        {
          "text": "की",
          "start": 7.82,
          "end": 8.02,
          "confidence": 0.987
        },
        {
          "text": "बात",
          "start": 8.02,
          "end": 8.26,
          "confidence": 0.994
        },
        {
          "text": "होगी",
          "start": 8.26,
          "end": 8.44,
          "confidence": 0.971
        },
        {
          "text": "और",
          "start": 8.44,
          "end": 9.02,
          "confidence": 0.972
        },
        {
          "text": "यहाँ",
          "start": 9.02,
          "end": 9.48,
          "confidence": 0.955
        },
        {
          "text": "पर",
          "start": 9.48,
          "end": 9.64,
          "confidence": 0.857
        },
        {
          "text": "लोग",
          "start": 9.64,
          "end": 9.94,
          "confidence": 0.972
        },
        {
          "text": "नहीं",
          "start": 9.94,
          "end": 10.32,
          "confidence": 0.989
        },
        {
          "text": "आते",
          "start": 10.32,
          "end": 10.34,
          "confidence": 0.972
        }
      ]
    }
  ],
  "language": "hi"
}