{
  "text": "ये कुशल प्रतिभागियों को दिया मौके आरोप दर्जनों सदस्यों ने भाग लिया एवं प्रतिभागियों पर अपने विचार लिखित रूप ऐसी जमा किया जैसे में राधू राय मोहरा धनबाद ऐसी धन्यवाद",
  "segments": [
    {
      "id": 0,
      "seek": 0,
      "start": 0.0,
      "end": 10.46,
      "text": "ये कुशल प्रतिभागियों को दिया मौके आरोप दर्जनों सदस्यों ने भाग लिया एवं प्रतिभागियों पर अपने विचार लिखित रूप ऐसी जमा किया जैसे में राधू राय मोहरा धनबाद ऐसी धन्यवाद",
      "tokens": [
        50364,
        48268,
        21981,
        31970,
        8703,
        223,
        3941,
        114,
        46758,
        8485,
        103,
        27099,
        25411,
        36158,
        33279,
        3941,
        255,
        17937,
        3941,
        245,
        33279,
        48268,
        33926,
        31945,
        31970,
        33926,
        8485,
        99,
        33279,
        48268,
        17937,
        48449,
        8703,
        234,
        41858,
        21981,
        8485,
        228,
        25411,
        33926,
        3941,
        103,
        8485,
        99,
        25411,
        27099,
        3941,
        250,
        35082,
        33926,
        31945,
        49316,
        3941,
        99,
        45938,
        27099,
        48268,
        33926,
        31945,
        8485,
        101,
        21981,
        8485,
        255,
        17937,
        3941,
        245,
        8485,
        110,
        33279,
        48268,
        17937,
        8485,
        237,
        3941,
        113,
        31945,
        8485,
        103,
        27099,
        25411,
        36158,
        33279,
        3941,
        255,
        17937,
        3941,
        245,
        33279,
        48268,
        33926,
        31945,
        8485,
        103,
        25411,
        8485,
        227,
        3941,
        103,
        35082,
        21981,
        8485,
        113,
        33279,
        3941,
        248,
        17937,
        25411,
        8485,
        110,
        33279,
        3941,
        244,
        33279,
        36158,
        8485,
        108,
        8703,
        224,
        3941,
        103,
        8485,
        238,
        45938,
        31881,
        8485,
        250,
        48521,
        17937,
        31970,
        33279,
        48268,
        17937,
        8485,
        250,
        43372,
        45938,
        21981,
        48449,
        21981,
        31945,
        8485,
        108,
        17937,
        3941,
        100,
        8703,
        224,
        8485,
        108,
        17937,
        48268,
        48449,
        33926,
        44500,
        25411,
        17937,
        8485,
        100,
        35082,
        3941,
        105,
        17937,
        3941,
        99,
        8485,
        238,
        45938,
        31881,
        8485,
        100,
        35082,
        27099,
        48268,
        3941,
        113,
        17937,
        3941,
        99
      ],
      "temperature": 0.0,
      "avg_logprob": -0.12456561194525825,
      "compression_ratio": 2.2176165803108807,
      "no_speech_prob": 1.3735014644730703e-13,
      "confidence": 0.893,
      "words": [
        {
          "text": "ये",
          "start": 0.0,
          "end": 0.62,
          "confidence": 0.543
        },
        {
          "text": "कुशल",
          "start": 0.62,
          "end": 0.96,
          "confidence": 0.925
        },
        {
          "text": "प्रतिभागियों",
          "start": 0.96,
          "end": 2.22,
          "confidence": 0.921
        },
        {
          "text": "को",
          "start": 2.22,
          "end": 2.24,
          "confidence": 0.986
        },
        {
          "text": "दिया",
          "start": 2.24,
          "end": 2.56,
          "confidence": 0.989
        },
        {
          "text": "मौके",
          "start": 2.56,
          "end": 3.26,
          "confidence": 0.988
        },
        {
          "text": "आरोप",
          "start": 3.26,
          "end": 3.46,
          "confidence": 0.895
        },
        {
          "text": "दर्जनों",
          "start": 3.46,
          "end": 4.04,
          "confidence": 0.97
        },
        {
          "text": "सदस्यों",
          "start": 4.04,
          "end": 4.48,
          "confidence": 0.896
        },
        {
          "text": "ने",
          "start": 4.48,
          "end": 4.5,
          "confidence": 0.988
        },
        {
          "text": "भाग",
          "start": 4.5,
          "end": 4.82,
          "confidence": 0.876
        },
        {
          "text": "लिया",
          "start": 4.82,
          "end": 4.84,
          "confidence": 0.992
        },
        {
          "text": "एवं",
          "start": 4.84,
          "end": 5.18,
          "confidence": 0.856
        },
        {
          "text": "प्रतिभागियों",
          "start": 5.18,
          "end": 6.06,
          "confidence": 0.827
        },
        {
          "text": "पर",
          "start": 6.06,
          "end": 6.08,
          "confidence": 0.712
        },
        {
          "text": "अपने",
          "start": 6.08,
          "end": 6.64,
          "confidence": 0.979
        },
        {
          "text": "विचार",
          "start": 6.64,
          "end": 7.04,
          "confidence": 0.994
        },
        {
          "text": "लिखित",
          "start": 7.04,
          "end": 7.46,
          "confidence": 0.989
        },
        {
          "text": "रूप",
          "start": 7.46,
          "end": 7.54,
          "confidence": 0.994
        },
        {
          "text": "ऐसी",
          "start": 7.54,
          "end": 7.76,
          "confidence": 0.936
        },
        {
          "text": "जमा",
          "start": 7.76,
          "end": 7.96,
          "confidence": 0.919
        },
        {
          "text": "किया",
          "start": 7.96,
          "end": 8.32,
          "confidence": 0.984
        },
        {
          "text": "जैसे",
          "start": 8.32,
          "end": 8.7,
          "confidence": 0.595
        },
        {
          "text": "में",
          "start": 8.7,
          "end": 9.04,
          "confidence": 0.668
        },
        {
          "text": "राधू",
          "start": 9.04,
          "end": 9.24,
          "confidence": 0.923
        },
        {
          "text": "राय",
          "start": 9.24,
          "end": 9.4,
          "confidence": 0.814
        },
        {
          "text": "मोहरा",
          "start": 9.4,
          "end": 9.74,
          "confidence": 0.545
        },
        {
          "text": "धनबाद",
          "start": 9.74,
          "end": 9.98,
          "confidence": 0.949
        },
        {
          "text": "ऐसी",
          "start": 9.98,
          "end": 10.14,
          "confidence": 0.988
        },
        {
          "text": "धन्यवाद",
          "start": 10.14,
          "end": 10.46,
          "confidence": 0.982
        }
      ]
    }
  ],
  "language": "hi"
}