{
  "text": "लेकिन उस वहाँ आकर नीचे उतरने का अभी तक कोई रास्ता नहीं गया है वहाँ पे बहुत झाड़ जोड़ रहता है इसीलिए मैं ग्राम वाणी के द्वारा सरकार ऐसी अनुवोद करना चाहता हूँ",
  "segments": [
    {
      "id": 0,
      "seek": 0,
      "start": 0.0,
      "end": 10.66,
      "text": "लेकिन उस वहाँ आकर नीचे उतरने का अभी तक कोई रास्ता नहीं गया है वहाँ पे बहुत झाड़ जोड़ रहता है इसीलिए मैं ग्राम वाणी के द्वारा सरकार ऐसी अनुवोद करना चाहता हूँ",
      "tokens": [
        50364,
        46758,
        21981,
        41858,
        33279,
        35082,
        8485,
        231,
        45938,
        8485,
        113,
        44500,
        17937,
        3941,
        223,
        8485,
        228,
        41858,
        25411,
        8485,
        101,
        31881,
        3941,
        248,
        21981,
        8485,
        231,
        36158,
        25411,
        35082,
        21981,
        31970,
        17937,
        8485,
        227,
        3941,
        255,
        31881,
        8485,
        97,
        41858,
        31970,
        33926,
        3941,
        230,
        8485,
        108,
        17937,
        45938,
        27099,
        36158,
        17937,
        8485,
        101,
        44500,
        31881,
        31945,
        8485,
        245,
        48268,
        17937,
        37139,
        43372,
        8485,
        113,
        44500,
        17937,
        3941,
        223,
        8485,
        103,
        21981,
        8485,
        105,
        44500,
        8703,
        223,
        36158,
        8485,
        251,
        17937,
        8703,
        250,
        8485,
        250,
        33926,
        8703,
        250,
        8485,
        108,
        44500,
        36158,
        17937,
        37139,
        43372,
        8485,
        229,
        45938,
        31881,
        46758,
        33279,
        3941,
        237,
        48449,
        43372,
        31945,
        8485,
        245,
        27099,
        25411,
        17937,
        48521,
        8485,
        113,
        17937,
        3941,
        96,
        31881,
        31970,
        21981,
        8485,
        99,
        27099,
        3941,
        113,
        17937,
        25411,
        17937,
        49316,
        25411,
        41858,
        17937,
        25411,
        8485,
        238,
        45938,
        31881,
        8485,
        227,
        35082,
        8703,
        223,
        3941,
        113,
        33926,
        3941,
        99,
        31970,
        25411,
        35082,
        17937,
        8485,
        248,
        17937,
        44500,
        36158,
        17937,
        37139,
        8703,
        224,
        3941,
        223
      ],
      "temperature": 0.0,
      "avg_logprob": -0.08938093711993446,
      "compression_ratio": 2.0306122448979593,
      "no_speech_prob": 1.3172273737255616e-14,
      "confidence": 0.926,
      "words": [
        {
          "text": "लेकिन",
          "start": 0.0,
          "end": 0.56,
          "confidence": 0.992
        },
        {
          "text": "उस",
          "start": 0.56,
          "end": 1.36,
          "confidence": 0.743
        },
        {
          "text": "वहाँ",
          "start": 1.36,
          "end": 1.54,
          "confidence": 0.731
        },
        {
          "text": "आकर",
          "start": 1.54,
          "end": 1.56,
          "confidence": 0.764
        },
        {
          "text": "नीचे",
          "start": 1.56,
          "end": 1.92,
          "confidence": 0.936
        },
        {
          "text": "उतरने",
          "start": 1.92,
          "end": 2.46,
          "confidence": 0.964
        },
        {
          "text": "का",
          "start": 2.46,
          "end": 2.52,
          "confidence": 0.968
        },
        {
          "text": "अभी",
          "start": 2.52,
          "end": 2.94,
          "confidence": 0.941
        },
        {
          "text": "तक",
          "start": 2.94,
          "end": 2.96,
          "confidence": 0.981
        },
        {
          "text": "कोई",
          "start": 2.96,
          "end": 3.32,
          "confidence": 0.88
        },
        {
          "text": "रास्ता",
          "start": 3.32,
          "end": 3.64,
          "confidence": 0.977
        },
        {
          "text": "नहीं",
          "start": 3.64,
          "end": 3.9,
          "confidence": 0.966
        },
        {
          "text": "गया",
          "start": 3.9,
          "end": 4.32,
          "confidence": 0.816
        },
        {
          "text": "है",
          "start": 4.32,
          "end": 4.56,
          "confidence": 0.991
        },
        {
          "text": "वहाँ",
          "start": 4.56,
          "end": 4.96,
          "confidence": 0.938
        },
        {
          "text": "पे",
          "start": 4.96,
          "end": 4.98,
          "confidence": 0.781
        },
        {
          "text": "बहुत",
          "start": 4.98,
          "end": 5.66,
          "confidence": 0.979
        },
        {
          "text": "झाड़",
          "start": 5.66,
          "end": 5.68,
          "confidence": 0.877
        },
        {
          "text": "जोड़",
          "start": 5.68,
          "end": 5.98,
          "confidence": 0.864
        },
        {
          "text": "रहता",
          "start": 5.98,
          "end": 6.32,
          "confidence": 0.98
        },
        {
          "text": "है",
          "start": 6.32,
          "end": 6.94,
          "confidence": 0.998
        },
        {
          "text": "इसीलिए",
          "start": 6.94,
          "end": 7.48,
          "confidence": 0.948
        },
        {
          "text": "मैं",
          "start": 7.48,
          "end": 7.76,
          "confidence": 0.8
        },
        {
          "text": "ग्राम",
          "start": 7.76,
          "end": 8.06,
          "confidence": 0.973
        },
        {
          "text": "वाणी",
          "start": 8.06,
          "end": 8.22,
          "confidence": 0.927
        },
        {
          "text": "के",
          "start": 8.22,
          "end": 8.52,
          "confidence": 0.931
        },
        {
          "text": "द्वारा",
          "start": 8.52,
          "end": 8.74,
          "confidence": 0.998
        },
        {
          "text": "सरकार",
          "start": 8.74,
          "end": 9.12,
          "confidence": 0.986
        },
        {
          "text": "ऐसी",
          "start": 9.12,
          "end": 9.32,
          "confidence": 0.908
        },
        {
          "text": "अनुवोद",
          "start": 9.32,
          "end": 9.68,
          "confidence": 0.938
        },
        {
          "text": "करना",
          "start": 9.68,
          "end": 10.04,
          "confidence": 0.981
        },
        {
          "text": "चाहता",
          "start": 10.04,
          "end": 10.4,
          "confidence": 0.997
        },
        {
          "text": "हूँ",
          "start": 10.4,
          "end": 10.66,
          "confidence": 0.998
        }
      ]
    }
  ],
  "language": "hi"
}