{
  "text": "नमस्कार मई रूपा देवी झारखण्ड ऐसी मई रिबस्ती ऐसी मई ने अभी चैनल खुला खुला की बाड़ी एवं शोषण जो बच्चे के साथ खुल रहे है उसमे माता पिता का भी बहुत बड़ा हाथ रहता है योगदान रहता है क्यूँकी बहुत सारे बच्चे ऐसे है की",
  "segments": [
    {
      "id": 0,
      "seek": 0,
      "start": 0.0,
      "end": 29.98,
      "text": "नमस्कार मई रूपा देवी झारखण्ड ऐसी मई रिबस्ती ऐसी मई ने अभी चैनल खुला खुला की बाड़ी एवं शोषण जो बच्चे के साथ खुल रहे है उसमे माता पिता का भी बहुत बड़ा हाथ रहता है योगदान रहता है क्यूँकी बहुत सारे बच्चे ऐसे है की",
      "tokens": [
        50364,
        35082,
        48521,
        45938,
        27099,
        41858,
        17937,
        25411,
        48449,
        3941,
        230,
        8485,
        108,
        8703,
        224,
        3941,
        103,
        17937,
        8485,
        99,
        21981,
        3941,
        113,
        31881,
        8485,
        251,
        17937,
        25411,
        3941,
        244,
        3941,
        96,
        27099,
        3941,
        94,
        8485,
        238,
        45938,
        31881,
        48449,
        3941,
        230,
        8485,
        108,
        33279,
        3941,
        105,
        45938,
        27099,
        36158,
        31881,
        8485,
        238,
        45938,
        31881,
        48449,
        3941,
        230,
        8485,
        101,
        21981,
        8485,
        227,
        3941,
        255,
        31881,
        8485,
        248,
        43372,
        35082,
        46758,
        8485,
        244,
        8703,
        223,
        46758,
        17937,
        8485,
        244,
        8703,
        223,
        46758,
        17937,
        31970,
        31881,
        8485,
        105,
        17937,
        8703,
        250,
        31881,
        8485,
        237,
        3941,
        113,
        31945,
        8485,
        114,
        33926,
        3941,
        115,
        3941,
        96,
        8485,
        250,
        33926,
        8485,
        105,
        3941,
        248,
        27099,
        3941,
        248,
        21981,
        31970,
        21981,
        49316,
        17937,
        3941,
        98,
        8485,
        244,
        8703,
        223,
        46758,
        8485,
        108,
        44500,
        21981,
        37139,
        43372,
        8485,
        231,
        45938,
        48521,
        21981,
        48449,
        17937,
        36158,
        17937,
        8485,
        103,
        33279,
        36158,
        17937,
        31970,
        17937,
        8485,
        255,
        31881,
        8485,
        105,
        44500,
        8703,
        223,
        36158,
        8485,
        105,
        8703,
        250,
        17937,
        37139,
        17937,
        3941,
        98,
        8485,
        108,
        44500,
        36158,
        17937,
        37139,
        43372,
        8485,
        107,
        33926,
        3941,
        245,
        3941,
        99,
        17937,
        35082,
        8485,
        108,
        44500,
        36158,
        17937,
        37139,
        43372,
        31970,
        27099,
        48268,
        8703,
        224,
        3941,
        223,
        41858,
        31881,
        8485,
        105,
        44500,
        8703,
        223,
        36158,
        49316,
        17937,
        25411,
        21981,
        8485,
        105,
        3941,
        248,
        27099,
        3941,
        248,
        21981,
        8485,
        238,
        45938,
        21981,
        37139,
        43372,
        31970,
        31881
      ],
      "temperature": 0.0,
      "avg_logprob": -0.127802346433912,
      "compression_ratio": 2.278969957081545,
      "no_speech_prob": 1.9934149613647957e-15,
      "confidence": 0.891,
      "words": [
        {
          "text": "नमस्कार",
          "start": 0.0,
          "end": 0.98,
          "confidence": 0.997
        },
        {
          "text": "मई",
          "start": 0.98,
          "end": 1.0,
          "confidence": 0.765
        },
        {
          "text": "रूपा",
          "start": 1.0,
          "end": 1.5,
          "confidence": 0.945
        },
        {
          "text": "देवी",
          "start": 1.5,
          "end": 1.64,
          "confidence": 0.927
        },
        {
          "text": "झारखण्ड",
          "start": 1.64,
          "end": 2.32,
          "confidence": 0.968
        },
        {
          "text": "ऐसी",
          "start": 2.32,
          "end": 2.6,
          "confidence": 0.979
        },
        {
          "text": "मई",
          "start": 2.6,
          "end": 2.78,
          "confidence": 0.733
        },
        {
          "text": "रिबस्ती",
          "start": 2.78,
          "end": 3.32,
          "confidence": 0.538
        },
        {
          "text": "ऐसी",
          "start": 3.32,
          "end": 3.66,
          "confidence": 0.991
        },
        {
          "text": "मई",
          "start": 3.66,
          "end": 4.02,
          "confidence": 0.938
        },
        {
          "text": "ने",
          "start": 4.02,
          "end": 4.04,
          "confidence": 0.708
        },
        {
          "text": "अभी",
          "start": 4.04,
          "end": 4.26,
          "confidence": 0.966
        },
        {
          "text": "चैनल",
          "start": 4.26,
          "end": 4.64,
          "confidence": 0.831
        },
        {
          "text": "खुला",
          "start": 4.64,
          "end": 4.92,
          "confidence": 0.86
        },
        {
          "text": "खुला",
          "start": 4.92,
          "end": 5.28,
          "confidence": 0.755
        },
        {
          "text": "की",
          "start": 5.28,
          "end": 5.66,
          "confidence": 0.696
        },
        {
          "text": "बाड़ी",
          "start": 5.66,
          "end": 5.88,
          "confidence": 0.688
        },
        {
          "text": "एवं",
          "start": 5.88,
          "end": 6.18,
          "confidence": 0.932
        },
        {
          "text": "शोषण",
          "start": 6.18,
          "end": 6.66,
          "confidence": 0.895
        },
        {
          "text": "जो",
          "start": 6.66,
          "end": 7.32,
          "confidence": 0.932
        },
        {
          "text": "बच्चे",
          "start": 7.32,
          "end": 7.46,
          "confidence": 0.872
        },
        {
          "text": "के",
          "start": 7.46,
          "end": 7.62,
          "confidence": 0.953
        },
        {
          "text": "साथ",
          "start": 7.62,
          "end": 7.84,
          "confidence": 0.978
        },
        {
          "text": "खुल",
          "start": 7.84,
          "end": 8.08,
          "confidence": 0.837
        },
        {
          "text": "रहे",
          "start": 8.08,
          "end": 8.26,
          "confidence": 0.902
        },
        {
          "text": "है",
          "start": 8.26,
          "end": 8.74,
          "confidence": 0.971
        },
        {
          "text": "उसमे",
          "start": 8.74,
          "end": 9.26,
          "confidence": 0.869
        },
        {
          "text": "माता",
          "start": 9.26,
          "end": 9.82,
          "confidence": 0.994
        },
        {
          "text": "पिता",
          "start": 9.82,
          "end": 9.88,
          "confidence": 0.995
        },
        {
          "text": "का",
          "start": 9.88,
          "end": 10.3,
          "confidence": 0.986
        },
        {
          "text": "भी",
          "start": 10.3,
          "end": 10.34,
          "confidence": 0.967
        },
        {
          "text": "बहुत",
          "start": 10.34,
          "end": 10.78,
          "confidence": 0.991
        },
        {
          "text": "बड़ा",
          "start": 10.78,
          "end": 11.14,
          "confidence": 0.98
        },
        {
          "text": "हाथ",
          "start": 11.14,
          "end": 11.52,
          "confidence": 0.819
        },
        {
          "text": "रहता",
          "start": 11.52,
          "end": 11.82,
          "confidence": 0.977
        },
        {
          "text": "है",
          "start": 11.82,
          "end": 12.06,
          "confidence": 0.988
        },
        {
          "text": "योगदान",
          "start": 12.06,
          "end": 12.46,
          "confidence": 0.99
        },
        {
          "text": "रहता",
          "start": 12.46,
          "end": 12.82,
          "confidence": 0.994
        },
        {
          "text": "है",
          "start": 12.82,
          "end": 13.02,
          "confidence": 0.991
        },
        {
          "text": "क्यूँकी",
          "start": 13.02,
          "end": 13.16,
          "confidence": 0.923
        },
        {
          "text": "बहुत",
          "start": 13.16,
          "end": 13.7,
          "confidence": 0.991
        },
        {
          "text": "सारे",
          "start": 13.7,
          "end": 13.98,
          "confidence": 0.663
        },
        {
          "text": "बच्चे",
          "start": 13.98,
          "end": 14.32,
          "confidence": 0.969
        },
        {
          "text": "ऐसे",
          "start": 14.32,
          "end": 14.56,
          "confidence": 0.979
        },
        {
          "text": "है",
          "start": 14.56,
          "end": 14.7,
          "confidence": 0.987
        },
        {
          "text": "की",
          "start": 14.7,
          "end": 14.76,
          "confidence": 0.9
        },
        {
          "text": "",
          "start": 14.76,
          "end": 29.98,
          "confidence": 0.997
        }
      ]
    }
  ],
  "language": "hi"
}