{
  "text": "बिहार मोबाइल वाणी के साथ मैं संतोष कुमार मंडल मधुबनी जिला खुटौना ऐसी सावधानी हटी दुर्घटना घटी रेलवे की रेलवे बड़े काम में आता है लेकिन जो व्यक्ति",
  "segments": [
    {
      "id": 0,
      "seek": 0,
      "start": 0.0,
      "end": 10.38,
      "text": "बिहार मोबाइल वाणी के साथ मैं संतोष कुमार मंडल मधुबनी जिला खुटौना ऐसी सावधानी हटी दुर्घटना घटी रेलवे की रेलवे बड़े काम में आता है लेकिन जो व्यक्ति",
      "tokens": [
        50364,
        3941,
        105,
        33279,
        44500,
        17937,
        25411,
        48449,
        33926,
        3941,
        105,
        17937,
        3941,
        229,
        46758,
        8485,
        113,
        17937,
        3941,
        96,
        31881,
        31970,
        21981,
        49316,
        17937,
        3941,
        98,
        48449,
        43372,
        31945,
        49316,
        31945,
        36158,
        33926,
        3941,
        115,
        31970,
        8703,
        223,
        48521,
        17937,
        25411,
        48449,
        31945,
        3941,
        94,
        46758,
        48449,
        3941,
        100,
        8703,
        223,
        3941,
        105,
        35082,
        31881,
        8485,
        250,
        33279,
        46758,
        17937,
        8485,
        244,
        8703,
        223,
        3941,
        253,
        8703,
        234,
        35082,
        17937,
        8485,
        238,
        45938,
        31881,
        49316,
        17937,
        3941,
        113,
        3941,
        100,
        17937,
        35082,
        31881,
        37139,
        3941,
        253,
        31881,
        8485,
        99,
        8703,
        223,
        25411,
        27099,
        3941,
        246,
        3941,
        253,
        35082,
        17937,
        8485,
        246,
        3941,
        253,
        31881,
        8485,
        108,
        21981,
        46758,
        3941,
        113,
        21981,
        31970,
        31881,
        8485,
        108,
        21981,
        46758,
        3941,
        113,
        21981,
        8485,
        105,
        8703,
        250,
        21981,
        31970,
        17937,
        48521,
        48449,
        21981,
        31945,
        8485,
        228,
        36158,
        17937,
        37139,
        43372,
        8485,
        110,
        21981,
        41858,
        33279,
        35082,
        8485,
        250,
        33926,
        8485,
        113,
        27099,
        48268,
        41858,
        27099,
        36158,
        33279
      ],
      "temperature": 0.0,
      "avg_logprob": -0.0773014105283297,
      "compression_ratio": 2.0106382978723403,
      "no_speech_prob": 3.2488535262254663e-15,
      "confidence": 0.942,
      "words": [
        {
          "text": "बिहार",
          "start": 0.0,
          "end": 0.62,
          "confidence": 0.982
        },
        {
          "text": "मोबाइल",
          "start": 0.62,
          "end": 0.92,
          "confidence": 0.977
        },
        {
          "text": "वाणी",
          "start": 0.92,
          "end": 1.12,
          "confidence": 0.977
        },
        {
          "text": "के",
          "start": 1.12,
          "end": 1.42,
          "confidence": 0.977
        },
        {
          "text": "साथ",
          "start": 1.42,
          "end": 1.56,
          "confidence": 0.993
        },
        {
          "text": "मैं",
          "start": 1.56,
          "end": 1.74,
          "confidence": 0.721
        },
        {
          "text": "संतोष",
          "start": 1.74,
          "end": 2.2,
          "confidence": 0.994
        },
        {
          "text": "कुमार",
          "start": 2.2,
          "end": 2.98,
          "confidence": 0.98
        },
        {
          "text": "मंडल",
          "start": 2.98,
          "end": 3.0,
          "confidence": 0.987
        },
        {
          "text": "मधुबनी",
          "start": 3.0,
          "end": 3.58,
          "confidence": 0.979
        },
        {
          "text": "जिला",
          "start": 3.58,
          "end": 3.84,
          "confidence": 0.988
        },
        {
          "text": "खुटौना",
          "start": 3.84,
          "end": 4.24,
          "confidence": 0.955
        },
        {
          "text": "ऐसी",
          "start": 4.24,
          "end": 4.6,
          "confidence": 0.795
        },
        {
          "text": "सावधानी",
          "start": 4.6,
          "end": 5.24,
          "confidence": 0.988
        },
        {
          "text": "हटी",
          "start": 5.24,
          "end": 5.76,
          "confidence": 0.931
        },
        {
          "text": "दुर्घटना",
          "start": 5.76,
          "end": 6.54,
          "confidence": 0.992
        },
        {
          "text": "घटी",
          "start": 6.54,
          "end": 6.96,
          "confidence": 0.895
        },
        {
          "text": "रेलवे",
          "start": 6.96,
          "end": 7.7,
          "confidence": 0.983
        },
        {
          "text": "की",
          "start": 7.7,
          "end": 8.0,
          "confidence": 0.835
        },
        {
          "text": "रेलवे",
          "start": 8.0,
          "end": 8.18,
          "confidence": 0.744
        },
        {
          "text": "बड़े",
          "start": 8.18,
          "end": 8.76,
          "confidence": 0.763
        },
        {
          "text": "काम",
          "start": 8.76,
          "end": 9.12,
          "confidence": 0.909
        },
        {
          "text": "में",
          "start": 9.12,
          "end": 9.18,
          "confidence": 0.96
        },
        {
          "text": "आता",
          "start": 9.18,
          "end": 9.42,
          "confidence": 0.982
        },
        {
          "text": "है",
          "start": 9.42,
          "end": 9.7,
          "confidence": 0.98
        },
        {
          "text": "लेकिन",
          "start": 9.7,
          "end": 9.78,
          "confidence": 0.962
        },
        {
          "text": "जो",
          "start": 9.78,
          "end": 10.06,
          "confidence": 0.987
        },
        {
          "text": "व्यक्ति",
          "start": 10.06,
          "end": 10.38,
          "confidence": 0.995
        }
      ]
    }
  ],
  "language": "hi"
}