{
  "text": " एक आपको प्रस्टेश्ट करने के बारे में प्रस्टेश्ट करने के बारे में प्रस्टेश्ट करने के बारे में प्रस्टेश्ट करने के बारे में प्रस्टेश्ट करने के बारे में प्रस्टेश्ट करने के बारे में प्रस्टेश्ट करने के बारे में प्रस्टेश्ट",
  "segments": [
    {
      "id": 0,
      "seek": 0,
      "start": 0.0,
      "end": 29.98,
      "text": " एक आपको प्रस्टेश्ट करने के बारे में प्रस्टेश्ट करने के बारे में प्रस्टेश्ट करने के बारे में प्रस्टेश्ट करने के बारे में प्रस्टेश्ट करने के बारे में प्रस्टेश्ट करने के बारे में प्रस्टेश्ट करने के बारे में प्रस्टेश्ट",
      "tokens": [
        50364,
        220,
        156,
        97,
        237,
        156,
        97,
        243,
        8485,
        228,
        3941,
        103,
        41858,
        33926,
        8485,
        103,
        27099,
        25411,
        45938,
        27099,
        3941,
        253,
        21981,
        3941,
        114,
        27099,
        3941,
        253,
        31970,
        25411,
        35082,
        21981,
        31970,
        21981,
        8485,
        105,
        17937,
        25411,
        21981,
        48449,
        21981,
        31945,
        8485,
        103,
        27099,
        25411,
        45938,
        27099,
        3941,
        253,
        21981,
        3941,
        114,
        27099,
        3941,
        253,
        31970,
        25411,
        35082,
        21981,
        31970,
        21981,
        8485,
        105,
        17937,
        25411,
        21981,
        48449,
        21981,
        31945,
        8485,
        103,
        27099,
        25411,
        45938,
        27099,
        3941,
        253,
        21981,
        3941,
        114,
        27099,
        3941,
        253,
        31970,
        25411,
        35082,
        21981,
        31970,
        21981,
        8485,
        105,
        17937,
        25411,
        21981,
        48449,
        21981,
        31945,
        8485,
        103,
        27099,
        25411,
        45938,
        27099,
        3941,
        253,
        21981,
        3941,
        114,
        27099,
        3941,
        253,
        31970,
        25411,
        35082,
        21981,
        31970,
        21981,
        8485,
        105,
        17937,
        25411,
        21981,
        48449,
        21981,
        31945,
        8485,
        103,
        27099,
        25411,
        45938,
        27099,
        3941,
        253,
        21981,
        3941,
        114,
        27099,
        3941,
        253,
        31970,
        25411,
        35082,
        21981,
        31970,
        21981,
        8485,
        105,
        17937,
        25411,
        21981,
        48449,
        21981,
        31945,
        8485,
        103,
        27099,
        25411,
        45938,
        27099,
        3941,
        253,
        21981,
        3941,
        114,
        27099,
        3941,
        253,
        31970,
        25411,
        35082,
        21981,
        31970,
        21981,
        8485,
        105,
        17937,
        25411,
        21981,
        48449,
        21981,
        31945,
        8485,
        103,
        27099,
        25411,
        45938,
        27099,
        3941,
        253,
        21981,
        3941,
        114,
        27099,
        3941,
        253,
        31970,
        25411,
        35082,
        21981,
        31970,
        21981,
        8485,
        105,
        17937,
        25411,
        21981,
        48449,
        21981,
        31945,
        8485,
        103,
        27099,
        25411,
        45938,
        27099,
        3941,
        253,
        21981,
        3941,
        114,
        27099,
        3941,
        253
      ],
      "temperature": 0.0,
      "avg_logprob": -0.24993182712131076,
      "compression_ratio": 7.282051282051282,
      "no_speech_prob": 0.3958527147769928,
      "confidence": 0.777,
      "words": [
        {
          "text": "एक",
          "start": 0.0,
          "end": 0.68,
          "confidence": 0.601
        },
        {
          "text": "आपको",
          "start": 0.68,
          "end": 1.38,
          "confidence": 0.369
        },
        {
          "text": "प्रस्टेश्ट",
          "start": 1.38,
          "end": 2.0,
          "confidence": 0.392
        },
        {
          "text": "करने",
          "start": 2.0,
          "end": 2.02,
          "confidence": 0.397
        },
        {
          "text": "के",
          "start": 2.02,
          "end": 2.04,
          "confidence": 0.589
        },
        {
          "text": "बारे",
          "start": 2.04,
          "end": 2.06,
          "confidence": 0.555
        },
        {
          "text": "में",
          "start": 2.06,
          "end": 2.08,
          "confidence": 0.725
        },
        {
          "text": "प्रस्टेश्ट",
          "start": 2.08,
          "end": 3.54,
          "confidence": 0.71
        },
        {
          "text": "करने",
          "start": 3.54,
          "end": 3.56,
          "confidence": 0.53
        },
        {
          "text": "के",
          "start": 3.56,
          "end": 3.58,
          "confidence": 0.669
        },
        {
          "text": "बारे",
          "start": 3.58,
          "end": 3.6,
          "confidence": 0.88
        },
        {
          "text": "में",
          "start": 3.6,
          "end": 3.62,
          "confidence": 0.952
        },
        {
          "text": "प्रस्टेश्ट",
          "start": 3.62,
          "end": 3.64,
          "confidence": 0.835
        },
        {
          "text": "करने",
          "start": 3.64,
          "end": 3.66,
          "confidence": 0.815
        },
        {
          "text": "के",
          "start": 3.66,
          "end": 3.68,
          "confidence": 0.807
        },
        {
          "text": "बारे",
          "start": 3.68,
          "end": 3.7,
          "confidence": 0.943
        },
        {
          "text": "में",
          "start": 3.7,
          "end": 3.72,
          "confidence": 0.98
        },
        {
          "text": "प्रस्टेश्ट",
          "start": 3.72,
          "end": 3.78,
          "confidence": 0.869
        },
        {
          "text": "करने",
          "start": 3.78,
          "end": 3.8,
          "confidence": 0.857
        },
        {
          "text": "के",
          "start": 3.8,
          "end": 3.82,
          "confidence": 0.852
        },
        {
          "text": "बारे",
          "start": 3.82,
          "end": 3.84,
          "confidence": 0.954
        },
        {
          "text": "में",
          "start": 3.84,
          "end": 3.98,
          "confidence": 0.982
        },
        {
          "text": "प्रस्टेश्ट",
          "start": 3.98,
          "end": 6.2,
          "confidence": 0.887
        },
        {
          "text": "करने",
          "start": 6.2,
          "end": 6.22,
          "confidence": 0.873
        },
        {
          "text": "के",
          "start": 6.22,
          "end": 6.6,
          "confidence": 0.872
        },
        {
          "text": "बारे",
          "start": 6.6,
          "end": 6.64,
          "confidence": 0.959
        },
        {
          "text": "में",
          "start": 6.64,
          "end": 6.66,
          "confidence": 0.982
        },
        {
          "text": "प्रस्टेश्ट",
          "start": 6.66,
          "end": 7.36,
          "confidence": 0.902
        },
        {
          "text": "करने",
          "start": 7.36,
          "end": 7.38,
          "confidence": 0.884
        },
        {
          "text": "के",
          "start": 7.38,
          "end": 7.4,
          "confidence": 0.886
        },
        {
          "text": "बारे",
          "start": 7.4,
          "end": 7.42,
          "confidence": 0.964
        },
        {
          "text": "में",
          "start": 7.42,
          "end": 7.44,
          "confidence": 0.981
        },
        {
          "text": "प्रस्टेश्ट",
          "start": 7.44,
          "end": 7.46,
          "confidence": 0.913
        },
        {
          "text": "करने",
          "start": 7.46,
          "end": 7.48,
          "confidence": 0.894
        },
        {
          "text": "के",
          "start": 7.48,
          "end": 7.5,
          "confidence": 0.891
        },
        {
          "text": "बारे",
          "start": 7.5,
          "end": 7.52,
          "confidence": 0.967
        },
        {
          "text": "में",
          "start": 7.52,
          "end": 7.54,
          "confidence": 0.981
        },
        {
          "text": "प्रस्टेश्ट",
          "start": 7.54,
          "end": 29.98,
          "confidence": 0.914
        }
      ]
    }
  ],
  "language": "hi"
}