{
  "text": "वहीँ राहुल कुमार मुकेश कुमार राजा कुमार अनुराग कुमार समीर कुमार रहीश कुमार मध्यप्रदेश कुमार सहित दर्जनों कार्यकर्ता भी शामिल थे धन्यवाद दिलीप पांडे जमुई ऐसी बिहार मोबाइल वाणी रिजर्व वेस्ट ऐसी",
  "segments": [
    {
      "id": 0,
      "seek": 0,
      "start": 0.0,
      "end": 11.84,
      "text": "वहीँ राहुल कुमार मुकेश कुमार राजा कुमार अनुराग कुमार समीर कुमार रहीश कुमार मध्यप्रदेश कुमार सहित दर्जनों कार्यकर्ता भी शामिल थे धन्यवाद दिलीप पांडे जमुई ऐसी बिहार मोबाइल वाणी रिजर्व वेस्ट ऐसी",
      "tokens": [
        50364,
        3941,
        113,
        44500,
        31881,
        3941,
        223,
        8485,
        108,
        17937,
        44500,
        8703,
        223,
        46758,
        31970,
        8703,
        223,
        48521,
        17937,
        25411,
        48449,
        8703,
        223,
        41858,
        21981,
        3941,
        114,
        31970,
        8703,
        223,
        48521,
        17937,
        25411,
        8485,
        108,
        17937,
        3941,
        250,
        17937,
        31970,
        8703,
        223,
        48521,
        17937,
        25411,
        8485,
        227,
        35082,
        8703,
        223,
        25411,
        17937,
        3941,
        245,
        31970,
        8703,
        223,
        48521,
        17937,
        25411,
        49316,
        48521,
        31881,
        25411,
        31970,
        8703,
        223,
        48521,
        17937,
        25411,
        8485,
        108,
        44500,
        31881,
        3941,
        114,
        31970,
        8703,
        223,
        48521,
        17937,
        25411,
        48449,
        3941,
        100,
        27099,
        48268,
        3941,
        103,
        27099,
        25411,
        3941,
        99,
        21981,
        3941,
        114,
        31970,
        8703,
        223,
        48521,
        17937,
        25411,
        49316,
        44500,
        33279,
        36158,
        8485,
        99,
        25411,
        27099,
        3941,
        250,
        35082,
        33926,
        31945,
        31970,
        17937,
        25411,
        27099,
        48268,
        41858,
        25411,
        27099,
        36158,
        17937,
        8485,
        255,
        31881,
        8485,
        114,
        17937,
        48521,
        33279,
        46758,
        8485,
        98,
        21981,
        8485,
        100,
        35082,
        27099,
        48268,
        3941,
        113,
        17937,
        3941,
        99,
        8485,
        99,
        33279,
        46758,
        31881,
        3941,
        103,
        8485,
        103,
        17937,
        31945,
        3941,
        94,
        21981,
        8485,
        250,
        48521,
        8703,
        223,
        3941,
        230,
        8485,
        238,
        45938,
        31881,
        8485,
        105,
        33279,
        44500,
        17937,
        25411,
        48449,
        33926,
        3941,
        105,
        17937,
        3941,
        229,
        46758,
        8485,
        113,
        17937,
        3941,
        96,
        31881,
        8485,
        108,
        33279,
        3941,
        250,
        25411,
        27099,
        3941,
        113,
        8485,
        113,
        21981,
        45938,
        27099,
        3941,
        253,
        8485,
        238,
        45938,
        31881
      ],
      "temperature": 0.0,
      "avg_logprob": -0.11618940147435722,
      "compression_ratio": 2.456730769230769,
      "no_speech_prob": 1.1873360571102408e-14,
      "confidence": 0.899,
      "words": [
        {
          "text": "वहीँ",
          "start": 0.0,
          "end": 0.64,
          "confidence": 0.834
        },
        {
          "text": "राहुल",
          "start": 0.64,
          "end": 1.06,
          "confidence": 0.919
        },
        {
          "text": "कुमार",
          "start": 1.06,
          "end": 1.46,
          "confidence": 0.994
        },
        {
          "text": "मुकेश",
          "start": 1.46,
          "end": 1.92,
          "confidence": 0.965
        },
        {
          "text": "कुमार",
          "start": 1.92,
          "end": 2.26,
          "confidence": 0.993
        },
        {
          "text": "राजा",
          "start": 2.26,
          "end": 3.1,
          "confidence": 0.852
        },
        {
          "text": "कुमार",
          "start": 3.1,
          "end": 3.48,
          "confidence": 0.989
        },
        {
          "text": "अनुराग",
          "start": 3.48,
          "end": 4.0,
          "confidence": 0.938
        },
        {
          "text": "कुमार",
          "start": 4.0,
          "end": 4.28,
          "confidence": 0.991
        },
        {
          "text": "समीर",
          "start": 4.28,
          "end": 4.6,
          "confidence": 0.523
        },
        {
          "text": "कुमार",
          "start": 4.6,
          "end": 4.8,
          "confidence": 0.996
        },
        {
          "text": "रहीश",
          "start": 4.8,
          "end": 5.08,
          "confidence": 0.929
        },
        {
          "text": "कुमार",
          "start": 5.08,
          "end": 5.5,
          "confidence": 0.99
        },
        {
          "text": "मध्यप्रदेश",
          "start": 5.5,
          "end": 5.72,
          "confidence": 0.743
        },
        {
          "text": "कुमार",
          "start": 5.72,
          "end": 5.94,
          "confidence": 0.967
        },
        {
          "text": "सहित",
          "start": 5.94,
          "end": 6.68,
          "confidence": 0.894
        },
        {
          "text": "दर्जनों",
          "start": 6.68,
          "end": 6.84,
          "confidence": 0.957
        },
        {
          "text": "कार्यकर्ता",
          "start": 6.84,
          "end": 7.68,
          "confidence": 0.981
        },
        {
          "text": "भी",
          "start": 7.68,
          "end": 7.9,
          "confidence": 0.927
        },
        {
          "text": "शामिल",
          "start": 7.9,
          "end": 8.3,
          "confidence": 0.966
        },
        {
          "text": "थे",
          "start": 8.3,
          "end": 8.46,
          "confidence": 0.93
        },
        {
          "text": "धन्यवाद",
          "start": 8.46,
          "end": 8.88,
          "confidence": 0.984
        },
        {
          "text": "दिलीप",
          "start": 8.88,
          "end": 9.2,
          "confidence": 0.955
        },
        {
          "text": "पांडे",
          "start": 9.2,
          "end": 9.34,
          "confidence": 0.972
        },
        {
          "text": "जमुई",
          "start": 9.34,
          "end": 9.64,
          "confidence": 0.85
        },
        {
          "text": "ऐसी",
          "start": 9.64,
          "end": 9.96,
          "confidence": 0.731
        },
        {
          "text": "बिहार",
          "start": 9.96,
          "end": 10.44,
          "confidence": 0.95
        },
        {
          "text": "मोबाइल",
          "start": 10.44,
          "end": 10.68,
          "confidence": 0.919
        },
        {
          "text": "वाणी",
          "start": 10.68,
          "end": 10.96,
          "confidence": 0.988
        },
        {
          "text": "रिजर्व",
          "start": 10.96,
          "end": 11.66,
          "confidence": 0.796
        },
        {
          "text": "वेस्ट",
          "start": 11.66,
          "end": 11.68,
          "confidence": 0.764
        },
        {
          "text": "ऐसी",
          "start": 11.68,
          "end": 11.84,
          "confidence": 0.664
        }
      ]
    }
  ],
  "language": "hi"
}