{
  "text": "क्यूँकी हमारी पुलिस का फेसबुक और दुसरे सोशल मीडिया के माध्यमों आरोप अपराध करने वालों को पकड़ने में ही असमर्थ है",
  "segments": [
    {
      "id": 0,
      "seek": 0,
      "start": 0.0,
      "end": 7.36,
      "text": "क्यूँकी हमारी पुलिस का फेसबुक और दुसरे सोशल मीडिया के माध्यमों आरोप अपराध करने वालों को पकड़ने में ही असमर्थ है",
      "tokens": [
        50364,
        41858,
        27099,
        48268,
        8703,
        224,
        3941,
        223,
        41858,
        31881,
        37139,
        48521,
        17937,
        25411,
        31881,
        8485,
        103,
        8703,
        223,
        46758,
        33279,
        45938,
        31970,
        17937,
        8485,
        104,
        21981,
        45938,
        3941,
        105,
        8703,
        223,
        41858,
        8485,
        242,
        25411,
        8485,
        99,
        8703,
        223,
        45938,
        25411,
        21981,
        49316,
        33926,
        3941,
        114,
        46758,
        48449,
        31881,
        3941,
        94,
        33279,
        48268,
        17937,
        31970,
        21981,
        48449,
        17937,
        3941,
        100,
        27099,
        48268,
        48521,
        33926,
        31945,
        8485,
        228,
        25411,
        33926,
        3941,
        103,
        8485,
        227,
        3941,
        103,
        25411,
        17937,
        3941,
        100,
        31970,
        25411,
        35082,
        21981,
        8485,
        113,
        17937,
        46758,
        33926,
        31945,
        31970,
        33926,
        8485,
        103,
        41858,
        8703,
        250,
        35082,
        21981,
        48449,
        21981,
        31945,
        37139,
        31881,
        8485,
        227,
        45938,
        48521,
        25411,
        27099,
        3941,
        98,
        37139,
        43372
      ],
      "temperature": 0.0,
      "avg_logprob": -0.055043730528458304,
      "compression_ratio": 1.8012422360248448,
      "no_speech_prob": 6.899062179562595e-16,
      "confidence": 0.967,
      "words": [
        {
          "text": "क्यूँकी",
          "start": 0.0,
          "end": 0.7,
          "confidence": 0.88
        },
        {
          "text": "हमारी",
          "start": 0.7,
          "end": 1.08,
          "confidence": 0.962
        },
        {
          "text": "पुलिस",
          "start": 1.08,
          "end": 1.38,
          "confidence": 0.991
        },
        {
          "text": "का",
          "start": 1.38,
          "end": 1.52,
          "confidence": 0.901
        },
        {
          "text": "फेसबुक",
          "start": 1.52,
          "end": 1.9,
          "confidence": 0.989
        },
        {
          "text": "और",
          "start": 1.9,
          "end": 2.24,
          "confidence": 0.991
        },
        {
          "text": "दुसरे",
          "start": 2.24,
          "end": 2.52,
          "confidence": 0.972
        },
        {
          "text": "सोशल",
          "start": 2.52,
          "end": 2.9,
          "confidence": 0.992
        },
        {
          "text": "मीडिया",
          "start": 2.9,
          "end": 3.12,
          "confidence": 0.997
        },
        {
          "text": "के",
          "start": 3.12,
          "end": 3.44,
          "confidence": 0.98
        },
        {
          "text": "माध्यमों",
          "start": 3.44,
          "end": 3.82,
          "confidence": 0.982
        },
        {
          "text": "आरोप",
          "start": 3.82,
          "end": 4.48,
          "confidence": 0.933
        },
        {
          "text": "अपराध",
          "start": 4.48,
          "end": 4.94,
          "confidence": 0.992
        },
        {
          "text": "करने",
          "start": 4.94,
          "end": 5.34,
          "confidence": 0.988
        },
        {
          "text": "वालों",
          "start": 5.34,
          "end": 5.56,
          "confidence": 0.983
        },
        {
          "text": "को",
          "start": 5.56,
          "end": 5.82,
          "confidence": 0.987
        },
        {
          "text": "पकड़ने",
          "start": 5.82,
          "end": 6.3,
          "confidence": 0.979
        },
        {
          "text": "में",
          "start": 6.3,
          "end": 6.46,
          "confidence": 0.972
        },
        {
          "text": "ही",
          "start": 6.46,
          "end": 6.62,
          "confidence": 0.743
        },
        {
          "text": "असमर्थ",
          "start": 6.62,
          "end": 7.26,
          "confidence": 0.991
        },
        {
          "text": "है",
          "start": 7.26,
          "end": 7.36,
          "confidence": 0.988
        }
      ]
    }
  ],
  "language": "hi"
}