{
  "text": "विभाग की आम जिम्मेदारी है इसलिए बहुत समय या पैसे कट करने की जरुरत नहीं है खुशी निश्चित दिन",
  "segments": [
    {
      "id": 0,
      "seek": 0,
      "start": 0.0,
      "end": 6.88,
      "text": "विभाग की आम जिम्मेदारी है इसलिए बहुत समय या पैसे कट करने की जरुरत नहीं है खुशी निश्चित दिन",
      "tokens": [
        50364,
        3941,
        113,
        33279,
        3941,
        255,
        17937,
        3941,
        245,
        31970,
        31881,
        8485,
        228,
        48521,
        8485,
        250,
        33279,
        48521,
        27099,
        48521,
        21981,
        3941,
        99,
        17937,
        25411,
        31881,
        37139,
        43372,
        8485,
        229,
        45938,
        46758,
        33279,
        3941,
        237,
        8485,
        105,
        44500,
        8703,
        223,
        36158,
        49316,
        48521,
        48268,
        8485,
        107,
        17937,
        8485,
        103,
        43372,
        45938,
        21981,
        31970,
        3941,
        253,
        31970,
        25411,
        35082,
        21981,
        31970,
        31881,
        8485,
        250,
        25411,
        8703,
        223,
        25411,
        36158,
        8485,
        101,
        44500,
        31881,
        31945,
        37139,
        43372,
        8485,
        244,
        8703,
        223,
        3941,
        114,
        31881,
        8485,
        101,
        33279,
        3941,
        114,
        27099,
        3941,
        248,
        33279,
        36158,
        8485,
        99,
        33279,
        35082
      ],
      "temperature": 0.0,
      "avg_logprob": -0.1619602675290452,
      "compression_ratio": 1.6956521739130435,
      "no_speech_prob": 3.178433112814875e-15,
      "confidence": 0.872,
      "words": [
        {
          "text": "विभाग",
          "start": 0.0,
          "end": 0.86,
          "confidence": 0.809
        },
        {
          "text": "की",
          "start": 0.86,
          "end": 1.12,
          "confidence": 0.883
        },
        {
          "text": "आम",
          "start": 1.12,
          "end": 1.14,
          "confidence": 0.945
        },
        {
          "text": "जिम्मेदारी",
          "start": 1.14,
          "end": 1.64,
          "confidence": 0.944
        },
        {
          "text": "है",
          "start": 1.64,
          "end": 1.9,
          "confidence": 0.946
        },
        {
          "text": "इसलिए",
          "start": 1.9,
          "end": 2.34,
          "confidence": 0.839
        },
        {
          "text": "बहुत",
          "start": 2.34,
          "end": 2.76,
          "confidence": 0.992
        },
        {
          "text": "समय",
          "start": 2.76,
          "end": 3.06,
          "confidence": 0.995
        },
        {
          "text": "या",
          "start": 3.06,
          "end": 3.42,
          "confidence": 0.921
        },
        {
          "text": "पैसे",
          "start": 3.42,
          "end": 3.9,
          "confidence": 0.823
        },
        {
          "text": "कट",
          "start": 3.9,
          "end": 3.96,
          "confidence": 0.802
        },
        {
          "text": "करने",
          "start": 3.96,
          "end": 4.4,
          "confidence": 0.981
        },
        {
          "text": "की",
          "start": 4.4,
          "end": 4.54,
          "confidence": 0.988
        },
        {
          "text": "जरुरत",
          "start": 4.54,
          "end": 4.8,
          "confidence": 0.916
        },
        {
          "text": "नहीं",
          "start": 4.8,
          "end": 5.18,
          "confidence": 0.965
        },
        {
          "text": "है",
          "start": 5.18,
          "end": 5.44,
          "confidence": 0.978
        },
        {
          "text": "खुशी",
          "start": 5.44,
          "end": 6.28,
          "confidence": 0.621
        },
        {
          "text": "निश्चित",
          "start": 6.28,
          "end": 6.68,
          "confidence": 0.781
        },
        {
          "text": "दिन",
          "start": 6.68,
          "end": 6.88,
          "confidence": 0.953
        }
      ]
    }
  ],
  "language": "hi"
}