{
  "text": " मतली खान्ड़ी के मौदारा से मौबाल वानी नहीं जाएँ से, जीसी रिकारड बनाईगी मानस्तेंखला पर भारे मंतली।",
  "segments": [
    {
      "id": 0,
      "seek": 0,
      "start": 0.0,
      "end": 6.48,
      "text": " मतली खान्ड़ी के मौदारा से मौबाल वानी नहीं जाएँ से, जीसी रिकारड बनाईगी मानस्तेंखला पर भारे मंतली।",
      "tokens": [
        50364,
        220,
        156,
        97,
        106,
        156,
        97,
        97,
        156,
        97,
        110,
        31881,
        8485,
        244,
        17937,
        35082,
        27099,
        3941,
        94,
        3941,
        120,
        31881,
        31970,
        21981,
        48449,
        8703,
        234,
        3941,
        99,
        17937,
        25411,
        17937,
        49316,
        21981,
        48449,
        8703,
        234,
        3941,
        105,
        17937,
        46758,
        8485,
        113,
        17937,
        35082,
        31881,
        8485,
        101,
        44500,
        31881,
        31945,
        8485,
        250,
        17937,
        3941,
        237,
        3941,
        223,
        49316,
        21981,
        11,
        8485,
        250,
        31881,
        45938,
        31881,
        8485,
        108,
        33279,
        41858,
        17937,
        25411,
        3941,
        94,
        8485,
        105,
        35082,
        17937,
        3941,
        230,
        3941,
        245,
        31881,
        48449,
        17937,
        35082,
        45938,
        27099,
        36158,
        21981,
        31945,
        3941,
        244,
        46758,
        17937,
        8485,
        103,
        25411,
        8485,
        255,
        17937,
        25411,
        21981,
        48449,
        31945,
        36158,
        46758,
        31881,
        8703,
        97,
        50714
      ],
      "temperature": 0.0,
      "avg_logprob": -0.5263184479304722,
      "compression_ratio": 1.7517241379310344,
      "no_speech_prob": 0.23265351355075836,
      "confidence": 0.599,
      "words": [
        {
          "text": "मतली",
          "start": 0.0,
          "end": 0.76,
          "confidence": 0.625
        },
        {
          "text": "खान्ड़ी",
          "start": 0.76,
          "end": 1.18,
          "confidence": 0.438
        },
        {
          "text": "के",
          "start": 1.18,
          "end": 1.32,
          "confidence": 0.638
        },
        {
          "text": "मौदारा",
          "start": 1.32,
          "end": 1.76,
          "confidence": 0.544
        },
        {
          "text": "से",
          "start": 1.76,
          "end": 1.88,
          "confidence": 0.732
        },
        {
          "text": "मौबाल",
          "start": 1.88,
          "end": 2.3,
          "confidence": 0.824
        },
        {
          "text": "वानी",
          "start": 2.3,
          "end": 2.6,
          "confidence": 0.669
        },
        {
          "text": "नहीं",
          "start": 2.6,
          "end": 2.76,
          "confidence": 0.718
        },
        {
          "text": "जाएँ",
          "start": 2.76,
          "end": 3.18,
          "confidence": 0.588
        },
        {
          "text": "से,",
          "start": 3.18,
          "end": 3.34,
          "confidence": 0.409
        },
        {
          "text": "जीसी",
          "start": 3.4,
          "end": 3.74,
          "confidence": 0.422
        },
        {
          "text": "रिकारड",
          "start": 3.74,
          "end": 4.16,
          "confidence": 0.613
        },
        {
          "text": "बनाईगी",
          "start": 4.16,
          "end": 4.62,
          "confidence": 0.721
        },
        {
          "text": "मानस्तेंखला",
          "start": 4.62,
          "end": 5.52,
          "confidence": 0.567
        },
        {
          "text": "पर",
          "start": 5.52,
          "end": 5.72,
          "confidence": 0.581
        },
        {
          "text": "भारे",
          "start": 5.72,
          "end": 6.1,
          "confidence": 0.784
        },
        {
          "text": "मंतली।",
          "start": 6.1,
          "end": 6.48,
          "confidence": 0.547
        }
      ]
    }
  ],
  "language": "hi"
}