{
  "text": " मैं सभी को अजरे करना चाहता हूँ ऐसा ही हारे सब भी चिरमारी आते ही जाये हमारे ग्राहां पंचास में बड़े धून नाम पे सब भी चिरमारी को आते हुई है",
  "segments": [
    {
      "id": 0,
      "seek": 0,
      "start": 0.0,
      "end": 11.5,
      "text": " मैं सभी को अजरे करना चाहता हूँ ऐसा ही हारे सब भी चिरमारी आते ही जाये हमारे ग्राहां पंचास में बड़े धून नाम पे सब भी चिरमारी को आते हुई है",
      "tokens": [
        50364,
        48449,
        43372,
        31945,
        49316,
        3941,
        255,
        31881,
        220,
        156,
        97,
        243,
        33926,
        8485,
        227,
        3941,
        250,
        25411,
        21981,
        31970,
        25411,
        35082,
        17937,
        8485,
        248,
        17937,
        44500,
        36158,
        17937,
        37139,
        8703,
        224,
        3941,
        223,
        8485,
        238,
        45938,
        17937,
        37139,
        31881,
        37139,
        17937,
        25411,
        21981,
        49316,
        3941,
        105,
        8485,
        255,
        31881,
        8485,
        248,
        33279,
        25411,
        48521,
        17937,
        25411,
        31881,
        8485,
        228,
        36158,
        21981,
        37139,
        31881,
        8485,
        250,
        17937,
        48268,
        21981,
        37139,
        48521,
        17937,
        25411,
        21981,
        8485,
        245,
        27099,
        25411,
        17937,
        44500,
        17937,
        31945,
        8485,
        103,
        31945,
        3941,
        248,
        17937,
        45938,
        48449,
        21981,
        31945,
        8485,
        105,
        3941,
        94,
        3941,
        120,
        21981,
        8485,
        100,
        8703,
        224,
        35082,
        8485,
        101,
        17937,
        48521,
        8485,
        103,
        21981,
        49316,
        3941,
        105,
        8485,
        255,
        31881,
        8485,
        248,
        33279,
        25411,
        48521,
        17937,
        25411,
        31881,
        31970,
        33926,
        8485,
        228,
        36158,
        21981,
        37139,
        8703,
        223,
        3941,
        230,
        37139,
        43372,
        50964
      ],
      "temperature": 0.0,
      "avg_logprob": -0.3576045445033482,
      "compression_ratio": 2.1349693251533743,
      "no_speech_prob": 0.23087412118911743,
      "confidence": 0.698,
      "words": [
        {
          "text": "मैं",
          "start": 0.0,
          "end": 0.78,
          "confidence": 0.736
        },
        {
          "text": "सभी",
          "start": 0.78,
          "end": 1.22,
          "confidence": 0.717
        },
        {
          "text": "को",
          "start": 1.22,
          "end": 1.46,
          "confidence": 0.716
        },
        {
          "text": "अजरे",
          "start": 1.46,
          "end": 2.26,
          "confidence": 0.437
        },
        {
          "text": "करना",
          "start": 2.26,
          "end": 2.56,
          "confidence": 0.874
        },
        {
          "text": "चाहता",
          "start": 2.56,
          "end": 2.92,
          "confidence": 0.889
        },
        {
          "text": "हूँ",
          "start": 2.92,
          "end": 3.04,
          "confidence": 0.883
        },
        {
          "text": "ऐसा",
          "start": 3.04,
          "end": 3.48,
          "confidence": 0.481
        },
        {
          "text": "ही",
          "start": 3.48,
          "end": 3.64,
          "confidence": 0.726
        },
        {
          "text": "हारे",
          "start": 3.64,
          "end": 4.52,
          "confidence": 0.401
        },
        {
          "text": "सब",
          "start": 4.52,
          "end": 4.76,
          "confidence": 0.82
        },
        {
          "text": "भी",
          "start": 4.76,
          "end": 4.96,
          "confidence": 0.497
        },
        {
          "text": "चिरमारी",
          "start": 4.96,
          "end": 5.78,
          "confidence": 0.523
        },
        {
          "text": "आते",
          "start": 5.78,
          "end": 6.38,
          "confidence": 0.533
        },
        {
          "text": "ही",
          "start": 6.38,
          "end": 6.48,
          "confidence": 0.769
        },
        {
          "text": "जाये",
          "start": 6.48,
          "end": 6.74,
          "confidence": 0.648
        },
        {
          "text": "हमारे",
          "start": 6.74,
          "end": 7.06,
          "confidence": 0.841
        },
        {
          "text": "ग्राहां",
          "start": 7.06,
          "end": 7.56,
          "confidence": 0.526
        },
        {
          "text": "पंचास",
          "start": 7.56,
          "end": 7.88,
          "confidence": 0.797
        },
        {
          "text": "में",
          "start": 7.88,
          "end": 8.42,
          "confidence": 0.907
        },
        {
          "text": "बड़े",
          "start": 8.42,
          "end": 8.8,
          "confidence": 0.831
        },
        {
          "text": "धून",
          "start": 8.8,
          "end": 9.1,
          "confidence": 0.766
        },
        {
          "text": "नाम",
          "start": 9.1,
          "end": 9.38,
          "confidence": 0.896
        },
        {
          "text": "पे",
          "start": 9.38,
          "end": 9.96,
          "confidence": 0.679
        },
        {
          "text": "सब",
          "start": 9.96,
          "end": 10.18,
          "confidence": 0.773
        },
        {
          "text": "भी",
          "start": 10.18,
          "end": 10.26,
          "confidence": 0.901
        },
        {
          "text": "चिरमारी",
          "start": 10.26,
          "end": 10.66,
          "confidence": 0.944
        },
        {
          "text": "को",
          "start": 10.66,
          "end": 10.8,
          "confidence": 0.84
        },
        {
          "text": "आते",
          "start": 10.8,
          "end": 11.12,
          "confidence": 0.487
        },
        {
          "text": "हुई",
          "start": 11.12,
          "end": 11.32,
          "confidence": 0.825
        },
        {
          "text": "है",
          "start": 11.32,
          "end": 11.5,
          "confidence": 0.849
        }
      ]
    }
  ],
  "language": "hi"
}