{
  "text": " वहने राहुल कुमार भुकेश कुमार राजा कुमार अनुरख कुमार सेमी कुमार रहेख कुमार मरीश कुमार सहीच कर देनों कारकार तालीश सामें चे जन्नवक दिलकांडेज मौलारा से बिहार मुझवानी लिजर्प्रेट कुछ।",
  "segments": [
    {
      "id": 0,
      "seek": 0,
      "start": 0.0,
      "end": 11.98,
      "text": " वहने राहुल कुमार भुकेश कुमार राजा कुमार अनुरख कुमार सेमी कुमार रहेख कुमार मरीश कुमार सहीच कर देनों कारकार तालीश सामें चे जन्नवक दिलकांडेज मौलारा से बिहार मुझवानी लिजर्प्रेट कुछ।",
      "tokens": [
        50364,
        220,
        156,
        97,
        113,
        156,
        97,
        117,
        156,
        97,
        101,
        21981,
        8485,
        108,
        17937,
        44500,
        8703,
        223,
        46758,
        31970,
        8703,
        223,
        48521,
        17937,
        25411,
        8485,
        255,
        8703,
        223,
        41858,
        21981,
        3941,
        114,
        31970,
        8703,
        223,
        48521,
        17937,
        25411,
        8485,
        108,
        17937,
        3941,
        250,
        17937,
        31970,
        8703,
        223,
        48521,
        17937,
        25411,
        8485,
        227,
        35082,
        8703,
        223,
        25411,
        3941,
        244,
        31970,
        8703,
        223,
        48521,
        17937,
        25411,
        49316,
        21981,
        48521,
        31881,
        31970,
        8703,
        223,
        48521,
        17937,
        25411,
        8485,
        108,
        44500,
        21981,
        3941,
        244,
        31970,
        8703,
        223,
        48521,
        17937,
        25411,
        48449,
        25411,
        31881,
        3941,
        114,
        31970,
        8703,
        223,
        48521,
        17937,
        25411,
        49316,
        44500,
        31881,
        3941,
        248,
        31970,
        25411,
        8485,
        99,
        21981,
        35082,
        33926,
        31945,
        31970,
        17937,
        25411,
        41858,
        17937,
        25411,
        8485,
        97,
        17937,
        46758,
        31881,
        3941,
        114,
        49316,
        17937,
        48521,
        21981,
        31945,
        8485,
        248,
        21981,
        8485,
        250,
        35082,
        27099,
        35082,
        3941,
        113,
        41858,
        8485,
        99,
        33279,
        46758,
        41858,
        17937,
        31945,
        3941,
        94,
        21981,
        3941,
        250,
        48449,
        8703,
        234,
        46758,
        17937,
        25411,
        17937,
        49316,
        21981,
        8485,
        105,
        33279,
        44500,
        17937,
        25411,
        48449,
        8703,
        223,
        3941,
        251,
        3941,
        113,
        17937,
        35082,
        31881,
        8485,
        110,
        33279,
        3941,
        250,
        25411,
        27099,
        3941,
        103,
        27099,
        25411,
        21981,
        3941,
        253,
        31970,
        8703,
        223,
        3941,
        249,
        8703,
        97,
        50964
      ],
      "temperature": 0.0,
      "avg_logprob": -0.4380575942993164,
      "compression_ratio": 2.4507772020725387,
      "no_speech_prob": 0.3286425471305847,
      "confidence": 0.643,
      "words": [
        {
          "text": "वहने",
          "start": 0.0,
          "end": 0.7,
          "confidence": 0.634
        },
        {
          "text": "राहुल",
          "start": 0.7,
          "end": 1.12,
          "confidence": 0.607
        },
        {
          "text": "कुमार",
          "start": 1.12,
          "end": 1.44,
          "confidence": 0.882
        },
        {
          "text": "भुकेश",
          "start": 1.44,
          "end": 1.96,
          "confidence": 0.632
        },
        {
          "text": "कुमार",
          "start": 1.96,
          "end": 2.38,
          "confidence": 0.879
        },
        {
          "text": "राजा",
          "start": 2.38,
          "end": 3.14,
          "confidence": 0.849
        },
        {
          "text": "कुमार",
          "start": 3.14,
          "end": 3.46,
          "confidence": 0.911
        },
        {
          "text": "अनुरख",
          "start": 3.46,
          "end": 3.84,
          "confidence": 0.658
        },
        {
          "text": "कुमार",
          "start": 3.84,
          "end": 4.16,
          "confidence": 0.886
        },
        {
          "text": "सेमी",
          "start": 4.16,
          "end": 4.42,
          "confidence": 0.632
        },
        {
          "text": "कुमार",
          "start": 4.42,
          "end": 4.8,
          "confidence": 0.871
        },
        {
          "text": "रहेख",
          "start": 4.8,
          "end": 5.12,
          "confidence": 0.479
        },
        {
          "text": "कुमार",
          "start": 5.12,
          "end": 5.5,
          "confidence": 0.869
        },
        {
          "text": "मरीश",
          "start": 5.5,
          "end": 5.72,
          "confidence": 0.679
        },
        {
          "text": "कुमार",
          "start": 5.72,
          "end": 6.06,
          "confidence": 0.887
        },
        {
          "text": "सहीच",
          "start": 6.06,
          "end": 6.28,
          "confidence": 0.646
        },
        {
          "text": "कर",
          "start": 6.28,
          "end": 6.6,
          "confidence": 0.782
        },
        {
          "text": "देनों",
          "start": 6.6,
          "end": 6.88,
          "confidence": 0.593
        },
        {
          "text": "कारकार",
          "start": 6.88,
          "end": 7.74,
          "confidence": 0.588
        },
        {
          "text": "तालीश",
          "start": 7.74,
          "end": 7.98,
          "confidence": 0.455
        },
        {
          "text": "सामें",
          "start": 7.98,
          "end": 8.28,
          "confidence": 0.469
        },
        {
          "text": "चे",
          "start": 8.28,
          "end": 8.52,
          "confidence": 0.479
        },
        {
          "text": "जन्नवक",
          "start": 8.52,
          "end": 8.92,
          "confidence": 0.466
        },
        {
          "text": "दिलकांडेज",
          "start": 8.92,
          "end": 9.42,
          "confidence": 0.619
        },
        {
          "text": "मौलारा",
          "start": 9.42,
          "end": 10.04,
          "confidence": 0.456
        },
        {
          "text": "से",
          "start": 10.04,
          "end": 10.14,
          "confidence": 0.691
        },
        {
          "text": "बिहार",
          "start": 10.14,
          "end": 10.44,
          "confidence": 0.718
        },
        {
          "text": "मुझवानी",
          "start": 10.44,
          "end": 11.06,
          "confidence": 0.669
        },
        {
          "text": "लिजर्प्रेट",
          "start": 11.06,
          "end": 11.68,
          "confidence": 0.553
        },
        {
          "text": "कुछ।",
          "start": 11.68,
          "end": 11.98,
          "confidence": 0.54
        }
      ]
    }
  ],
  "language": "hi"
}