{
  "text": " लोगों को यद हम समझने आ रही है कि सरकार गरीव छत्र विकास के योजना के साथ राफि देती है, पंसेट पर अधिकारी परतिरिजी दला लो अधिकारी परतिरिजी.",
  "segments": [
    {
      "id": 0,
      "seek": 0,
      "start": 0.0,
      "end": 7.4,
      "text": " लोगों को यद हम समझने आ रही है कि सरकार गरीव छत्र विकास के योजना के साथ राफि देती है,",
      "tokens": [
        50364,
        8485,
        110,
        33926,
        3941,
        245,
        33926,
        31945,
        31970,
        33926,
        8485,
        107,
        3941,
        99,
        37139,
        48521,
        49316,
        48521,
        3941,
        251,
        35082,
        21981,
        8485,
        228,
        8485,
        108,
        44500,
        31881,
        37139,
        43372,
        31970,
        33279,
        49316,
        25411,
        41858,
        17937,
        25411,
        8485,
        245,
        25411,
        31881,
        3941,
        113,
        8485,
        249,
        36158,
        27099,
        25411,
        8485,
        113,
        33279,
        41858,
        17937,
        45938,
        31970,
        21981,
        8485,
        107,
        33926,
        3941,
        250,
        3941,
        101,
        17937,
        31970,
        21981,
        49316,
        17937,
        3941,
        98,
        8485,
        108,
        17937,
        3941,
        104,
        33279,
        8485,
        99,
        21981,
        36158,
        31881,
        37139,
        43372,
        11,
        50714
      ],
      "temperature": 0.0,
      "avg_logprob": -0.29323744773864746,
      "compression_ratio": 2.0532544378698225,
      "no_speech_prob": 0.09198939055204391,
      "confidence": 0.805,
      "words": [
        {
          "text": "लोगों",
          "start": 0.0,
          "end": 0.82,
          "confidence": 0.927
        },
        {
          "text": "को",
          "start": 0.82,
          "end": 1.0,
          "confidence": 0.915
        },
        {
          "text": "यद",
          "start": 1.0,
          "end": 1.34,
          "confidence": 0.724
        },
        {
          "text": "हम",
          "start": 1.34,
          "end": 1.56,
          "confidence": 0.308
        },
        {
          "text": "समझने",
          "start": 1.56,
          "end": 2.24,
          "confidence": 0.887
        },
        {
          "text": "आ",
          "start": 2.24,
          "end": 2.44,
          "confidence": 0.917
        },
        {
          "text": "रही",
          "start": 2.44,
          "end": 2.8,
          "confidence": 0.866
        },
        {
          "text": "है",
          "start": 2.8,
          "end": 2.96,
          "confidence": 0.941
        },
        {
          "text": "कि",
          "start": 2.96,
          "end": 3.04,
          "confidence": 0.784
        },
        {
          "text": "सरकार",
          "start": 3.04,
          "end": 3.6,
          "confidence": 0.904
        },
        {
          "text": "गरीव",
          "start": 3.6,
          "end": 4.18,
          "confidence": 0.865
        },
        {
          "text": "छत्र",
          "start": 4.18,
          "end": 4.58,
          "confidence": 0.702
        },
        {
          "text": "विकास",
          "start": 4.58,
          "end": 5.04,
          "confidence": 0.738
        },
        {
          "text": "के",
          "start": 5.04,
          "end": 5.2,
          "confidence": 0.625
        },
        {
          "text": "योजना",
          "start": 5.2,
          "end": 5.62,
          "confidence": 0.785
        },
        {
          "text": "के",
          "start": 5.62,
          "end": 5.92,
          "confidence": 0.922
        },
        {
          "text": "साथ",
          "start": 5.92,
          "end": 6.16,
          "confidence": 0.914
        },
        {
          "text": "राफि",
          "start": 6.16,
          "end": 6.88,
          "confidence": 0.653
        },
        {
          "text": "देती",
          "start": 6.88,
          "end": 7.26,
          "confidence": 0.933
        },
        {
          "text": "है,",
          "start": 7.26,
          "end": 7.4,
          "confidence": 0.935
        }
      ]
    },
    {
      "id": 1,
      "seek": 0,
      "start": 7.7,
      "end": 11.8,
      "text": " पंसेट पर अधिकारी परतिरिजी दला लो अधिकारी परतिरिजी.",
      "tokens": [
        50714,
        8485,
        103,
        31945,
        45938,
        21981,
        3941,
        253,
        8485,
        103,
        25411,
        8485,
        227,
        3941,
        100,
        33279,
        41858,
        17937,
        25411,
        31881,
        8485,
        103,
        25411,
        36158,
        33279,
        25411,
        33279,
        3941,
        250,
        31881,
        8485,
        99,
        46758,
        17937,
        8485,
        110,
        33926,
        8485,
        227,
        3941,
        100,
        33279,
        41858,
        17937,
        25411,
        31881,
        8485,
        103,
        25411,
        36158,
        33279,
        25411,
        33279,
        3941,
        250,
        31881,
        13,
        50964
      ],
      "temperature": 0.0,
      "avg_logprob": -0.29323744773864746,
      "compression_ratio": 2.0532544378698225,
      "no_speech_prob": 0.09198939055204391,
      "confidence": 0.716,
      "words": [
        {
          "text": "पंसेट",
          "start": 7.7,
          "end": 8.3,
          "confidence": 0.502
        },
        {
          "text": "पर",
          "start": 8.3,
          "end": 8.64,
          "confidence": 0.878
        },
        {
          "text": "अधिकारी",
          "start": 8.64,
          "end": 9.52,
          "confidence": 0.864
        },
        {
          "text": "परतिरिजी",
          "start": 9.52,
          "end": 10.24,
          "confidence": 0.597
        },
        {
          "text": "दला",
          "start": 10.24,
          "end": 10.64,
          "confidence": 0.782
        },
        {
          "text": "लो",
          "start": 10.64,
          "end": 10.82,
          "confidence": 0.768
        },
        {
          "text": "अधिकारी",
          "start": 10.82,
          "end": 11.68,
          "confidence": 0.836
        },
        {
          "text": "परतिरिजी.",
          "start": 11.68,
          "end": 11.8,
          "confidence": 0.72
        }
      ]
    }
  ],
  "language": "hi"
}