{
  "text": " और उरोर रुपया में यह हुआ है। एसे भी इसकी बद्धी का नाम पर क्राश अजार 20,000, 34,000, 30,000 रुपया तक पाकया हो जाता है।",
  "segments": [
    {
      "id": 0,
      "seek": 0,
      "start": 0.0,
      "end": 2.89,
      "text": " और उरोर रुपया में यह हुआ है।",
      "tokens": [
        50364,
        8485,
        242,
        25411,
        8485,
        231,
        25411,
        33926,
        25411,
        8485,
        108,
        8703,
        223,
        3941,
        103,
        48268,
        17937,
        48449,
        21981,
        31945,
        8485,
        107,
        44500,
        37139,
        8703,
        223,
        3941,
        228,
        37139,
        43372,
        8703,
        97,
        50514
      ],
      "temperature": 0.0,
      "avg_logprob": -0.42766272921522125,
      "compression_ratio": 1.777027027027027,
      "no_speech_prob": 0.5629064440727234,
      "confidence": 0.614,
      "words": [
        {
          "text": "और",
          "start": 0.0,
          "end": 0.54,
          "confidence": 0.372
        },
        {
          "text": "उरोर",
          "start": 0.54,
          "end": 0.74,
          "confidence": 0.459
        },
        {
          "text": "रुपया",
          "start": 0.74,
          "end": 1.02,
          "confidence": 0.776
        },
        {
          "text": "में",
          "start": 1.02,
          "end": 1.2,
          "confidence": 0.944
        },
        {
          "text": "यह",
          "start": 1.2,
          "end": 2.02,
          "confidence": 0.445
        },
        {
          "text": "हुआ",
          "start": 2.02,
          "end": 2.3,
          "confidence": 0.861
        },
        {
          "text": "है।",
          "start": 2.3,
          "end": 2.89,
          "confidence": 0.487
        }
      ]
    },
    {
      "id": 1,
      "seek": 0,
      "start": 2.89,
      "end": 5.3,
      "text": " एसे भी इसकी बद्धी का नाम पर",
      "tokens": [
        50514,
        8485,
        237,
        45938,
        21981,
        8485,
        255,
        31881,
        8485,
        229,
        45938,
        41858,
        31881,
        8485,
        105,
        3941,
        99,
        27099,
        3941,
        100,
        31881,
        31970,
        17937,
        8485,
        101,
        17937,
        48521,
        8485,
        103,
        25411,
        50664
      ],
      "temperature": 0.0,
      "avg_logprob": -0.42766272921522125,
      "compression_ratio": 1.777027027027027,
      "no_speech_prob": 0.5629064440727234,
      "confidence": 0.674,
      "words": [
        {
          "text": "एसे",
          "start": 2.89,
          "end": 3.26,
          "confidence": 0.605
        },
        {
          "text": "भी",
          "start": 3.26,
          "end": 3.42,
          "confidence": 0.495
        },
        {
          "text": "इसकी",
          "start": 3.42,
          "end": 4.08,
          "confidence": 0.794
        },
        {
          "text": "बद्धी",
          "start": 4.08,
          "end": 4.48,
          "confidence": 0.583
        },
        {
          "text": "का",
          "start": 4.48,
          "end": 4.62,
          "confidence": 0.79
        },
        {
          "text": "नाम",
          "start": 4.62,
          "end": 4.82,
          "confidence": 0.854
        },
        {
          "text": "पर",
          "start": 4.82,
          "end": 5.3,
          "confidence": 0.777
        }
      ]
    },
    {
      "id": 2,
      "seek": 0,
      "start": 5.88,
      "end": 10.48,
      "text": " क्राश अजार 20,000, 34,000, 30,000 रुपया तक पाकया हो जाता है।",
      "tokens": [
        50664,
        31970,
        27099,
        25411,
        17937,
        3941,
        114,
        8485,
        227,
        3941,
        250,
        17937,
        25411,
        945,
        11,
        1360,
        11,
        220,
        12249,
        11,
        1360,
        11,
        2217,
        11,
        1360,
        8485,
        108,
        8703,
        223,
        3941,
        103,
        48268,
        17937,
        8485,
        97,
        41858,
        8485,
        103,
        17937,
        41858,
        48268,
        17937,
        37139,
        33926,
        8485,
        250,
        17937,
        36158,
        17937,
        37139,
        43372,
        8703,
        97,
        50864
      ],
      "temperature": 0.0,
      "avg_logprob": -0.42766272921522125,
      "compression_ratio": 1.777027027027027,
      "no_speech_prob": 0.5629064440727234,
      "confidence": 0.685,
      "words": [
        {
          "text": "क्राश",
          "start": 5.88,
          "end": 6.2,
          "confidence": 0.409
        },
        {
          "text": "अजार",
          "start": 6.2,
          "end": 6.6,
          "confidence": 0.535
        },
        {
          "text": "20,000,",
          "start": 6.6,
          "end": 6.78,
          "confidence": 0.506
        },
        {
          "text": "34,000,",
          "start": 6.96,
          "end": 7.46,
          "confidence": 0.561
        },
        {
          "text": "30,000",
          "start": 7.74,
          "end": 8.02,
          "confidence": 0.643
        },
        {
          "text": "रुपया",
          "start": 8.02,
          "end": 8.44,
          "confidence": 0.937
        },
        {
          "text": "तक",
          "start": 8.44,
          "end": 8.86,
          "confidence": 0.822
        },
        {
          "text": "पाकया",
          "start": 8.86,
          "end": 9.84,
          "confidence": 0.714
        },
        {
          "text": "हो",
          "start": 9.84,
          "end": 9.9,
          "confidence": 0.918
        },
        {
          "text": "जाता",
          "start": 9.9,
          "end": 10.24,
          "confidence": 0.95
        },
        {
          "text": "है।",
          "start": 10.24,
          "end": 10.48,
          "confidence": 0.873
        }
      ]
    }
  ],
  "language": "hi"
}