{
  "text": " वो प्रशाजा गया है और इस मामले में घरामीनों दोर आउरुप लगाने पर वो कह रहे हैं कि जितने बच्चे जीजाले में हूं उन्हीं के माम पर उतना है।",
  "segments": [
    {
      "id": 0,
      "seek": 0,
      "start": 0.0,
      "end": 7.16,
      "text": " वो प्रशाजा गया है और इस मामले में घरामीनों दोर आउरुप लगाने पर वो कह रहे हैं कि जितने बच्चे जीजाले में हूं उन्हीं के माम पर उतना है।",
      "tokens": [
        50364,
        8485,
        113,
        33926,
        8485,
        103,
        27099,
        25411,
        3941,
        114,
        17937,
        3941,
        250,
        17937,
        8485,
        245,
        48268,
        17937,
        37139,
        43372,
        8485,
        242,
        25411,
        8485,
        229,
        45938,
        48449,
        17937,
        48521,
        46758,
        21981,
        48449,
        21981,
        31945,
        8485,
        246,
        25411,
        17937,
        48521,
        31881,
        35082,
        33926,
        31945,
        8485,
        99,
        33926,
        25411,
        8485,
        228,
        3941,
        231,
        25411,
        8703,
        223,
        3941,
        103,
        8485,
        110,
        3941,
        245,
        17937,
        35082,
        21981,
        8485,
        103,
        25411,
        8485,
        113,
        33926,
        31970,
        44500,
        8485,
        108,
        44500,
        21981,
        37139,
        43372,
        31945,
        31970,
        33279,
        8485,
        250,
        33279,
        36158,
        35082,
        21981,
        8485,
        105,
        3941,
        248,
        27099,
        3941,
        248,
        21981,
        8485,
        250,
        31881,
        3941,
        250,
        17937,
        46758,
        21981,
        48449,
        21981,
        31945,
        37139,
        8703,
        224,
        31945,
        8485,
        231,
        35082,
        27099,
        44500,
        31881,
        31945,
        31970,
        21981,
        48449,
        17937,
        48521,
        8485,
        103,
        25411,
        8485,
        231,
        36158,
        35082,
        17937,
        37139,
        43372,
        8703,
        97,
        50714
      ],
      "temperature": 0.0,
      "avg_logprob": -0.4281884087456597,
      "compression_ratio": 1.9707602339181287,
      "no_speech_prob": 0.29716870188713074,
      "confidence": 0.652,
      "words": [
        {
          "text": "वो",
          "start": 0.0,
          "end": 0.64,
          "confidence": 0.3
        },
        {
          "text": "प्रशाजा",
          "start": 0.64,
          "end": 0.84,
          "confidence": 0.277
        },
        {
          "text": "गया",
          "start": 0.84,
          "end": 1.06,
          "confidence": 0.428
        },
        {
          "text": "है",
          "start": 1.06,
          "end": 1.3,
          "confidence": 0.815
        },
        {
          "text": "और",
          "start": 1.3,
          "end": 2.1,
          "confidence": 0.63
        },
        {
          "text": "इस",
          "start": 2.1,
          "end": 2.24,
          "confidence": 0.89
        },
        {
          "text": "मामले",
          "start": 2.24,
          "end": 2.54,
          "confidence": 0.608
        },
        {
          "text": "में",
          "start": 2.54,
          "end": 2.66,
          "confidence": 0.937
        },
        {
          "text": "घरामीनों",
          "start": 2.66,
          "end": 3.16,
          "confidence": 0.756
        },
        {
          "text": "दोर",
          "start": 3.16,
          "end": 3.26,
          "confidence": 0.809
        },
        {
          "text": "आउरुप",
          "start": 3.26,
          "end": 3.62,
          "confidence": 0.694
        },
        {
          "text": "लगाने",
          "start": 3.62,
          "end": 4.0,
          "confidence": 0.932
        },
        {
          "text": "पर",
          "start": 4.0,
          "end": 4.14,
          "confidence": 0.826
        },
        {
          "text": "वो",
          "start": 4.14,
          "end": 4.24,
          "confidence": 0.823
        },
        {
          "text": "कह",
          "start": 4.24,
          "end": 4.5,
          "confidence": 0.897
        },
        {
          "text": "रहे",
          "start": 4.5,
          "end": 4.64,
          "confidence": 0.797
        },
        {
          "text": "हैं",
          "start": 4.64,
          "end": 4.72,
          "confidence": 0.715
        },
        {
          "text": "कि",
          "start": 4.72,
          "end": 4.76,
          "confidence": 0.745
        },
        {
          "text": "जितने",
          "start": 4.76,
          "end": 5.06,
          "confidence": 0.777
        },
        {
          "text": "बच्चे",
          "start": 5.06,
          "end": 5.38,
          "confidence": 0.745
        },
        {
          "text": "जीजाले",
          "start": 5.38,
          "end": 5.82,
          "confidence": 0.71
        },
        {
          "text": "में",
          "start": 5.82,
          "end": 5.94,
          "confidence": 0.959
        },
        {
          "text": "हूं",
          "start": 5.94,
          "end": 6.0,
          "confidence": 0.568
        },
        {
          "text": "उन्हीं",
          "start": 6.0,
          "end": 6.26,
          "confidence": 0.671
        },
        {
          "text": "के",
          "start": 6.26,
          "end": 6.48,
          "confidence": 0.723
        },
        {
          "text": "माम",
          "start": 6.48,
          "end": 6.64,
          "confidence": 0.721
        },
        {
          "text": "पर",
          "start": 6.64,
          "end": 6.7,
          "confidence": 0.511
        },
        {
          "text": "उतना",
          "start": 6.7,
          "end": 7.0,
          "confidence": 0.587
        },
        {
          "text": "है।",
          "start": 7.0,
          "end": 7.16,
          "confidence": 0.515
        }
      ]
    }
  ],
  "language": "hi"
}