{
  "text": " मैं प्रजाँग वोता हूँ गामज़द दीला के हमारे यहां कोहिले की बहुत से सदाने पोली जाई है और उन सदानों इने चनने वारे जाड़ियां।",
  "segments": [
    {
      "id": 0,
      "seek": 0,
      "start": 0.0,
      "end": 10.4,
      "text": " मैं प्रजाँग वोता हूँ गामज़द दीला के हमारे यहां कोहिले की बहुत से सदाने पोली जाई है और उन सदानों इने चनने वारे जाड़ियां।",
      "tokens": [
        50364,
        220,
        156,
        97,
        106,
        43372,
        31945,
        8485,
        103,
        27099,
        25411,
        3941,
        250,
        17937,
        3941,
        223,
        3941,
        245,
        8485,
        113,
        33926,
        36158,
        17937,
        37139,
        8703,
        224,
        3941,
        223,
        8485,
        245,
        17937,
        48521,
        3941,
        250,
        3941,
        120,
        3941,
        99,
        8485,
        99,
        31881,
        46758,
        17937,
        31970,
        21981,
        37139,
        48521,
        17937,
        25411,
        21981,
        8485,
        107,
        44500,
        17937,
        31945,
        31970,
        33926,
        44500,
        33279,
        46758,
        21981,
        31970,
        31881,
        8485,
        105,
        44500,
        8703,
        223,
        36158,
        49316,
        21981,
        49316,
        3941,
        99,
        17937,
        35082,
        21981,
        8485,
        103,
        33926,
        46758,
        31881,
        8485,
        250,
        17937,
        3941,
        230,
        37139,
        43372,
        8485,
        242,
        25411,
        8485,
        231,
        35082,
        49316,
        3941,
        99,
        17937,
        35082,
        33926,
        31945,
        8485,
        229,
        35082,
        21981,
        8485,
        248,
        35082,
        35082,
        21981,
        8485,
        113,
        17937,
        25411,
        21981,
        8485,
        250,
        17937,
        3941,
        94,
        3941,
        120,
        33279,
        48268,
        17937,
        31945,
        8703,
        97,
        50864
      ],
      "temperature": 0.0,
      "avg_logprob": -0.4257693399909798,
      "compression_ratio": 1.9079754601226995,
      "no_speech_prob": 0.09289596974849701,
      "confidence": 0.651,
      "words": [
        {
          "text": "मैं",
          "start": 0.0,
          "end": 0.62,
          "confidence": 0.601
        },
        {
          "text": "प्रजाँग",
          "start": 0.62,
          "end": 1.16,
          "confidence": 0.424
        },
        {
          "text": "वोता",
          "start": 1.16,
          "end": 1.38,
          "confidence": 0.555
        },
        {
          "text": "हूँ",
          "start": 1.38,
          "end": 1.48,
          "confidence": 0.856
        },
        {
          "text": "गामज़द",
          "start": 1.48,
          "end": 1.88,
          "confidence": 0.552
        },
        {
          "text": "दीला",
          "start": 1.88,
          "end": 2.18,
          "confidence": 0.797
        },
        {
          "text": "के",
          "start": 2.18,
          "end": 2.42,
          "confidence": 0.578
        },
        {
          "text": "हमारे",
          "start": 2.42,
          "end": 3.66,
          "confidence": 0.831
        },
        {
          "text": "यहां",
          "start": 3.66,
          "end": 3.98,
          "confidence": 0.881
        },
        {
          "text": "कोहिले",
          "start": 3.98,
          "end": 4.44,
          "confidence": 0.662
        },
        {
          "text": "की",
          "start": 4.44,
          "end": 4.56,
          "confidence": 0.841
        },
        {
          "text": "बहुत",
          "start": 4.56,
          "end": 5.0,
          "confidence": 0.803
        },
        {
          "text": "से",
          "start": 5.0,
          "end": 5.18,
          "confidence": 0.276
        },
        {
          "text": "सदाने",
          "start": 5.18,
          "end": 5.8,
          "confidence": 0.721
        },
        {
          "text": "पोली",
          "start": 5.8,
          "end": 6.9,
          "confidence": 0.747
        },
        {
          "text": "जाई",
          "start": 6.9,
          "end": 7.18,
          "confidence": 0.685
        },
        {
          "text": "है",
          "start": 7.18,
          "end": 7.5,
          "confidence": 0.802
        },
        {
          "text": "और",
          "start": 7.5,
          "end": 7.66,
          "confidence": 0.753
        },
        {
          "text": "उन",
          "start": 7.66,
          "end": 7.8,
          "confidence": 0.37
        },
        {
          "text": "सदानों",
          "start": 7.8,
          "end": 8.44,
          "confidence": 0.835
        },
        {
          "text": "इने",
          "start": 8.44,
          "end": 8.8,
          "confidence": 0.416
        },
        {
          "text": "चनने",
          "start": 8.8,
          "end": 9.24,
          "confidence": 0.728
        },
        {
          "text": "वारे",
          "start": 9.24,
          "end": 9.5,
          "confidence": 0.828
        },
        {
          "text": "जाड़ियां।",
          "start": 9.5,
          "end": 10.4,
          "confidence": 0.664
        }
      ]
    }
  ],
  "language": "hi"
}