{
  "text": " बात नहीं है, हमें यहाँ से शिक्र जाना होगा. जरी पूती के बारे में तो गुरूद जी ने कुछ बताया ही नहीं था, उन्हों ने पूती जाना होगा.",
  "segments": [
    {
      "id": 0,
      "seek": 0,
      "start": 0.0,
      "end": 4.18,
      "text": " बात नहीं है, हमें यहाँ से शिक्र जाना होगा.",
      "tokens": [
        50364,
        220,
        156,
        97,
        105,
        17937,
        36158,
        8485,
        101,
        44500,
        31881,
        31945,
        37139,
        43372,
        11,
        37139,
        48521,
        21981,
        31945,
        8485,
        107,
        44500,
        17937,
        3941,
        223,
        49316,
        21981,
        8485,
        114,
        156,
        97,
        123,
        41858,
        27099,
        25411,
        8485,
        250,
        17937,
        35082,
        17937,
        37139,
        33926,
        3941,
        245,
        17937,
        13,
        50564
      ],
      "temperature": 0.0,
      "avg_logprob": -0.31905952509302293,
      "compression_ratio": 2.051948051948052,
      "no_speech_prob": 0.4264861047267914,
      "confidence": 0.754,
      "words": [
        {
          "text": "बात",
          "start": 0.0,
          "end": 0.8,
          "confidence": 0.473
        },
        {
          "text": "नहीं",
          "start": 0.8,
          "end": 0.98,
          "confidence": 0.864
        },
        {
          "text": "है,",
          "start": 0.98,
          "end": 1.34,
          "confidence": 0.918
        },
        {
          "text": "हमें",
          "start": 2.0,
          "end": 2.28,
          "confidence": 0.847
        },
        {
          "text": "यहाँ",
          "start": 2.28,
          "end": 2.58,
          "confidence": 0.833
        },
        {
          "text": "से",
          "start": 2.58,
          "end": 2.82,
          "confidence": 0.708
        },
        {
          "text": "शिक्र",
          "start": 2.82,
          "end": 3.54,
          "confidence": 0.635
        },
        {
          "text": "जाना",
          "start": 3.54,
          "end": 3.88,
          "confidence": 0.944
        },
        {
          "text": "होगा.",
          "start": 3.88,
          "end": 4.18,
          "confidence": 0.928
        }
      ]
    },
    {
      "id": 1,
      "seek": 0,
      "start": 5.02,
      "end": 12.48,
      "text": " जरी पूती के बारे में तो गुरूद जी ने कुछ बताया ही नहीं था, उन्हों ने पूती जाना होगा.",
      "tokens": [
        50564,
        8485,
        250,
        25411,
        31881,
        8485,
        103,
        8703,
        224,
        36158,
        31881,
        31970,
        21981,
        8485,
        105,
        17937,
        25411,
        21981,
        48449,
        21981,
        31945,
        8485,
        97,
        33926,
        8485,
        245,
        8703,
        223,
        25411,
        8703,
        224,
        3941,
        99,
        8485,
        250,
        31881,
        8485,
        101,
        21981,
        31970,
        8703,
        223,
        3941,
        249,
        8485,
        105,
        36158,
        17937,
        48268,
        17937,
        37139,
        31881,
        8485,
        101,
        44500,
        31881,
        31945,
        8485,
        98,
        17937,
        11,
        8485,
        231,
        35082,
        27099,
        44500,
        33926,
        31945,
        8485,
        101,
        21981,
        8485,
        103,
        8703,
        224,
        36158,
        31881,
        8485,
        250,
        17937,
        35082,
        17937,
        37139,
        33926,
        3941,
        245,
        17937,
        13,
        50964
      ],
      "temperature": 0.0,
      "avg_logprob": -0.31905952509302293,
      "compression_ratio": 2.051948051948052,
      "no_speech_prob": 0.4264861047267914,
      "confidence": 0.745,
      "words": [
        {
          "text": "जरी",
          "start": 5.02,
          "end": 5.36,
          "confidence": 0.895
        },
        {
          "text": "पूती",
          "start": 5.36,
          "end": 5.74,
          "confidence": 0.646
        },
        {
          "text": "के",
          "start": 5.74,
          "end": 6.38,
          "confidence": 0.819
        },
        {
          "text": "बारे",
          "start": 6.38,
          "end": 6.72,
          "confidence": 0.94
        },
        {
          "text": "में",
          "start": 6.72,
          "end": 6.94,
          "confidence": 0.94
        },
        {
          "text": "तो",
          "start": 6.94,
          "end": 7.0,
          "confidence": 0.74
        },
        {
          "text": "गुरूद",
          "start": 7.0,
          "end": 7.34,
          "confidence": 0.757
        },
        {
          "text": "जी",
          "start": 7.34,
          "end": 7.46,
          "confidence": 0.737
        },
        {
          "text": "ने",
          "start": 7.46,
          "end": 7.64,
          "confidence": 0.805
        },
        {
          "text": "कुछ",
          "start": 7.64,
          "end": 8.06,
          "confidence": 0.924
        },
        {
          "text": "बताया",
          "start": 8.06,
          "end": 8.6,
          "confidence": 0.918
        },
        {
          "text": "ही",
          "start": 8.6,
          "end": 8.74,
          "confidence": 0.809
        },
        {
          "text": "नहीं",
          "start": 8.74,
          "end": 8.92,
          "confidence": 0.926
        },
        {
          "text": "था,",
          "start": 8.92,
          "end": 9.48,
          "confidence": 0.935
        },
        {
          "text": "उन्हों",
          "start": 9.94,
          "end": 10.2,
          "confidence": 0.851
        },
        {
          "text": "ने",
          "start": 10.2,
          "end": 10.32,
          "confidence": 0.709
        },
        {
          "text": "पूती",
          "start": 10.32,
          "end": 11.32,
          "confidence": 0.423
        },
        {
          "text": "जाना",
          "start": 11.32,
          "end": 11.34,
          "confidence": 0.417
        },
        {
          "text": "होगा.",
          "start": 11.34,
          "end": 12.48,
          "confidence": 0.608
        }
      ]
    }
  ],
  "language": "hi"
}