{
  "text": " कि शुनन मैं पहुँच प्रसंद करते हूँ, मेरी जीवने बदलाग की चंच आती रहती हैं। इसे के साथ मैं ये संदेश देना चाहता हूँ, जिहार मुगलवाणी के साथ होता है।",
  "segments": [
    {
      "id": 0,
      "seek": 0,
      "start": 0.0,
      "end": 6.92,
      "text": " कि शुनन मैं पहुँच प्रसंद करते हूँ, मेरी जीवने बदलाग की चंच आती रहती हैं।",
      "tokens": [
        50364,
        220,
        156,
        97,
        243,
        33279,
        8485,
        114,
        8703,
        223,
        35082,
        35082,
        48449,
        43372,
        31945,
        8485,
        103,
        44500,
        8703,
        223,
        3941,
        223,
        3941,
        248,
        8485,
        103,
        27099,
        25411,
        45938,
        31945,
        3941,
        99,
        31970,
        25411,
        36158,
        21981,
        37139,
        8703,
        224,
        3941,
        223,
        11,
        48449,
        21981,
        25411,
        31881,
        8485,
        250,
        31881,
        3941,
        113,
        35082,
        21981,
        8485,
        105,
        3941,
        99,
        46758,
        17937,
        3941,
        245,
        31970,
        31881,
        8485,
        248,
        31945,
        3941,
        248,
        8485,
        228,
        36158,
        31881,
        8485,
        108,
        44500,
        36158,
        31881,
        37139,
        43372,
        31945,
        8703,
        97,
        50714
      ],
      "temperature": 0.0,
      "avg_logprob": -0.31494034392924247,
      "compression_ratio": 1.9945652173913044,
      "no_speech_prob": 0.5699813961982727,
      "confidence": 0.71,
      "words": [
        {
          "text": "कि",
          "start": 0.0,
          "end": 0.6,
          "confidence": 0.499
        },
        {
          "text": "शुनन",
          "start": 0.6,
          "end": 0.9,
          "confidence": 0.561
        },
        {
          "text": "मैं",
          "start": 0.9,
          "end": 1.12,
          "confidence": 0.632
        },
        {
          "text": "पहुँच",
          "start": 1.12,
          "end": 1.38,
          "confidence": 0.78
        },
        {
          "text": "प्रसंद",
          "start": 1.38,
          "end": 1.7,
          "confidence": 0.86
        },
        {
          "text": "करते",
          "start": 1.7,
          "end": 1.96,
          "confidence": 0.485
        },
        {
          "text": "हूँ,",
          "start": 1.96,
          "end": 2.18,
          "confidence": 0.678
        },
        {
          "text": "मेरी",
          "start": 2.28,
          "end": 2.48,
          "confidence": 0.912
        },
        {
          "text": "जीवने",
          "start": 2.48,
          "end": 3.2,
          "confidence": 0.846
        },
        {
          "text": "बदलाग",
          "start": 3.2,
          "end": 4.14,
          "confidence": 0.822
        },
        {
          "text": "की",
          "start": 4.14,
          "end": 4.7,
          "confidence": 0.63
        },
        {
          "text": "चंच",
          "start": 4.7,
          "end": 5.1,
          "confidence": 0.533
        },
        {
          "text": "आती",
          "start": 5.1,
          "end": 6.14,
          "confidence": 0.912
        },
        {
          "text": "रहती",
          "start": 6.14,
          "end": 6.5,
          "confidence": 0.716
        },
        {
          "text": "हैं।",
          "start": 6.5,
          "end": 6.92,
          "confidence": 0.722
        }
      ]
    },
    {
      "id": 1,
      "seek": 0,
      "start": 6.92,
      "end": 12.48,
      "text": " इसे के साथ मैं ये संदेश देना चाहता हूँ, जिहार मुगलवाणी के साथ होता है।",
      "tokens": [
        50714,
        8485,
        229,
        45938,
        21981,
        31970,
        21981,
        49316,
        17937,
        3941,
        98,
        48449,
        43372,
        31945,
        8485,
        107,
        21981,
        49316,
        31945,
        3941,
        99,
        21981,
        3941,
        114,
        8485,
        99,
        21981,
        35082,
        17937,
        8485,
        248,
        17937,
        44500,
        36158,
        17937,
        37139,
        8703,
        224,
        3941,
        223,
        11,
        8485,
        250,
        33279,
        44500,
        17937,
        25411,
        48449,
        8703,
        223,
        3941,
        245,
        46758,
        3941,
        113,
        17937,
        3941,
        96,
        31881,
        31970,
        21981,
        49316,
        17937,
        3941,
        98,
        37139,
        33926,
        36158,
        17937,
        37139,
        43372,
        8703,
        97,
        50964
      ],
      "temperature": 0.0,
      "avg_logprob": -0.31494034392924247,
      "compression_ratio": 1.9945652173913044,
      "no_speech_prob": 0.5699813961982727,
      "confidence": 0.773,
      "words": [
        {
          "text": "इसे",
          "start": 6.92,
          "end": 7.12,
          "confidence": 0.658
        },
        {
          "text": "के",
          "start": 7.12,
          "end": 7.26,
          "confidence": 0.699
        },
        {
          "text": "साथ",
          "start": 7.26,
          "end": 7.8,
          "confidence": 0.931
        },
        {
          "text": "मैं",
          "start": 7.8,
          "end": 8.26,
          "confidence": 0.889
        },
        {
          "text": "ये",
          "start": 8.26,
          "end": 8.8,
          "confidence": 0.835
        },
        {
          "text": "संदेश",
          "start": 8.8,
          "end": 9.34,
          "confidence": 0.781
        },
        {
          "text": "देना",
          "start": 9.34,
          "end": 9.66,
          "confidence": 0.943
        },
        {
          "text": "चाहता",
          "start": 9.66,
          "end": 10.04,
          "confidence": 0.88
        },
        {
          "text": "हूँ,",
          "start": 10.04,
          "end": 10.24,
          "confidence": 0.9
        },
        {
          "text": "जिहार",
          "start": 10.26,
          "end": 10.54,
          "confidence": 0.613
        },
        {
          "text": "मुगलवाणी",
          "start": 10.54,
          "end": 11.06,
          "confidence": 0.782
        },
        {
          "text": "के",
          "start": 11.06,
          "end": 11.22,
          "confidence": 0.883
        },
        {
          "text": "साथ",
          "start": 11.22,
          "end": 11.48,
          "confidence": 0.963
        },
        {
          "text": "होता",
          "start": 11.48,
          "end": 12.06,
          "confidence": 0.378
        },
        {
          "text": "है।",
          "start": 12.06,
          "end": 12.48,
          "confidence": 0.738
        }
      ]
    }
  ],
  "language": "hi"
}