{
  "text": " सच्चेतना की जड़िये अधिकायों को करमचारी के दाइप को साफने और गौंबों में बालदगा रोकने का संदेश पहुँचाने पर भी जोर देना चाहिए. और हम सभी रिपोर्टर जबन वुलेंटियर बियार मुबाल बानी के माद्यम से",
  "segments": [
    {
      "id": 0,
      "seek": 0,
      "start": 0.0,
      "end": 8.52,
      "text": " सच्चेतना की जड़िये अधिकायों को करमचारी के दाइप को साफने और गौंबों में बालदगा रोकने का संदेश पहुँचाने पर भी जोर देना चाहिए.",
      "tokens": [
        50364,
        49316,
        3941,
        248,
        27099,
        3941,
        248,
        21981,
        36158,
        35082,
        17937,
        31970,
        31881,
        8485,
        250,
        3941,
        94,
        3941,
        120,
        33279,
        48268,
        21981,
        8485,
        227,
        3941,
        100,
        33279,
        41858,
        17937,
        48268,
        33926,
        31945,
        31970,
        33926,
        31970,
        25411,
        48521,
        3941,
        248,
        17937,
        25411,
        31881,
        31970,
        21981,
        8485,
        99,
        17937,
        3941,
        229,
        3941,
        103,
        31970,
        33926,
        49316,
        17937,
        3941,
        104,
        35082,
        21981,
        8485,
        242,
        25411,
        8485,
        245,
        8703,
        234,
        31945,
        3941,
        105,
        33926,
        31945,
        48449,
        21981,
        31945,
        8485,
        105,
        17937,
        46758,
        3941,
        99,
        3941,
        245,
        17937,
        8485,
        108,
        33926,
        41858,
        35082,
        21981,
        31970,
        17937,
        49316,
        31945,
        3941,
        99,
        21981,
        3941,
        114,
        8485,
        103,
        44500,
        8703,
        223,
        3941,
        223,
        3941,
        248,
        17937,
        35082,
        21981,
        8485,
        103,
        25411,
        8485,
        255,
        31881,
        8485,
        250,
        33926,
        25411,
        8485,
        99,
        21981,
        35082,
        17937,
        8485,
        248,
        17937,
        44500,
        33279,
        3941,
        237,
        13,
        50814
      ],
      "temperature": 0.0,
      "avg_logprob": -0.298781127178023,
      "compression_ratio": 2.1365638766519823,
      "no_speech_prob": 0.5541737079620361,
      "confidence": 0.769,
      "words": [
        {
          "text": "सच्चेतना",
          "start": 0.0,
          "end": 0.8,
          "confidence": 0.637
        },
        {
          "text": "की",
          "start": 0.8,
          "end": 0.88,
          "confidence": 0.799
        },
        {
          "text": "जड़िये",
          "start": 0.88,
          "end": 1.26,
          "confidence": 0.773
        },
        {
          "text": "अधिकायों",
          "start": 1.26,
          "end": 2.08,
          "confidence": 0.878
        },
        {
          "text": "को",
          "start": 2.08,
          "end": 2.28,
          "confidence": 0.874
        },
        {
          "text": "करमचारी",
          "start": 2.28,
          "end": 3.02,
          "confidence": 0.821
        },
        {
          "text": "के",
          "start": 3.02,
          "end": 3.1,
          "confidence": 0.831
        },
        {
          "text": "दाइप",
          "start": 3.1,
          "end": 3.4,
          "confidence": 0.606
        },
        {
          "text": "को",
          "start": 3.4,
          "end": 3.62,
          "confidence": 0.639
        },
        {
          "text": "साफने",
          "start": 3.62,
          "end": 4.12,
          "confidence": 0.612
        },
        {
          "text": "और",
          "start": 4.12,
          "end": 4.54,
          "confidence": 0.819
        },
        {
          "text": "गौंबों",
          "start": 4.54,
          "end": 4.88,
          "confidence": 0.645
        },
        {
          "text": "में",
          "start": 4.88,
          "end": 5.02,
          "confidence": 0.906
        },
        {
          "text": "बालदगा",
          "start": 5.02,
          "end": 5.58,
          "confidence": 0.709
        },
        {
          "text": "रोकने",
          "start": 5.58,
          "end": 6.14,
          "confidence": 0.734
        },
        {
          "text": "का",
          "start": 6.14,
          "end": 6.22,
          "confidence": 0.875
        },
        {
          "text": "संदेश",
          "start": 6.22,
          "end": 6.72,
          "confidence": 0.848
        },
        {
          "text": "पहुँचाने",
          "start": 6.72,
          "end": 7.48,
          "confidence": 0.794
        },
        {
          "text": "पर",
          "start": 7.48,
          "end": 7.6,
          "confidence": 0.931
        },
        {
          "text": "भी",
          "start": 7.6,
          "end": 7.74,
          "confidence": 0.882
        },
        {
          "text": "जोर",
          "start": 7.74,
          "end": 7.92,
          "confidence": 0.864
        },
        {
          "text": "देना",
          "start": 7.92,
          "end": 8.24,
          "confidence": 0.938
        },
        {
          "text": "चाहिए.",
          "start": 8.24,
          "end": 8.52,
          "confidence": 0.883
        }
      ]
    },
    {
      "id": 1,
      "seek": 0,
      "start": 9.0,
      "end": 13.58,
      "text": " और हम सभी रिपोर्टर जबन वुलेंटियर बियार मुबाल बानी के माद्यम से",
      "tokens": [
        50814,
        8485,
        242,
        25411,
        37139,
        48521,
        49316,
        3941,
        255,
        31881,
        8485,
        108,
        33279,
        3941,
        103,
        33926,
        25411,
        27099,
        3941,
        253,
        25411,
        8485,
        250,
        3941,
        105,
        35082,
        8485,
        113,
        8703,
        223,
        46758,
        21981,
        31945,
        3941,
        253,
        33279,
        48268,
        25411,
        8485,
        105,
        33279,
        48268,
        17937,
        25411,
        48449,
        8703,
        223,
        3941,
        105,
        17937,
        46758,
        8485,
        105,
        17937,
        35082,
        31881,
        31970,
        21981,
        48449,
        17937,
        3941,
        99,
        27099,
        48268,
        48521,
        49316,
        21981,
        51064
      ],
      "temperature": 0.0,
      "avg_logprob": -0.298781127178023,
      "compression_ratio": 2.1365638766519823,
      "no_speech_prob": 0.5541737079620361,
      "confidence": 0.726,
      "words": [
        {
          "text": "और",
          "start": 9.0,
          "end": 9.16,
          "confidence": 0.843
        },
        {
          "text": "हम",
          "start": 9.16,
          "end": 9.38,
          "confidence": 0.936
        },
        {
          "text": "सभी",
          "start": 9.38,
          "end": 10.08,
          "confidence": 0.821
        },
        {
          "text": "रिपोर्टर",
          "start": 10.08,
          "end": 10.82,
          "confidence": 0.809
        },
        {
          "text": "जबन",
          "start": 10.82,
          "end": 11.08,
          "confidence": 0.633
        },
        {
          "text": "वुलेंटियर",
          "start": 11.08,
          "end": 11.8,
          "confidence": 0.646
        },
        {
          "text": "बियार",
          "start": 11.8,
          "end": 12.32,
          "confidence": 0.642
        },
        {
          "text": "मुबाल",
          "start": 12.32,
          "end": 12.52,
          "confidence": 0.678
        },
        {
          "text": "बानी",
          "start": 12.52,
          "end": 12.8,
          "confidence": 0.645
        },
        {
          "text": "के",
          "start": 12.8,
          "end": 12.82,
          "confidence": 0.844
        },
        {
          "text": "माद्यम",
          "start": 12.82,
          "end": 13.28,
          "confidence": 0.801
        },
        {
          "text": "से",
          "start": 13.28,
          "end": 13.58,
          "confidence": 0.819
        }
      ]
    }
  ],
  "language": "hi"
}