{
  "text": " कफी न बोलना ग्रामवानी कमिलिजी को जंता कहता है आज इसी पोजड़ है गिहारवानी को.",
  "segments": [
    {
      "id": 0,
      "seek": 0,
      "start": 0.0,
      "end": 11.0,
      "text": " कफी न बोलना ग्रामवानी कमिलिजी को जंता कहता है आज इसी पोजड़ है गिहारवानी को.",
      "tokens": [
        50364,
        31970,
        3941,
        104,
        31881,
        8485,
        101,
        8485,
        105,
        33926,
        46758,
        35082,
        17937,
        8485,
        245,
        27099,
        25411,
        17937,
        48521,
        3941,
        113,
        17937,
        35082,
        31881,
        31970,
        48521,
        33279,
        46758,
        33279,
        3941,
        250,
        31881,
        31970,
        33926,
        8485,
        250,
        31945,
        36158,
        17937,
        31970,
        44500,
        36158,
        17937,
        37139,
        43372,
        8485,
        228,
        3941,
        250,
        8485,
        229,
        45938,
        31881,
        8485,
        103,
        33926,
        3941,
        250,
        3941,
        94,
        3941,
        120,
        37139,
        43372,
        8485,
        245,
        33279,
        44500,
        17937,
        25411,
        3941,
        113,
        17937,
        35082,
        31881,
        31970,
        33926,
        13,
        50914
      ],
      "temperature": 0.0,
      "avg_logprob": -0.361356782913208,
      "compression_ratio": 1.598360655737705,
      "no_speech_prob": 0.059853795915842056,
      "confidence": 0.709,
      "words": [
        {
          "text": "कफी",
          "start": 0.0,
          "end": 0.78,
          "confidence": 0.667
        },
        {
          "text": "न",
          "start": 0.78,
          "end": 0.82,
          "confidence": 0.77
        },
        {
          "text": "बोलना",
          "start": 0.82,
          "end": 1.76,
          "confidence": 0.718
        },
        {
          "text": "ग्रामवानी",
          "start": 1.76,
          "end": 3.1,
          "confidence": 0.818
        },
        {
          "text": "कमिलिजी",
          "start": 3.1,
          "end": 6.68,
          "confidence": 0.57
        },
        {
          "text": "को",
          "start": 6.68,
          "end": 6.96,
          "confidence": 0.842
        },
        {
          "text": "जंता",
          "start": 6.96,
          "end": 8.26,
          "confidence": 0.729
        },
        {
          "text": "कहता",
          "start": 8.26,
          "end": 8.7,
          "confidence": 0.75
        },
        {
          "text": "है",
          "start": 8.7,
          "end": 8.92,
          "confidence": 0.941
        },
        {
          "text": "आज",
          "start": 8.92,
          "end": 9.26,
          "confidence": 0.917
        },
        {
          "text": "इसी",
          "start": 9.26,
          "end": 9.56,
          "confidence": 0.419
        },
        {
          "text": "पोजड़",
          "start": 9.56,
          "end": 9.96,
          "confidence": 0.542
        },
        {
          "text": "है",
          "start": 9.96,
          "end": 10.1,
          "confidence": 0.916
        },
        {
          "text": "गिहारवानी",
          "start": 10.1,
          "end": 10.84,
          "confidence": 0.807
        },
        {
          "text": "को.",
          "start": 10.84,
          "end": 11.0,
          "confidence": 0.884
        }
      ]
    }
  ],
  "language": "hi"
}