{
  "text": " ज्हारकन के निनतिक कितान निहर रहे उकवर आत्मान",
  "segments": [
    {
      "id": 0,
      "seek": 0,
      "start": 0.0,
      "end": 3.92,
      "text": " ज्हारकन के निनतिक कितान निहर रहे उकवर आत्मान",
      "tokens": [
        50364,
        8485,
        250,
        27099,
        44500,
        17937,
        25411,
        41858,
        35082,
        31970,
        21981,
        8485,
        101,
        33279,
        35082,
        36158,
        33279,
        41858,
        31970,
        33279,
        36158,
        17937,
        35082,
        8485,
        101,
        33279,
        44500,
        25411,
        8485,
        108,
        44500,
        21981,
        8485,
        231,
        41858,
        3941,
        113,
        25411,
        8485,
        228,
        36158,
        27099,
        48521,
        17937,
        35082,
        50564
      ],
      "temperature": 0.0,
      "avg_logprob": -0.4486353448096742,
      "compression_ratio": 1.4567901234567902,
      "no_speech_prob": 0.6116378307342529,
      "confidence": 0.637,
      "words": [
        {
          "text": "ज्हारकन",
          "start": 0.0,
          "end": 0.92,
          "confidence": 0.52
        },
        {
          "text": "के",
          "start": 0.92,
          "end": 1.12,
          "confidence": 0.829
        },
        {
          "text": "निनतिक",
          "start": 1.12,
          "end": 1.66,
          "confidence": 0.483
        },
        {
          "text": "कितान",
          "start": 1.66,
          "end": 2.1,
          "confidence": 0.657
        },
        {
          "text": "निहर",
          "start": 2.1,
          "end": 2.7,
          "confidence": 0.623
        },
        {
          "text": "रहे",
          "start": 2.7,
          "end": 2.96,
          "confidence": 0.897
        },
        {
          "text": "उकवर",
          "start": 2.96,
          "end": 3.26,
          "confidence": 0.634
        },
        {
          "text": "आत्मान",
          "start": 3.26,
          "end": 3.92,
          "confidence": 0.803
        }
      ]
    }
  ],
  "language": "hi"
}