{
  "text": " परकार सिर्फ आने देखते हैं, पिकाज के देवताई देखते हैं तो उनको आपानी से मिलने ही है तैंच. इसे भासन में लंबी चोरी भासन दे सके.",
  "segments": [
    {
      "id": 0,
      "seek": 0,
      "start": 0.0,
      "end": 9.52,
      "text": " परकार सिर्फ आने देखते हैं, पिकाज के देवताई देखते हैं तो उनको आपानी से मिलने ही है तैंच. इसे भासन में लंबी चोरी भासन दे सके.",
      "tokens": [
        50364,
        8485,
        103,
        25411,
        41858,
        17937,
        25411,
        49316,
        33279,
        25411,
        27099,
        3941,
        104,
        8485,
        228,
        3941,
        101,
        21981,
        8485,
        99,
        21981,
        3941,
        244,
        36158,
        21981,
        37139,
        43372,
        31945,
        11,
        8485,
        103,
        33279,
        41858,
        17937,
        3941,
        250,
        31970,
        21981,
        8485,
        99,
        21981,
        3941,
        113,
        36158,
        17937,
        3941,
        230,
        8485,
        99,
        21981,
        3941,
        244,
        36158,
        21981,
        37139,
        43372,
        31945,
        8485,
        97,
        33926,
        8485,
        231,
        35082,
        41858,
        33926,
        8485,
        228,
        3941,
        103,
        17937,
        35082,
        31881,
        49316,
        21981,
        48449,
        33279,
        46758,
        35082,
        21981,
        37139,
        31881,
        37139,
        43372,
        8485,
        97,
        43372,
        31945,
        3941,
        248,
        13,
        8485,
        229,
        45938,
        21981,
        8485,
        255,
        17937,
        45938,
        35082,
        48449,
        21981,
        31945,
        8485,
        110,
        31945,
        3941,
        105,
        31881,
        8485,
        248,
        33926,
        25411,
        31881,
        8485,
        255,
        17937,
        45938,
        35082,
        8485,
        99,
        21981,
        49316,
        41858,
        21981,
        13,
        50864
      ],
      "temperature": 0.0,
      "avg_logprob": -0.38774292112335446,
      "compression_ratio": 1.95625,
      "no_speech_prob": 0.34725141525268555,
      "confidence": 0.693,
      "words": [
        {
          "text": "परकार",
          "start": 0.0,
          "end": 1.78,
          "confidence": 0.493
        },
        {
          "text": "सिर्फ",
          "start": 1.78,
          "end": 2.08,
          "confidence": 0.797
        },
        {
          "text": "आने",
          "start": 2.08,
          "end": 2.36,
          "confidence": 0.411
        },
        {
          "text": "देखते",
          "start": 2.36,
          "end": 2.8,
          "confidence": 0.913
        },
        {
          "text": "हैं,",
          "start": 2.8,
          "end": 3.0,
          "confidence": 0.881
        },
        {
          "text": "पिकाज",
          "start": 3.72,
          "end": 4.0,
          "confidence": 0.609
        },
        {
          "text": "के",
          "start": 4.0,
          "end": 4.16,
          "confidence": 0.629
        },
        {
          "text": "देवताई",
          "start": 4.16,
          "end": 4.6,
          "confidence": 0.728
        },
        {
          "text": "देखते",
          "start": 4.6,
          "end": 4.96,
          "confidence": 0.811
        },
        {
          "text": "हैं",
          "start": 4.96,
          "end": 5.3,
          "confidence": 0.897
        },
        {
          "text": "तो",
          "start": 5.3,
          "end": 5.32,
          "confidence": 0.719
        },
        {
          "text": "उनको",
          "start": 5.32,
          "end": 5.5,
          "confidence": 0.914
        },
        {
          "text": "आपानी",
          "start": 5.5,
          "end": 6.0,
          "confidence": 0.66
        },
        {
          "text": "से",
          "start": 6.0,
          "end": 6.14,
          "confidence": 0.861
        },
        {
          "text": "मिलने",
          "start": 6.14,
          "end": 6.56,
          "confidence": 0.718
        },
        {
          "text": "ही",
          "start": 6.56,
          "end": 6.66,
          "confidence": 0.419
        },
        {
          "text": "है",
          "start": 6.66,
          "end": 6.72,
          "confidence": 0.867
        },
        {
          "text": "तैंच.",
          "start": 6.72,
          "end": 7.22,
          "confidence": 0.269
        },
        {
          "text": "इसे",
          "start": 7.36,
          "end": 7.58,
          "confidence": 0.767
        },
        {
          "text": "भासन",
          "start": 7.58,
          "end": 7.92,
          "confidence": 0.862
        },
        {
          "text": "में",
          "start": 7.92,
          "end": 8.1,
          "confidence": 0.86
        },
        {
          "text": "लंबी",
          "start": 8.1,
          "end": 8.4,
          "confidence": 0.7
        },
        {
          "text": "चोरी",
          "start": 8.4,
          "end": 8.64,
          "confidence": 0.58
        },
        {
          "text": "भासन",
          "start": 8.64,
          "end": 9.0,
          "confidence": 0.942
        },
        {
          "text": "दे",
          "start": 9.0,
          "end": 9.18,
          "confidence": 0.88
        },
        {
          "text": "सके.",
          "start": 9.18,
          "end": 9.52,
          "confidence": 0.911
        }
      ]
    }
  ],
  "language": "hi"
}