{
  "text": " दन्बाग की दिला कोडिनेटर पफाजु लगात, रविंद्र मतो, फर्केश्वर मतो, मदनलाय चौन, राधुराय, दिर्बल मतो, कंचन कुमारी, राणी कुमारी, उलाम शुरूरी, पुराजावाद पुराजावाद, पुराजावाद पुराजावाद, पुराजावाद �",
  "segments": [
    {
      "id": 0,
      "seek": 0,
      "start": 0.0,
      "end": 11.7,
      "text": " दन्बाग की दिला कोडिनेटर पफाजु लगात, रविंद्र मतो, फर्केश्वर मतो, मदनलाय चौन, राधुराय, दिर्बल मतो, कंचन कुमारी, राणी कुमारी, उलाम शुरूरी, पुराजावाद पुराजावाद, पुराजावाद पुराजावाद, पुराजावाद �",
      "tokens": [
        50364,
        8485,
        99,
        35082,
        27099,
        3941,
        105,
        17937,
        3941,
        245,
        31970,
        31881,
        8485,
        99,
        33279,
        46758,
        17937,
        31970,
        33926,
        3941,
        94,
        33279,
        35082,
        21981,
        3941,
        253,
        25411,
        8485,
        103,
        3941,
        104,
        17937,
        3941,
        250,
        8703,
        223,
        8485,
        110,
        3941,
        245,
        17937,
        36158,
        11,
        8485,
        108,
        3941,
        113,
        33279,
        31945,
        3941,
        99,
        27099,
        25411,
        48449,
        36158,
        33926,
        11,
        8485,
        104,
        25411,
        27099,
        41858,
        21981,
        3941,
        114,
        27099,
        3941,
        113,
        25411,
        48449,
        36158,
        33926,
        11,
        48449,
        3941,
        99,
        35082,
        46758,
        17937,
        48268,
        8485,
        248,
        8703,
        234,
        35082,
        11,
        8485,
        108,
        17937,
        3941,
        100,
        8703,
        223,
        25411,
        17937,
        48268,
        11,
        8485,
        99,
        33279,
        25411,
        27099,
        3941,
        105,
        46758,
        48449,
        36158,
        33926,
        11,
        31970,
        31945,
        3941,
        248,
        35082,
        31970,
        8703,
        223,
        48521,
        17937,
        25411,
        31881,
        11,
        8485,
        108,
        17937,
        3941,
        96,
        31881,
        31970,
        8703,
        223,
        48521,
        17937,
        25411,
        31881,
        11,
        8485,
        231,
        46758,
        17937,
        48521,
        8485,
        114,
        8703,
        223,
        25411,
        8703,
        224,
        25411,
        31881,
        11,
        8485,
        103,
        8703,
        223,
        25411,
        17937,
        3941,
        250,
        17937,
        3941,
        113,
        17937,
        3941,
        99,
        8485,
        103,
        8703,
        223,
        25411,
        17937,
        3941,
        250,
        17937,
        3941,
        113,
        17937,
        3941,
        99,
        11,
        8485,
        103,
        8703,
        223,
        25411,
        17937,
        3941,
        250,
        17937,
        3941,
        113,
        17937,
        3941,
        99,
        8485,
        103,
        8703,
        223,
        25411,
        17937,
        3941,
        250,
        17937,
        3941,
        113,
        17937,
        3941,
        99,
        11,
        8485,
        103,
        8703,
        223,
        25411,
        17937,
        3941,
        250,
        17937,
        3941,
        113,
        17937,
        3941,
        99,
        8485
      ],
      "temperature": 0.0,
      "avg_logprob": -0.38842420789930554,
      "compression_ratio": 2.5677083333333335,
      "no_speech_prob": 0.7499127984046936,
      "confidence": 0.676,
      "words": [
        {
          "text": "दन्बाग",
          "start": 0.0,
          "end": 0.7,
          "confidence": 0.459
        },
        {
          "text": "की",
          "start": 0.7,
          "end": 0.82,
          "confidence": 0.645
        },
        {
          "text": "दिला",
          "start": 0.82,
          "end": 1.2,
          "confidence": 0.711
        },
        {
          "text": "कोडिनेटर",
          "start": 1.2,
          "end": 1.96,
          "confidence": 0.707
        },
        {
          "text": "पफाजु",
          "start": 1.96,
          "end": 2.44,
          "confidence": 0.52
        },
        {
          "text": "लगात,",
          "start": 2.44,
          "end": 2.88,
          "confidence": 0.759
        },
        {
          "text": "रविंद्र",
          "start": 3.22,
          "end": 3.64,
          "confidence": 0.854
        },
        {
          "text": "मतो,",
          "start": 3.64,
          "end": 4.0,
          "confidence": 0.712
        },
        {
          "text": "फर्केश्वर",
          "start": 4.32,
          "end": 4.96,
          "confidence": 0.77
        },
        {
          "text": "मतो,",
          "start": 4.96,
          "end": 5.42,
          "confidence": 0.946
        },
        {
          "text": "मदनलाय",
          "start": 6.06,
          "end": 6.3,
          "confidence": 0.638
        },
        {
          "text": "चौन,",
          "start": 6.3,
          "end": 6.76,
          "confidence": 0.696
        },
        {
          "text": "राधुराय,",
          "start": 7.16,
          "end": 7.66,
          "confidence": 0.785
        },
        {
          "text": "दिर्बल",
          "start": 7.92,
          "end": 8.18,
          "confidence": 0.866
        },
        {
          "text": "मतो,",
          "start": 8.18,
          "end": 8.6,
          "confidence": 0.926
        },
        {
          "text": "कंचन",
          "start": 8.68,
          "end": 8.94,
          "confidence": 0.809
        },
        {
          "text": "कुमारी,",
          "start": 8.94,
          "end": 9.4,
          "confidence": 0.913
        },
        {
          "text": "राणी",
          "start": 9.98,
          "end": 10.0,
          "confidence": 0.842
        },
        {
          "text": "कुमारी,",
          "start": 10.0,
          "end": 10.36,
          "confidence": 0.935
        },
        {
          "text": "उलाम",
          "start": 10.98,
          "end": 11.48,
          "confidence": 0.732
        },
        {
          "text": "शुरूरी,",
          "start": 11.48,
          "end": 11.6,
          "confidence": 0.352
        },
        {
          "text": "पुराजावाद",
          "start": 11.6,
          "end": 11.62,
          "confidence": 0.263
        },
        {
          "text": "पुराजावाद,",
          "start": 11.62,
          "end": 11.64,
          "confidence": 0.645
        },
        {
          "text": "पुराजावाद",
          "start": 11.64,
          "end": 11.66,
          "confidence": 0.748
        },
        {
          "text": "पुराजावाद,",
          "start": 11.66,
          "end": 11.68,
          "confidence": 0.861
        },
        {
          "text": "पुराजावाद",
          "start": 11.68,
          "end": 11.7,
          "confidence": 0.855
        }
      ]
    }
  ],
  "language": "hi"
}