{
  "text": " इस मर्जप्रदश मौबाल वानी के सभी सुनने वारे सुरुताओं को और मेरे मिठ्रों को सभी कोहार पीखार की सुपकाम लें। धन्यवाद नमस्कार।",
  "segments": [
    {
      "id": 0,
      "seek": 0,
      "start": 0.0,
      "end": 8.02,
      "text": " इस मर्जप्रदश मौबाल वानी के सभी सुनने वारे सुरुताओं को और मेरे मिठ्रों को सभी कोहार पीखार की सुपकाम लें। धन्यवाद नमस्कार।",
      "tokens": [
        50364,
        8485,
        229,
        45938,
        48449,
        25411,
        27099,
        3941,
        250,
        3941,
        103,
        27099,
        25411,
        3941,
        99,
        3941,
        114,
        48449,
        8703,
        234,
        3941,
        105,
        17937,
        46758,
        8485,
        113,
        17937,
        35082,
        31881,
        31970,
        21981,
        49316,
        3941,
        255,
        31881,
        49316,
        8703,
        223,
        35082,
        35082,
        21981,
        8485,
        113,
        17937,
        25411,
        21981,
        49316,
        8703,
        223,
        25411,
        8703,
        223,
        36158,
        17937,
        3941,
        241,
        31945,
        31970,
        33926,
        8485,
        242,
        25411,
        48449,
        21981,
        25411,
        21981,
        48449,
        33279,
        3941,
        254,
        27099,
        25411,
        33926,
        31945,
        31970,
        33926,
        49316,
        3941,
        255,
        31881,
        31970,
        33926,
        44500,
        17937,
        25411,
        8485,
        103,
        31881,
        3941,
        244,
        17937,
        25411,
        31970,
        31881,
        49316,
        8703,
        223,
        3941,
        103,
        41858,
        17937,
        48521,
        8485,
        110,
        21981,
        31945,
        8703,
        97,
        8485,
        100,
        35082,
        27099,
        48268,
        3941,
        113,
        17937,
        3941,
        99,
        8485,
        101,
        48521,
        45938,
        27099,
        41858,
        17937,
        3941,
        108,
        8703,
        97,
        50764
      ],
      "temperature": 0.0,
      "avg_logprob": -0.3945816272997674,
      "compression_ratio": 1.950920245398773,
      "no_speech_prob": 0.39002546668052673,
      "confidence": 0.679,
      "words": [
        {
          "text": "इस",
          "start": 0.0,
          "end": 0.46,
          "confidence": 0.838
        },
        {
          "text": "मर्जप्रदश",
          "start": 0.46,
          "end": 1.06,
          "confidence": 0.669
        },
        {
          "text": "मौबाल",
          "start": 1.06,
          "end": 1.44,
          "confidence": 0.746
        },
        {
          "text": "वानी",
          "start": 1.44,
          "end": 1.68,
          "confidence": 0.58
        },
        {
          "text": "के",
          "start": 1.68,
          "end": 1.96,
          "confidence": 0.896
        },
        {
          "text": "सभी",
          "start": 1.96,
          "end": 2.22,
          "confidence": 0.537
        },
        {
          "text": "सुनने",
          "start": 2.22,
          "end": 3.14,
          "confidence": 0.782
        },
        {
          "text": "वारे",
          "start": 3.14,
          "end": 3.4,
          "confidence": 0.764
        },
        {
          "text": "सुरुताओं",
          "start": 3.4,
          "end": 3.92,
          "confidence": 0.799
        },
        {
          "text": "को",
          "start": 3.92,
          "end": 4.2,
          "confidence": 0.86
        },
        {
          "text": "और",
          "start": 4.2,
          "end": 4.56,
          "confidence": 0.896
        },
        {
          "text": "मेरे",
          "start": 4.56,
          "end": 4.82,
          "confidence": 0.951
        },
        {
          "text": "मिठ्रों",
          "start": 4.82,
          "end": 5.28,
          "confidence": 0.706
        },
        {
          "text": "को",
          "start": 5.28,
          "end": 5.46,
          "confidence": 0.867
        },
        {
          "text": "सभी",
          "start": 5.46,
          "end": 5.78,
          "confidence": 0.801
        },
        {
          "text": "कोहार",
          "start": 5.78,
          "end": 6.14,
          "confidence": 0.711
        },
        {
          "text": "पीखार",
          "start": 6.14,
          "end": 6.48,
          "confidence": 0.403
        },
        {
          "text": "की",
          "start": 6.48,
          "end": 6.62,
          "confidence": 0.689
        },
        {
          "text": "सुपकाम",
          "start": 6.62,
          "end": 7.1,
          "confidence": 0.703
        },
        {
          "text": "लें।",
          "start": 7.1,
          "end": 7.34,
          "confidence": 0.349
        },
        {
          "text": "धन्यवाद",
          "start": 7.34,
          "end": 7.56,
          "confidence": 0.678
        },
        {
          "text": "नमस्कार।",
          "start": 7.56,
          "end": 8.02,
          "confidence": 0.67
        }
      ]
    }
  ],
  "language": "hi"
}