{
  "text": " विप में ही पराइँ छोड़कर भाग जाते थे। आच्छल आचाज जरव करते हैं कि अच्छा हुआ कि जरव को जेमेरा समय नक्ष्ट कर दिया।",
  "segments": [
    {
      "id": 0,
      "seek": 0,
      "start": 0.0,
      "end": 11.68,
      "text": " विप में ही पराइँ छोड़कर भाग जाते थे। आच्छल आचाज जरव करते हैं कि अच्छा हुआ कि जरव को जेमेरा समय नक्ष्ट कर दिया।",
      "tokens": [
        50364,
        8485,
        113,
        33279,
        3941,
        103,
        48449,
        21981,
        31945,
        37139,
        31881,
        8485,
        103,
        25411,
        17937,
        3941,
        229,
        3941,
        223,
        8485,
        249,
        33926,
        3941,
        94,
        3941,
        120,
        41858,
        25411,
        8485,
        255,
        17937,
        3941,
        245,
        8485,
        250,
        17937,
        36158,
        21981,
        8485,
        98,
        21981,
        8703,
        97,
        8485,
        228,
        3941,
        248,
        27099,
        3941,
        249,
        46758,
        8485,
        228,
        3941,
        248,
        17937,
        3941,
        250,
        8485,
        250,
        25411,
        3941,
        113,
        31970,
        25411,
        36158,
        21981,
        37139,
        43372,
        31945,
        31970,
        33279,
        8485,
        227,
        3941,
        248,
        27099,
        3941,
        249,
        17937,
        37139,
        8703,
        223,
        3941,
        228,
        31970,
        33279,
        8485,
        250,
        25411,
        3941,
        113,
        31970,
        33926,
        8485,
        250,
        21981,
        48521,
        21981,
        25411,
        17937,
        49316,
        48521,
        48268,
        8485,
        101,
        41858,
        27099,
        3941,
        115,
        27099,
        3941,
        253,
        31970,
        25411,
        8485,
        99,
        33279,
        48268,
        17937,
        8703,
        97,
        50964
      ],
      "temperature": 0.0,
      "avg_logprob": -0.3306331019247732,
      "compression_ratio": 1.7974683544303798,
      "no_speech_prob": 0.2206820696592331,
      "confidence": 0.719,
      "words": [
        {
          "text": "विप",
          "start": 0.0,
          "end": 0.56,
          "confidence": 0.455
        },
        {
          "text": "में",
          "start": 0.56,
          "end": 0.76,
          "confidence": 0.598
        },
        {
          "text": "ही",
          "start": 0.76,
          "end": 0.86,
          "confidence": 0.62
        },
        {
          "text": "पराइँ",
          "start": 0.86,
          "end": 1.36,
          "confidence": 0.563
        },
        {
          "text": "छोड़कर",
          "start": 1.36,
          "end": 1.82,
          "confidence": 0.828
        },
        {
          "text": "भाग",
          "start": 1.82,
          "end": 2.04,
          "confidence": 0.894
        },
        {
          "text": "जाते",
          "start": 2.04,
          "end": 2.4,
          "confidence": 0.943
        },
        {
          "text": "थे।",
          "start": 2.4,
          "end": 3.32,
          "confidence": 0.716
        },
        {
          "text": "आच्छल",
          "start": 3.32,
          "end": 3.88,
          "confidence": 0.769
        },
        {
          "text": "आचाज",
          "start": 3.88,
          "end": 4.66,
          "confidence": 0.69
        },
        {
          "text": "जरव",
          "start": 4.66,
          "end": 5.0,
          "confidence": 0.365
        },
        {
          "text": "करते",
          "start": 5.0,
          "end": 5.42,
          "confidence": 0.668
        },
        {
          "text": "हैं",
          "start": 5.42,
          "end": 5.66,
          "confidence": 0.864
        },
        {
          "text": "कि",
          "start": 5.66,
          "end": 6.24,
          "confidence": 0.618
        },
        {
          "text": "अच्छा",
          "start": 6.24,
          "end": 6.92,
          "confidence": 0.922
        },
        {
          "text": "हुआ",
          "start": 6.92,
          "end": 7.16,
          "confidence": 0.795
        },
        {
          "text": "कि",
          "start": 7.16,
          "end": 7.32,
          "confidence": 0.72
        },
        {
          "text": "जरव",
          "start": 7.32,
          "end": 7.56,
          "confidence": 0.959
        },
        {
          "text": "को",
          "start": 7.56,
          "end": 7.82,
          "confidence": 0.578
        },
        {
          "text": "जेमेरा",
          "start": 7.82,
          "end": 8.94,
          "confidence": 0.636
        },
        {
          "text": "समय",
          "start": 8.94,
          "end": 9.76,
          "confidence": 0.795
        },
        {
          "text": "नक्ष्ट",
          "start": 9.76,
          "end": 10.9,
          "confidence": 0.705
        },
        {
          "text": "कर",
          "start": 10.9,
          "end": 11.12,
          "confidence": 0.947
        },
        {
          "text": "दिया।",
          "start": 11.12,
          "end": 11.68,
          "confidence": 0.865
        }
      ]
    }
  ],
  "language": "hi"
}