{
  "text": " और महलाओं की समस्या महलाओं समझ सकती है इस विचार को रखते हुए सरकार ने महलाओं के परतारी पर प्रशाँचा पर प्रशाँचा पर प्रशाँचा पर प्रशाँचा पर प्रशाँचा पर प्रशाँचा पर प्रशाँचा पर प्रशाँचा पर प्रशाँचा",
  "segments": [
    {
      "id": 0,
      "seek": 0,
      "start": 0.0,
      "end": 29.98,
      "text": " और महलाओं की समस्या महलाओं समझ सकती है इस विचार को रखते हुए सरकार ने महलाओं के परतारी पर प्रशाँचा पर प्रशाँचा पर प्रशाँचा पर प्रशाँचा पर प्रशाँचा पर प्रशाँचा पर प्रशाँचा पर प्रशाँचा पर प्रशाँचा",
      "tokens": [
        50364,
        220,
        156,
        97,
        242,
        156,
        97,
        108,
        48449,
        44500,
        46758,
        17937,
        3941,
        241,
        31945,
        31970,
        31881,
        49316,
        48521,
        45938,
        27099,
        48268,
        17937,
        48449,
        44500,
        46758,
        17937,
        3941,
        241,
        31945,
        49316,
        48521,
        3941,
        251,
        49316,
        41858,
        36158,
        31881,
        37139,
        43372,
        8485,
        229,
        45938,
        8485,
        113,
        33279,
        3941,
        248,
        17937,
        25411,
        31970,
        33926,
        8485,
        108,
        3941,
        244,
        36158,
        21981,
        37139,
        8703,
        223,
        3941,
        237,
        49316,
        25411,
        41858,
        17937,
        25411,
        220,
        156,
        97,
        101,
        21981,
        48449,
        44500,
        46758,
        17937,
        3941,
        241,
        31945,
        31970,
        21981,
        8485,
        103,
        25411,
        36158,
        17937,
        25411,
        31881,
        8485,
        103,
        25411,
        8485,
        103,
        27099,
        25411,
        3941,
        114,
        17937,
        3941,
        223,
        3941,
        248,
        17937,
        8485,
        103,
        25411,
        8485,
        103,
        27099,
        25411,
        3941,
        114,
        17937,
        3941,
        223,
        3941,
        248,
        17937,
        8485,
        103,
        25411,
        8485,
        103,
        27099,
        25411,
        3941,
        114,
        17937,
        3941,
        223,
        3941,
        248,
        17937,
        8485,
        103,
        25411,
        8485,
        103,
        27099,
        25411,
        3941,
        114,
        17937,
        3941,
        223,
        3941,
        248,
        17937,
        8485,
        103,
        25411,
        8485,
        103,
        27099,
        25411,
        3941,
        114,
        17937,
        3941,
        223,
        3941,
        248,
        17937,
        8485,
        103,
        25411,
        8485,
        103,
        27099,
        25411,
        3941,
        114,
        17937,
        3941,
        223,
        3941,
        248,
        17937,
        8485,
        103,
        25411,
        8485,
        103,
        27099,
        25411,
        3941,
        114,
        17937,
        3941,
        223,
        3941,
        248,
        17937,
        8485,
        103,
        25411,
        8485,
        103,
        27099,
        25411,
        3941,
        114,
        17937,
        3941,
        223,
        3941,
        248,
        17937,
        8485,
        103,
        25411,
        8485,
        103,
        27099,
        25411,
        3941,
        114,
        17937,
        3941,
        223,
        3941,
        248,
        17937
      ],
      "temperature": 0.0,
      "avg_logprob": -0.31597049289279516,
      "compression_ratio": 3.827067669172932,
      "no_speech_prob": 0.3800518810749054,
      "confidence": 0.727,
      "words": [
        {
          "text": "और",
          "start": 0.0,
          "end": 2.14,
          "confidence": 0.62
        },
        {
          "text": "महलाओं",
          "start": 2.14,
          "end": 3.12,
          "confidence": 0.735
        },
        {
          "text": "की",
          "start": 3.12,
          "end": 3.14,
          "confidence": 0.743
        },
        {
          "text": "समस्या",
          "start": 3.14,
          "end": 3.9,
          "confidence": 0.844
        },
        {
          "text": "महलाओं",
          "start": 3.9,
          "end": 4.7,
          "confidence": 0.934
        },
        {
          "text": "समझ",
          "start": 4.7,
          "end": 4.72,
          "confidence": 0.774
        },
        {
          "text": "सकती",
          "start": 4.72,
          "end": 5.18,
          "confidence": 0.875
        },
        {
          "text": "है",
          "start": 5.18,
          "end": 5.46,
          "confidence": 0.899
        },
        {
          "text": "इस",
          "start": 5.46,
          "end": 6.46,
          "confidence": 0.64
        },
        {
          "text": "विचार",
          "start": 6.46,
          "end": 7.64,
          "confidence": 0.848
        },
        {
          "text": "को",
          "start": 7.64,
          "end": 7.84,
          "confidence": 0.754
        },
        {
          "text": "रखते",
          "start": 7.84,
          "end": 8.2,
          "confidence": 0.709
        },
        {
          "text": "हुए",
          "start": 8.2,
          "end": 8.52,
          "confidence": 0.734
        },
        {
          "text": "सरकार",
          "start": 8.52,
          "end": 9.14,
          "confidence": 0.75
        },
        {
          "text": "ने",
          "start": 9.14,
          "end": 9.3,
          "confidence": 0.647
        },
        {
          "text": "महलाओं",
          "start": 9.3,
          "end": 9.9,
          "confidence": 0.937
        },
        {
          "text": "के",
          "start": 9.9,
          "end": 9.92,
          "confidence": 0.783
        },
        {
          "text": "परतारी",
          "start": 9.92,
          "end": 10.18,
          "confidence": 0.41
        },
        {
          "text": "पर",
          "start": 10.18,
          "end": 10.2,
          "confidence": 0.272
        },
        {
          "text": "प्रशाँचा",
          "start": 10.2,
          "end": 10.22,
          "confidence": 0.302
        },
        {
          "text": "पर",
          "start": 10.22,
          "end": 10.24,
          "confidence": 0.218
        },
        {
          "text": "प्रशाँचा",
          "start": 10.24,
          "end": 10.26,
          "confidence": 0.595
        },
        {
          "text": "पर",
          "start": 10.26,
          "end": 10.28,
          "confidence": 0.494
        },
        {
          "text": "प्रशाँचा",
          "start": 10.28,
          "end": 10.3,
          "confidence": 0.79
        },
        {
          "text": "पर",
          "start": 10.3,
          "end": 10.32,
          "confidence": 0.656
        },
        {
          "text": "प्रशाँचा",
          "start": 10.32,
          "end": 10.34,
          "confidence": 0.89
        },
        {
          "text": "पर",
          "start": 10.34,
          "end": 10.36,
          "confidence": 0.724
        },
        {
          "text": "प्रशाँचा",
          "start": 10.36,
          "end": 10.38,
          "confidence": 0.917
        },
        {
          "text": "पर",
          "start": 10.38,
          "end": 10.4,
          "confidence": 0.767
        },
        {
          "text": "प्रशाँचा",
          "start": 10.4,
          "end": 10.42,
          "confidence": 0.932
        },
        {
          "text": "पर",
          "start": 10.42,
          "end": 10.44,
          "confidence": 0.8
        },
        {
          "text": "प्रशाँचा",
          "start": 10.44,
          "end": 10.46,
          "confidence": 0.938
        },
        {
          "text": "पर",
          "start": 10.46,
          "end": 10.48,
          "confidence": 0.829
        },
        {
          "text": "प्रशाँचा",
          "start": 10.48,
          "end": 10.5,
          "confidence": 0.941
        },
        {
          "text": "पर",
          "start": 10.5,
          "end": 10.52,
          "confidence": 0.846
        },
        {
          "text": "प्रशाँचा",
          "start": 10.52,
          "end": 29.98,
          "confidence": 0.944
        }
      ]
    }
  ],
  "language": "hi"
}