{
  "text": " विद्दूत दिभाग को इसके लिए चेस्ट लिकाई की जाएँ थी परन्तो द्राविनों को आप्सवसन भी मिला कारवाई नहीं होई।",
  "segments": [
    {
      "id": 0,
      "seek": 0,
      "start": 0.0,
      "end": 7.86,
      "text": " विद्दूत दिभाग को इसके लिए चेस्ट लिकाई की जाएँ थी परन्तो द्राविनों को आप्सवसन भी मिला कारवाई नहीं होई।",
      "tokens": [
        50364,
        8485,
        113,
        33279,
        3941,
        99,
        27099,
        3941,
        99,
        8703,
        224,
        36158,
        8485,
        99,
        33279,
        3941,
        255,
        17937,
        3941,
        245,
        31970,
        33926,
        8485,
        229,
        45938,
        41858,
        21981,
        8485,
        110,
        33279,
        3941,
        237,
        8485,
        248,
        21981,
        45938,
        27099,
        3941,
        253,
        8485,
        110,
        33279,
        41858,
        17937,
        3941,
        230,
        31970,
        31881,
        8485,
        250,
        17937,
        3941,
        237,
        3941,
        223,
        8485,
        98,
        31881,
        8485,
        103,
        25411,
        35082,
        27099,
        36158,
        33926,
        8485,
        99,
        27099,
        25411,
        17937,
        3941,
        113,
        33279,
        35082,
        33926,
        31945,
        31970,
        33926,
        8485,
        228,
        3941,
        103,
        27099,
        45938,
        3941,
        113,
        45938,
        35082,
        8485,
        255,
        31881,
        48449,
        33279,
        46758,
        17937,
        31970,
        17937,
        25411,
        3941,
        113,
        17937,
        3941,
        230,
        8485,
        101,
        44500,
        31881,
        31945,
        37139,
        33926,
        3941,
        230,
        8703,
        97,
        50764
      ],
      "temperature": 0.0,
      "avg_logprob": -0.3854971918566474,
      "compression_ratio": 1.804054054054054,
      "no_speech_prob": 0.055479995906353,
      "confidence": 0.68,
      "words": [
        {
          "text": "विद्दूत",
          "start": 0.0,
          "end": 0.72,
          "confidence": 0.596
        },
        {
          "text": "दिभाग",
          "start": 0.72,
          "end": 1.1,
          "confidence": 0.799
        },
        {
          "text": "को",
          "start": 1.1,
          "end": 1.28,
          "confidence": 0.769
        },
        {
          "text": "इसके",
          "start": 1.28,
          "end": 1.6,
          "confidence": 0.907
        },
        {
          "text": "लिए",
          "start": 1.6,
          "end": 1.66,
          "confidence": 0.727
        },
        {
          "text": "चेस्ट",
          "start": 1.66,
          "end": 2.2,
          "confidence": 0.471
        },
        {
          "text": "लिकाई",
          "start": 2.2,
          "end": 2.48,
          "confidence": 0.628
        },
        {
          "text": "की",
          "start": 2.48,
          "end": 2.78,
          "confidence": 0.739
        },
        {
          "text": "जाएँ",
          "start": 2.78,
          "end": 3.46,
          "confidence": 0.498
        },
        {
          "text": "थी",
          "start": 3.46,
          "end": 3.48,
          "confidence": 0.801
        },
        {
          "text": "परन्तो",
          "start": 3.48,
          "end": 4.0,
          "confidence": 0.649
        },
        {
          "text": "द्राविनों",
          "start": 4.0,
          "end": 4.96,
          "confidence": 0.763
        },
        {
          "text": "को",
          "start": 4.96,
          "end": 5.1,
          "confidence": 0.89
        },
        {
          "text": "आप्सवसन",
          "start": 5.1,
          "end": 5.72,
          "confidence": 0.598
        },
        {
          "text": "भी",
          "start": 5.72,
          "end": 5.88,
          "confidence": 0.589
        },
        {
          "text": "मिला",
          "start": 5.88,
          "end": 6.3,
          "confidence": 0.864
        },
        {
          "text": "कारवाई",
          "start": 6.3,
          "end": 7.54,
          "confidence": 0.653
        },
        {
          "text": "नहीं",
          "start": 7.54,
          "end": 7.66,
          "confidence": 0.921
        },
        {
          "text": "होई।",
          "start": 7.66,
          "end": 7.86,
          "confidence": 0.785
        }
      ]
    }
  ],
  "language": "hi"
}