{
  "text": " कर एक बहुती पोशिस की इंदिशी पतट तक वा जने गए। इस मौसन या होता है, हमारे जीवन में प्रहिण इंसान के लिए बहुती बहुती जगुरी होता है।",
  "segments": [
    {
      "id": 0,
      "seek": 0,
      "start": 0.0,
      "end": 9.92,
      "text": " कर एक बहुती पोशिस की इंदिशी पतट तक वा जने गए। इस मौसन या होता है, हमारे जीवन में प्रहिण इंसान के लिए बहुती बहुती जगुरी होता है।",
      "tokens": [
        50364,
        220,
        156,
        97,
        243,
        156,
        97,
        108,
        8485,
        237,
        41858,
        8485,
        105,
        44500,
        8703,
        223,
        36158,
        31881,
        8485,
        103,
        33926,
        3941,
        114,
        33279,
        45938,
        31970,
        31881,
        8485,
        229,
        31945,
        3941,
        99,
        33279,
        3941,
        114,
        31881,
        8485,
        103,
        36158,
        3941,
        253,
        8485,
        97,
        41858,
        8485,
        113,
        17937,
        8485,
        250,
        35082,
        21981,
        8485,
        245,
        3941,
        237,
        8703,
        97,
        8485,
        229,
        45938,
        48449,
        8703,
        234,
        45938,
        35082,
        8485,
        107,
        17937,
        37139,
        33926,
        36158,
        17937,
        37139,
        43372,
        11,
        37139,
        48521,
        17937,
        25411,
        21981,
        8485,
        250,
        31881,
        3941,
        113,
        35082,
        48449,
        21981,
        31945,
        8485,
        103,
        27099,
        25411,
        3941,
        117,
        33279,
        3941,
        96,
        8485,
        229,
        31945,
        45938,
        17937,
        35082,
        31970,
        21981,
        8485,
        110,
        33279,
        3941,
        237,
        8485,
        105,
        44500,
        8703,
        223,
        36158,
        31881,
        8485,
        105,
        44500,
        8703,
        223,
        36158,
        31881,
        8485,
        250,
        3941,
        245,
        8703,
        223,
        25411,
        31881,
        37139,
        33926,
        36158,
        17937,
        37139,
        43372,
        8703,
        97,
        50864
      ],
      "temperature": 0.0,
      "avg_logprob": -0.39172472653689083,
      "compression_ratio": 1.9817073170731707,
      "no_speech_prob": 0.1861305683851242,
      "confidence": 0.679,
      "words": [
        {
          "text": "कर",
          "start": 0.0,
          "end": 0.2,
          "confidence": 0.621
        },
        {
          "text": "एक",
          "start": 0.2,
          "end": 0.4,
          "confidence": 0.615
        },
        {
          "text": "बहुती",
          "start": 0.4,
          "end": 0.78,
          "confidence": 0.798
        },
        {
          "text": "पोशिस",
          "start": 0.78,
          "end": 1.18,
          "confidence": 0.604
        },
        {
          "text": "की",
          "start": 1.18,
          "end": 1.3,
          "confidence": 0.592
        },
        {
          "text": "इंदिशी",
          "start": 1.3,
          "end": 1.66,
          "confidence": 0.498
        },
        {
          "text": "पतट",
          "start": 1.66,
          "end": 2.14,
          "confidence": 0.501
        },
        {
          "text": "तक",
          "start": 2.14,
          "end": 2.28,
          "confidence": 0.465
        },
        {
          "text": "वा",
          "start": 2.28,
          "end": 2.48,
          "confidence": 0.643
        },
        {
          "text": "जने",
          "start": 2.48,
          "end": 3.06,
          "confidence": 0.666
        },
        {
          "text": "गए।",
          "start": 3.06,
          "end": 3.7,
          "confidence": 0.587
        },
        {
          "text": "इस",
          "start": 3.7,
          "end": 3.8,
          "confidence": 0.528
        },
        {
          "text": "मौसन",
          "start": 3.8,
          "end": 4.18,
          "confidence": 0.553
        },
        {
          "text": "या",
          "start": 4.18,
          "end": 4.42,
          "confidence": 0.577
        },
        {
          "text": "होता",
          "start": 4.42,
          "end": 4.72,
          "confidence": 0.903
        },
        {
          "text": "है,",
          "start": 4.72,
          "end": 4.9,
          "confidence": 0.911
        },
        {
          "text": "हमारे",
          "start": 5.04,
          "end": 5.52,
          "confidence": 0.807
        },
        {
          "text": "जीवन",
          "start": 5.52,
          "end": 5.92,
          "confidence": 0.878
        },
        {
          "text": "में",
          "start": 5.92,
          "end": 6.36,
          "confidence": 0.888
        },
        {
          "text": "प्रहिण",
          "start": 6.36,
          "end": 6.82,
          "confidence": 0.415
        },
        {
          "text": "इंसान",
          "start": 6.82,
          "end": 7.46,
          "confidence": 0.813
        },
        {
          "text": "के",
          "start": 7.46,
          "end": 7.64,
          "confidence": 0.906
        },
        {
          "text": "लिए",
          "start": 7.64,
          "end": 7.82,
          "confidence": 0.933
        },
        {
          "text": "बहुती",
          "start": 7.82,
          "end": 8.42,
          "confidence": 0.849
        },
        {
          "text": "बहुती",
          "start": 8.42,
          "end": 8.86,
          "confidence": 0.903
        },
        {
          "text": "जगुरी",
          "start": 8.86,
          "end": 9.38,
          "confidence": 0.715
        },
        {
          "text": "होता",
          "start": 9.38,
          "end": 9.78,
          "confidence": 0.914
        },
        {
          "text": "है।",
          "start": 9.78,
          "end": 9.92,
          "confidence": 0.832
        }
      ]
    }
  ],
  "language": "hi"
}