{
  "text": " परप्राओं का सबक बच्यों को न पढ़ाना है। जुरुभाज की बात है कि भारति में आजलोग सिंद्रिखा को मात जिव्भी पाना समझकर पर प्रप्राओं का सबक बच्यों को न पढ़ाना है।",
  "segments": [
    {
      "id": 0,
      "seek": 0,
      "start": 0.0,
      "end": 6.6,
      "text": " परप्राओं का सबक बच्यों को न पढ़ाना है। जुरुभाज की बात है कि भारति में आजलोग सिंद्रिखा को मात जिव्भी पाना समझकर पर प्रप्राओं का सबक बच्यों को न पढ़ाना है।",
      "tokens": [
        50364,
        8485,
        103,
        25411,
        3941,
        103,
        27099,
        25411,
        17937,
        3941,
        241,
        31945,
        31970,
        17937,
        49316,
        3941,
        105,
        41858,
        8485,
        105,
        3941,
        248,
        27099,
        48268,
        33926,
        31945,
        31970,
        33926,
        8485,
        101,
        8485,
        103,
        3941,
        95,
        3941,
        120,
        17937,
        35082,
        17937,
        37139,
        43372,
        8703,
        97,
        8485,
        250,
        8703,
        223,
        25411,
        8703,
        223,
        3941,
        255,
        17937,
        3941,
        250,
        31970,
        31881,
        8485,
        105,
        17937,
        36158,
        37139,
        43372,
        31970,
        33279,
        8485,
        255,
        17937,
        25411,
        36158,
        33279,
        48449,
        21981,
        31945,
        8485,
        228,
        3941,
        250,
        46758,
        33926,
        3941,
        245,
        49316,
        33279,
        31945,
        3941,
        99,
        27099,
        25411,
        33279,
        3941,
        244,
        17937,
        31970,
        33926,
        48449,
        17937,
        36158,
        8485,
        250,
        33279,
        3941,
        113,
        27099,
        3941,
        255,
        31881,
        8485,
        103,
        17937,
        35082,
        17937,
        49316,
        48521,
        3941,
        251,
        41858,
        25411,
        8485,
        103,
        25411,
        8485,
        103,
        27099,
        25411,
        3941,
        103,
        27099,
        25411,
        17937,
        3941,
        241,
        31945,
        31970,
        17937,
        49316,
        3941,
        105,
        41858,
        8485,
        105,
        3941,
        248,
        27099,
        48268,
        33926,
        31945,
        31970,
        33926,
        8485,
        101,
        8485,
        103,
        3941,
        95,
        3941,
        120,
        17937,
        35082,
        17937,
        37139,
        43372,
        8703,
        97,
        50664
      ],
      "temperature": 0.0,
      "avg_logprob": -0.3743917626070689,
      "compression_ratio": 2.418181818181818,
      "no_speech_prob": 0.4953620135784149,
      "confidence": 0.691,
      "words": [
        {
          "text": "परप्राओं",
          "start": 0.0,
          "end": 3.42,
          "confidence": 0.492
        },
        {
          "text": "का",
          "start": 3.42,
          "end": 3.82,
          "confidence": 0.733
        },
        {
          "text": "सबक",
          "start": 3.82,
          "end": 4.18,
          "confidence": 0.776
        },
        {
          "text": "बच्यों",
          "start": 4.18,
          "end": 5.02,
          "confidence": 0.631
        },
        {
          "text": "को",
          "start": 5.02,
          "end": 5.12,
          "confidence": 0.888
        },
        {
          "text": "न",
          "start": 5.12,
          "end": 5.22,
          "confidence": 0.612
        },
        {
          "text": "पढ़ाना",
          "start": 5.22,
          "end": 5.82,
          "confidence": 0.84
        },
        {
          "text": "है।",
          "start": 5.82,
          "end": 6.14,
          "confidence": 0.722
        },
        {
          "text": "जुरुभाज",
          "start": 6.14,
          "end": 6.16,
          "confidence": 0.648
        },
        {
          "text": "की",
          "start": 6.16,
          "end": 6.18,
          "confidence": 0.753
        },
        {
          "text": "बात",
          "start": 6.18,
          "end": 6.2,
          "confidence": 0.947
        },
        {
          "text": "है",
          "start": 6.2,
          "end": 6.22,
          "confidence": 0.844
        },
        {
          "text": "कि",
          "start": 6.22,
          "end": 6.24,
          "confidence": 0.621
        },
        {
          "text": "भारति",
          "start": 6.24,
          "end": 6.26,
          "confidence": 0.683
        },
        {
          "text": "में",
          "start": 6.26,
          "end": 6.28,
          "confidence": 0.605
        },
        {
          "text": "आजलोग",
          "start": 6.28,
          "end": 6.3,
          "confidence": 0.762
        },
        {
          "text": "सिंद्रिखा",
          "start": 6.3,
          "end": 6.32,
          "confidence": 0.547
        },
        {
          "text": "को",
          "start": 6.32,
          "end": 6.34,
          "confidence": 0.736
        },
        {
          "text": "मात",
          "start": 6.34,
          "end": 6.36,
          "confidence": 0.871
        },
        {
          "text": "जिव्भी",
          "start": 6.36,
          "end": 6.38,
          "confidence": 0.594
        },
        {
          "text": "पाना",
          "start": 6.38,
          "end": 6.4,
          "confidence": 0.907
        },
        {
          "text": "समझकर",
          "start": 6.4,
          "end": 6.42,
          "confidence": 0.753
        },
        {
          "text": "पर",
          "start": 6.42,
          "end": 6.44,
          "confidence": 0.298
        },
        {
          "text": "प्रप्राओं",
          "start": 6.44,
          "end": 6.46,
          "confidence": 0.587
        },
        {
          "text": "का",
          "start": 6.46,
          "end": 6.48,
          "confidence": 0.536
        },
        {
          "text": "सबक",
          "start": 6.48,
          "end": 6.5,
          "confidence": 0.69
        },
        {
          "text": "बच्यों",
          "start": 6.5,
          "end": 6.52,
          "confidence": 0.883
        },
        {
          "text": "को",
          "start": 6.52,
          "end": 6.54,
          "confidence": 0.877
        },
        {
          "text": "न",
          "start": 6.54,
          "end": 6.56,
          "confidence": 0.838
        },
        {
          "text": "पढ़ाना",
          "start": 6.56,
          "end": 6.58,
          "confidence": 0.954
        },
        {
          "text": "है।",
          "start": 6.58,
          "end": 6.6,
          "confidence": 0.922
        }
      ]
    }
  ],
  "language": "hi"
}