{
  "text": " कुण नहीं होका जाता है, तद तक हमारे मज़ूर प्लैन हमेशा करती रहेगी और मज़ूर प्लैन नहीं करेगी तो आज इसका पीड़ कैसे चलेगा?",
  "segments": [
    {
      "id": 0,
      "seek": 0,
      "start": 0.0,
      "end": 5.94,
      "text": " कुण नहीं होका जाता है, तद तक हमारे मज़ूर प्लैन हमेशा करती रहेगी",
      "tokens": [
        50364,
        220,
        156,
        97,
        243,
        8703,
        223,
        3941,
        96,
        8485,
        101,
        44500,
        31881,
        31945,
        37139,
        33926,
        41858,
        17937,
        8485,
        250,
        17937,
        36158,
        17937,
        37139,
        43372,
        11,
        8485,
        97,
        3941,
        99,
        8485,
        97,
        3941,
        243,
        37139,
        48521,
        17937,
        25411,
        21981,
        48449,
        3941,
        250,
        3941,
        120,
        8703,
        224,
        25411,
        8485,
        103,
        27099,
        46758,
        43372,
        35082,
        37139,
        48521,
        21981,
        3941,
        114,
        17937,
        31970,
        25411,
        36158,
        31881,
        8485,
        108,
        44500,
        21981,
        3941,
        245,
        31881,
        50664
      ],
      "temperature": 0.0,
      "avg_logprob": -0.32491015670891094,
      "compression_ratio": 1.9294871794871795,
      "no_speech_prob": 0.6801270246505737,
      "confidence": 0.667,
      "words": [
        {
          "text": "कुण",
          "start": 0.0,
          "end": 0.62,
          "confidence": 0.512
        },
        {
          "text": "नहीं",
          "start": 0.62,
          "end": 0.86,
          "confidence": 0.712
        },
        {
          "text": "होका",
          "start": 0.86,
          "end": 1.06,
          "confidence": 0.563
        },
        {
          "text": "जाता",
          "start": 1.06,
          "end": 1.52,
          "confidence": 0.94
        },
        {
          "text": "है,",
          "start": 1.52,
          "end": 1.58,
          "confidence": 0.913
        },
        {
          "text": "तद",
          "start": 1.9,
          "end": 2.08,
          "confidence": 0.438
        },
        {
          "text": "तक",
          "start": 2.08,
          "end": 2.38,
          "confidence": 0.417
        },
        {
          "text": "हमारे",
          "start": 2.38,
          "end": 2.8,
          "confidence": 0.682
        },
        {
          "text": "मज़ूर",
          "start": 2.8,
          "end": 3.82,
          "confidence": 0.697
        },
        {
          "text": "प्लैन",
          "start": 3.82,
          "end": 4.22,
          "confidence": 0.724
        },
        {
          "text": "हमेशा",
          "start": 4.22,
          "end": 5.2,
          "confidence": 0.772
        },
        {
          "text": "करती",
          "start": 5.2,
          "end": 5.5,
          "confidence": 0.845
        },
        {
          "text": "रहेगी",
          "start": 5.5,
          "end": 5.94,
          "confidence": 0.753
        }
      ]
    },
    {
      "id": 1,
      "seek": 0,
      "start": 6.26,
      "end": 10.8,
      "text": " और मज़ूर प्लैन नहीं करेगी तो आज इसका पीड़ कैसे चलेगा?",
      "tokens": [
        50664,
        8485,
        242,
        25411,
        48449,
        3941,
        250,
        3941,
        120,
        8703,
        224,
        25411,
        8485,
        103,
        27099,
        46758,
        43372,
        35082,
        8485,
        101,
        44500,
        31881,
        31945,
        31970,
        25411,
        21981,
        3941,
        245,
        31881,
        8485,
        97,
        33926,
        8485,
        228,
        3941,
        250,
        8485,
        229,
        45938,
        41858,
        17937,
        8485,
        103,
        31881,
        3941,
        94,
        3941,
        120,
        31970,
        43372,
        45938,
        21981,
        8485,
        248,
        46758,
        21981,
        3941,
        245,
        17937,
        30,
        50914
      ],
      "temperature": 0.0,
      "avg_logprob": -0.32491015670891094,
      "compression_ratio": 1.9294871794871795,
      "no_speech_prob": 0.6801270246505737,
      "confidence": 0.814,
      "words": [
        {
          "text": "और",
          "start": 6.26,
          "end": 6.5,
          "confidence": 0.904
        },
        {
          "text": "मज़ूर",
          "start": 6.5,
          "end": 6.86,
          "confidence": 0.892
        },
        {
          "text": "प्लैन",
          "start": 6.86,
          "end": 7.56,
          "confidence": 0.935
        },
        {
          "text": "नहीं",
          "start": 7.56,
          "end": 7.92,
          "confidence": 0.946
        },
        {
          "text": "करेगी",
          "start": 7.92,
          "end": 8.64,
          "confidence": 0.917
        },
        {
          "text": "तो",
          "start": 8.64,
          "end": 9.08,
          "confidence": 0.756
        },
        {
          "text": "आज",
          "start": 9.08,
          "end": 9.36,
          "confidence": 0.901
        },
        {
          "text": "इसका",
          "start": 9.36,
          "end": 9.66,
          "confidence": 0.631
        },
        {
          "text": "पीड़",
          "start": 9.66,
          "end": 10.04,
          "confidence": 0.536
        },
        {
          "text": "कैसे",
          "start": 10.04,
          "end": 10.26,
          "confidence": 0.863
        },
        {
          "text": "चलेगा?",
          "start": 10.26,
          "end": 10.8,
          "confidence": 0.865
        }
      ]
    }
  ],
  "language": "hi"
}