{
  "text": " इसका मुक्वटिस है कि बहगे वे लोग हैं, इसका ब्याजर्जीप है ही नहीं, वेशे युवा अच्छा एका करते हैं.",
  "segments": [
    {
      "id": 0,
      "seek": 0,
      "start": 0.0,
      "end": 10.18,
      "text": " इसका मुक्वटिस है कि बहगे वे लोग हैं, इसका ब्याजर्जीप है ही नहीं, वेशे युवा अच्छा एका करते हैं.",
      "tokens": [
        50364,
        8485,
        229,
        45938,
        41858,
        17937,
        48449,
        8703,
        223,
        41858,
        27099,
        3941,
        113,
        3941,
        253,
        33279,
        45938,
        37139,
        43372,
        31970,
        33279,
        8485,
        105,
        44500,
        3941,
        245,
        21981,
        8485,
        113,
        21981,
        8485,
        110,
        33926,
        3941,
        245,
        37139,
        43372,
        31945,
        11,
        8485,
        229,
        45938,
        41858,
        17937,
        8485,
        105,
        27099,
        48268,
        17937,
        3941,
        250,
        25411,
        27099,
        3941,
        250,
        31881,
        3941,
        103,
        37139,
        43372,
        37139,
        31881,
        8485,
        101,
        44500,
        31881,
        31945,
        11,
        8485,
        113,
        21981,
        3941,
        114,
        21981,
        8485,
        107,
        8703,
        223,
        3941,
        113,
        17937,
        8485,
        227,
        3941,
        248,
        27099,
        3941,
        249,
        17937,
        8485,
        237,
        41858,
        17937,
        31970,
        25411,
        36158,
        21981,
        37139,
        43372,
        31945,
        13,
        50864
      ],
      "temperature": 0.0,
      "avg_logprob": -0.4185682130091399,
      "compression_ratio": 1.7142857142857142,
      "no_speech_prob": 0.17770400643348694,
      "confidence": 0.669,
      "words": [
        {
          "text": "इसका",
          "start": 0.0,
          "end": 0.56,
          "confidence": 0.86
        },
        {
          "text": "मुक्वटिस",
          "start": 0.56,
          "end": 1.24,
          "confidence": 0.486
        },
        {
          "text": "है",
          "start": 1.24,
          "end": 1.52,
          "confidence": 0.722
        },
        {
          "text": "कि",
          "start": 1.52,
          "end": 2.46,
          "confidence": 0.557
        },
        {
          "text": "बहगे",
          "start": 2.46,
          "end": 3.44,
          "confidence": 0.482
        },
        {
          "text": "वे",
          "start": 3.44,
          "end": 3.8,
          "confidence": 0.631
        },
        {
          "text": "लोग",
          "start": 3.8,
          "end": 3.88,
          "confidence": 0.964
        },
        {
          "text": "हैं,",
          "start": 3.88,
          "end": 4.08,
          "confidence": 0.732
        },
        {
          "text": "इसका",
          "start": 4.9,
          "end": 5.12,
          "confidence": 0.835
        },
        {
          "text": "ब्याजर्जीप",
          "start": 5.12,
          "end": 6.62,
          "confidence": 0.492
        },
        {
          "text": "है",
          "start": 6.62,
          "end": 6.94,
          "confidence": 0.861
        },
        {
          "text": "ही",
          "start": 6.94,
          "end": 7.1,
          "confidence": 0.721
        },
        {
          "text": "नहीं,",
          "start": 7.1,
          "end": 7.8,
          "confidence": 0.915
        },
        {
          "text": "वेशे",
          "start": 8.12,
          "end": 8.5,
          "confidence": 0.569
        },
        {
          "text": "युवा",
          "start": 8.5,
          "end": 8.94,
          "confidence": 0.833
        },
        {
          "text": "अच्छा",
          "start": 8.94,
          "end": 9.42,
          "confidence": 0.698
        },
        {
          "text": "एका",
          "start": 9.42,
          "end": 9.7,
          "confidence": 0.826
        },
        {
          "text": "करते",
          "start": 9.7,
          "end": 10.06,
          "confidence": 0.8
        },
        {
          "text": "हैं.",
          "start": 10.06,
          "end": 10.18,
          "confidence": 0.924
        }
      ]
    }
  ],
  "language": "hi"
}