{
  "text": " चंजरमंडी से मैं जये कुमाल चुकला, शकायि जेव भाई मुख्यमार पर चंजरमंडी थाना आन परगश परगश, गोपी दि मोड के समी मंगलावार आठ बजे एक त्रक्ती चुकला पर जाना पर जाना पर जाना पर जाना पर जाना पर जाना पर जाना पर जाना पर जान",
  "segments": [
    {
      "id": 0,
      "seek": 0,
      "start": 0.0,
      "end": 29.98,
      "text": " चंजरमंडी से मैं जये कुमाल चुकला, शकायि जेव भाई मुख्यमार पर चंजरमंडी थाना आन परगश परगश, गोपी दि मोड के समी मंगलावार आठ बजे एक त्रक्ती चुकला पर जाना पर जाना पर जाना पर जाना पर जाना पर जाना पर जाना पर जाना पर जान",
      "tokens": [
        50364,
        8485,
        248,
        31945,
        3941,
        250,
        25411,
        48521,
        31945,
        3941,
        94,
        31881,
        49316,
        21981,
        48449,
        43372,
        31945,
        8485,
        250,
        48268,
        21981,
        31970,
        8703,
        223,
        48521,
        17937,
        46758,
        8485,
        248,
        8703,
        223,
        41858,
        46758,
        17937,
        11,
        8485,
        114,
        41858,
        17937,
        48268,
        33279,
        8485,
        250,
        21981,
        3941,
        113,
        8485,
        255,
        17937,
        3941,
        230,
        48449,
        8703,
        223,
        3941,
        244,
        27099,
        48268,
        48521,
        17937,
        25411,
        8485,
        103,
        25411,
        8485,
        248,
        31945,
        3941,
        250,
        25411,
        48521,
        31945,
        3941,
        94,
        31881,
        8485,
        98,
        17937,
        35082,
        17937,
        8485,
        228,
        35082,
        8485,
        103,
        25411,
        3941,
        245,
        3941,
        114,
        8485,
        103,
        25411,
        3941,
        245,
        3941,
        114,
        11,
        8485,
        245,
        33926,
        3941,
        103,
        31881,
        8485,
        99,
        33279,
        48449,
        33926,
        3941,
        94,
        31970,
        21981,
        49316,
        48521,
        31881,
        48449,
        31945,
        3941,
        245,
        46758,
        17937,
        3941,
        113,
        17937,
        25411,
        8485,
        228,
        3941,
        254,
        8485,
        105,
        3941,
        250,
        21981,
        8485,
        237,
        41858,
        8485,
        97,
        27099,
        25411,
        41858,
        27099,
        36158,
        31881,
        8485,
        248,
        8703,
        223,
        41858,
        46758,
        17937,
        8485,
        103,
        25411,
        8485,
        250,
        17937,
        35082,
        17937,
        8485,
        103,
        25411,
        8485,
        250,
        17937,
        35082,
        17937,
        8485,
        103,
        25411,
        8485,
        250,
        17937,
        35082,
        17937,
        8485,
        103,
        25411,
        8485,
        250,
        17937,
        35082,
        17937,
        8485,
        103,
        25411,
        8485,
        250,
        17937,
        35082,
        17937,
        8485,
        103,
        25411,
        8485,
        250,
        17937,
        35082,
        17937,
        8485,
        103,
        25411,
        8485,
        250,
        17937,
        35082,
        17937,
        8485,
        103,
        25411,
        8485,
        250,
        17937,
        35082,
        17937,
        8485,
        103,
        25411,
        8485,
        250,
        17937,
        35082
      ],
      "temperature": 0.0,
      "avg_logprob": -0.39556304931640623,
      "compression_ratio": 2.8609625668449197,
      "no_speech_prob": 0.2605660557746887,
      "confidence": 0.677,
      "words": [
        {
          "text": "चंजरमंडी",
          "start": 0.0,
          "end": 0.72,
          "confidence": 0.486
        },
        {
          "text": "से",
          "start": 0.72,
          "end": 0.98,
          "confidence": 0.739
        },
        {
          "text": "मैं",
          "start": 0.98,
          "end": 1.14,
          "confidence": 0.694
        },
        {
          "text": "जये",
          "start": 1.14,
          "end": 1.32,
          "confidence": 0.456
        },
        {
          "text": "कुमाल",
          "start": 1.32,
          "end": 1.64,
          "confidence": 0.841
        },
        {
          "text": "चुकला,",
          "start": 1.64,
          "end": 2.04,
          "confidence": 0.629
        },
        {
          "text": "शकायि",
          "start": 2.38,
          "end": 2.86,
          "confidence": 0.509
        },
        {
          "text": "जेव",
          "start": 2.86,
          "end": 3.1,
          "confidence": 0.733
        },
        {
          "text": "भाई",
          "start": 3.1,
          "end": 3.28,
          "confidence": 0.691
        },
        {
          "text": "मुख्यमार",
          "start": 3.28,
          "end": 3.82,
          "confidence": 0.737
        },
        {
          "text": "पर",
          "start": 3.82,
          "end": 4.3,
          "confidence": 0.657
        },
        {
          "text": "चंजरमंडी",
          "start": 4.3,
          "end": 4.82,
          "confidence": 0.86
        },
        {
          "text": "थाना",
          "start": 4.82,
          "end": 5.02,
          "confidence": 0.867
        },
        {
          "text": "आन",
          "start": 5.02,
          "end": 5.2,
          "confidence": 0.564
        },
        {
          "text": "परगश",
          "start": 5.2,
          "end": 5.46,
          "confidence": 0.509
        },
        {
          "text": "परगश,",
          "start": 5.46,
          "end": 5.98,
          "confidence": 0.743
        },
        {
          "text": "गोपी",
          "start": 6.3,
          "end": 6.34,
          "confidence": 0.861
        },
        {
          "text": "दि",
          "start": 6.34,
          "end": 6.7,
          "confidence": 0.61
        },
        {
          "text": "मोड",
          "start": 6.7,
          "end": 8.34,
          "confidence": 0.633
        },
        {
          "text": "के",
          "start": 8.34,
          "end": 8.58,
          "confidence": 0.786
        },
        {
          "text": "समी",
          "start": 8.58,
          "end": 8.68,
          "confidence": 0.815
        },
        {
          "text": "मंगलावार",
          "start": 8.68,
          "end": 9.96,
          "confidence": 0.77
        },
        {
          "text": "आठ",
          "start": 9.96,
          "end": 10.12,
          "confidence": 0.748
        },
        {
          "text": "बजे",
          "start": 10.12,
          "end": 10.5,
          "confidence": 0.779
        },
        {
          "text": "एक",
          "start": 10.5,
          "end": 11.3,
          "confidence": 0.823
        },
        {
          "text": "त्रक्ती",
          "start": 11.3,
          "end": 11.68,
          "confidence": 0.45
        },
        {
          "text": "चुकला",
          "start": 11.68,
          "end": 11.7,
          "confidence": 0.608
        },
        {
          "text": "पर",
          "start": 11.7,
          "end": 11.72,
          "confidence": 0.361
        },
        {
          "text": "जाना",
          "start": 11.72,
          "end": 11.74,
          "confidence": 0.355
        },
        {
          "text": "पर",
          "start": 11.74,
          "end": 11.76,
          "confidence": 0.338
        },
        {
          "text": "जाना",
          "start": 11.76,
          "end": 11.78,
          "confidence": 0.599
        },
        {
          "text": "पर",
          "start": 11.78,
          "end": 11.8,
          "confidence": 0.459
        },
        {
          "text": "जाना",
          "start": 11.8,
          "end": 11.82,
          "confidence": 0.705
        },
        {
          "text": "पर",
          "start": 11.82,
          "end": 11.84,
          "confidence": 0.605
        },
        {
          "text": "जाना",
          "start": 11.84,
          "end": 11.86,
          "confidence": 0.818
        },
        {
          "text": "पर",
          "start": 11.86,
          "end": 11.88,
          "confidence": 0.724
        },
        {
          "text": "जाना",
          "start": 11.88,
          "end": 11.9,
          "confidence": 0.877
        },
        {
          "text": "पर",
          "start": 11.9,
          "end": 11.92,
          "confidence": 0.805
        },
        {
          "text": "जाना",
          "start": 11.92,
          "end": 11.94,
          "confidence": 0.905
        },
        {
          "text": "पर",
          "start": 11.94,
          "end": 11.96,
          "confidence": 0.852
        },
        {
          "text": "जाना",
          "start": 11.96,
          "end": 11.98,
          "confidence": 0.922
        },
        {
          "text": "पर",
          "start": 11.98,
          "end": 12.0,
          "confidence": 0.877
        },
        {
          "text": "जाना",
          "start": 12.0,
          "end": 12.02,
          "confidence": 0.932
        },
        {
          "text": "पर",
          "start": 12.02,
          "end": 12.04,
          "confidence": 0.895
        },
        {
          "text": "जान",
          "start": 12.04,
          "end": 29.98,
          "confidence": 0.943
        }
      ]
    }
  ],
  "language": "hi"
}