{
  "text": " दोस्तों नमस्कार ने जिमांख्षुकोर भदर अंड्रैट प्राद उठक प्रहन पुरेशीन नुम्चाटन अड्ड साउं पिजाईजी भगवान बिछ्चतर माप्च बिछ्चतर जंग प्राद उठक प्राद उठक प्राद उठक प्राद उठक प्राद उठक प्राद उठक प्राद उठक प्राद उठक प्राद उठक प्राद उठक प्राद उठक प्राद उठक प्राद उठक प्राद उठक प्राद उठक प्राद उठक प्राद उठक प्राद उठक प्राद",
  "segments": [
    {
      "id": 0,
      "seek": 0,
      "start": 0.0,
      "end": 4.68,
      "text": " दोस्तों नमस्कार ने जिमांख्षुकोर भदर अंड्रैट प्राद उठक प्रहन पुरेशीन नुम्चाटन",
      "tokens": [
        50364,
        8485,
        99,
        33926,
        45938,
        27099,
        36158,
        33926,
        31945,
        8485,
        101,
        48521,
        45938,
        27099,
        41858,
        17937,
        25411,
        8485,
        101,
        21981,
        8485,
        250,
        33279,
        48521,
        17937,
        31945,
        3941,
        244,
        27099,
        3941,
        115,
        8703,
        223,
        41858,
        33926,
        3941,
        108,
        8485,
        255,
        3941,
        99,
        25411,
        8485,
        227,
        31945,
        3941,
        94,
        27099,
        25411,
        43372,
        3941,
        253,
        8485,
        103,
        27099,
        25411,
        17937,
        3941,
        99,
        8485,
        231,
        3941,
        254,
        41858,
        8485,
        103,
        27099,
        25411,
        44500,
        35082,
        8485,
        103,
        8703,
        223,
        25411,
        21981,
        3941,
        114,
        31881,
        35082,
        8485,
        101,
        8703,
        223,
        48521,
        27099,
        3941,
        248,
        17937,
        3941,
        253,
        35082,
        50594
      ],
      "temperature": 0.0,
      "avg_logprob": -0.5263270738389757,
      "compression_ratio": 2.772727272727273,
      "no_speech_prob": 0.3185650706291199,
      "confidence": 0.497,
      "words": [
        {
          "text": "दोस्तों",
          "start": 0.0,
          "end": 0.54,
          "confidence": 0.669
        },
        {
          "text": "नमस्कार",
          "start": 0.54,
          "end": 1.16,
          "confidence": 0.806
        },
        {
          "text": "ने",
          "start": 1.16,
          "end": 1.38,
          "confidence": 0.289
        },
        {
          "text": "जिमांख्षुकोर",
          "start": 1.38,
          "end": 2.04,
          "confidence": 0.475
        },
        {
          "text": "भदर",
          "start": 2.04,
          "end": 2.34,
          "confidence": 0.431
        },
        {
          "text": "अंड्रैट",
          "start": 2.34,
          "end": 2.72,
          "confidence": 0.457
        },
        {
          "text": "प्राद",
          "start": 2.72,
          "end": 2.96,
          "confidence": 0.454
        },
        {
          "text": "उठक",
          "start": 2.96,
          "end": 3.2,
          "confidence": 0.426
        },
        {
          "text": "प्रहन",
          "start": 3.2,
          "end": 3.58,
          "confidence": 0.542
        },
        {
          "text": "पुरेशीन",
          "start": 3.58,
          "end": 4.16,
          "confidence": 0.487
        },
        {
          "text": "नुम्चाटन",
          "start": 4.16,
          "end": 4.68,
          "confidence": 0.452
        }
      ]
    },
    {
      "id": 1,
      "seek": 0,
      "start": 4.8,
      "end": 7.88,
      "text": " अड्ड साउं पिजाईजी भगवान बिछ्चतर माप्च बिछ्चतर जंग",
      "tokens": [
        50594,
        8485,
        227,
        3941,
        94,
        27099,
        3941,
        94,
        49316,
        17937,
        3941,
        231,
        31945,
        8485,
        103,
        33279,
        3941,
        250,
        17937,
        3941,
        230,
        3941,
        250,
        31881,
        8485,
        255,
        3941,
        245,
        3941,
        113,
        17937,
        35082,
        8485,
        105,
        33279,
        3941,
        249,
        27099,
        3941,
        248,
        36158,
        25411,
        48449,
        17937,
        3941,
        103,
        27099,
        3941,
        248,
        8485,
        105,
        33279,
        3941,
        249,
        27099,
        3941,
        248,
        36158,
        25411,
        8485,
        250,
        31945,
        3941,
        245,
        50754
      ],
      "temperature": 0.0,
      "avg_logprob": -0.5263270738389757,
      "compression_ratio": 2.772727272727273,
      "no_speech_prob": 0.3185650706291199,
      "confidence": 0.563,
      "words": [
        {
          "text": "अड्ड",
          "start": 4.8,
          "end": 5.12,
          "confidence": 0.522
        },
        {
          "text": "साउं",
          "start": 5.12,
          "end": 5.38,
          "confidence": 0.468
        },
        {
          "text": "पिजाईजी",
          "start": 5.38,
          "end": 6.0,
          "confidence": 0.637
        },
        {
          "text": "भगवान",
          "start": 6.0,
          "end": 6.52,
          "confidence": 0.853
        },
        {
          "text": "बिछ्चतर",
          "start": 6.52,
          "end": 7.0,
          "confidence": 0.525
        },
        {
          "text": "माप्च",
          "start": 7.0,
          "end": 7.36,
          "confidence": 0.454
        },
        {
          "text": "बिछ्चतर",
          "start": 7.36,
          "end": 7.84,
          "confidence": 0.525
        },
        {
          "text": "जंग",
          "start": 7.84,
          "end": 7.88,
          "confidence": 0.532
        }
      ]
    },
    {
      "id": 2,
      "seek": 780,
      "start": 7.88,
      "end": 37.78,
      "text": " प्राद उठक प्राद उठक प्राद उठक प्राद उठक प्राद उठक प्राद उठक प्राद उठक प्राद उठक प्राद उठक प्राद उठक प्राद उठक प्राद उठक प्राद उठक प्राद उठक प्राद उठक प्राद उठक प्राद उठक प्राद उठक प्राद",
      "tokens": [
        50364,
        8485,
        103,
        27099,
        25411,
        17937,
        3941,
        99,
        8485,
        231,
        3941,
        254,
        41858,
        8485,
        103,
        27099,
        25411,
        17937,
        3941,
        99,
        8485,
        231,
        3941,
        254,
        41858,
        8485,
        103,
        27099,
        25411,
        17937,
        3941,
        99,
        8485,
        231,
        3941,
        254,
        41858,
        8485,
        103,
        27099,
        25411,
        17937,
        3941,
        99,
        8485,
        231,
        3941,
        254,
        41858,
        8485,
        103,
        27099,
        25411,
        17937,
        3941,
        99,
        8485,
        231,
        3941,
        254,
        41858,
        8485,
        103,
        27099,
        25411,
        17937,
        3941,
        99,
        8485,
        231,
        3941,
        254,
        41858,
        8485,
        103,
        27099,
        25411,
        17937,
        3941,
        99,
        8485,
        231,
        3941,
        254,
        41858,
        8485,
        103,
        27099,
        25411,
        17937,
        3941,
        99,
        8485,
        231,
        3941,
        254,
        41858,
        8485,
        103,
        27099,
        25411,
        17937,
        3941,
        99,
        8485,
        231,
        3941,
        254,
        41858,
        8485,
        103,
        27099,
        25411,
        17937,
        3941,
        99,
        8485,
        231,
        3941,
        254,
        41858,
        8485,
        103,
        27099,
        25411,
        17937,
        3941,
        99,
        8485,
        231,
        3941,
        254,
        41858,
        8485,
        103,
        27099,
        25411,
        17937,
        3941,
        99,
        8485,
        231,
        3941,
        254,
        41858,
        8485,
        103,
        27099,
        25411,
        17937,
        3941,
        99,
        8485,
        231,
        3941,
        254,
        41858,
        8485,
        103,
        27099,
        25411,
        17937,
        3941,
        99,
        8485,
        231,
        3941,
        254,
        41858,
        8485,
        103,
        27099,
        25411,
        17937,
        3941,
        99,
        8485,
        231,
        3941,
        254,
        41858,
        8485,
        103,
        27099,
        25411,
        17937,
        3941,
        99,
        8485,
        231,
        3941,
        254,
        41858,
        8485,
        103,
        27099,
        25411,
        17937,
        3941,
        99,
        8485,
        231,
        3941,
        254,
        41858,
        8485,
        103,
        27099,
        25411,
        17937,
        3941,
        99,
        8485,
        231,
        3941,
        254,
        41858,
        8485,
        103,
        27099,
        25411,
        17937,
        3941,
        99
      ],
      "temperature": 0.0,
      "avg_logprob": -0.14349700927734374,
      "compression_ratio": 11.5,
      "no_speech_prob": 0.9786310195922852,
      "confidence": 0.87,
      "words": [
        {
          "text": "प्राद",
          "start": 7.88,
          "end": 7.9,
          "confidence": 0.52
        },
        {
          "text": "उठक",
          "start": 7.9,
          "end": 7.92,
          "confidence": 0.637
        },
        {
          "text": "प्राद",
          "start": 7.92,
          "end": 7.94,
          "confidence": 0.851
        },
        {
          "text": "उठक",
          "start": 7.94,
          "end": 7.96,
          "confidence": 0.857
        },
        {
          "text": "प्राद",
          "start": 7.96,
          "end": 7.98,
          "confidence": 0.789
        },
        {
          "text": "उठक",
          "start": 7.98,
          "end": 8.0,
          "confidence": 0.889
        },
        {
          "text": "प्राद",
          "start": 8.0,
          "end": 8.02,
          "confidence": 0.828
        },
        {
          "text": "उठक",
          "start": 8.02,
          "end": 8.04,
          "confidence": 0.889
        },
        {
          "text": "प्राद",
          "start": 8.04,
          "end": 8.06,
          "confidence": 0.854
        },
        {
          "text": "उठक",
          "start": 8.06,
          "end": 8.08,
          "confidence": 0.877
        },
        {
          "text": "प्राद",
          "start": 8.08,
          "end": 8.1,
          "confidence": 0.858
        },
        {
          "text": "उठक",
          "start": 8.1,
          "end": 8.12,
          "confidence": 0.87
        },
        {
          "text": "प्राद",
          "start": 8.12,
          "end": 8.14,
          "confidence": 0.881
        },
        {
          "text": "उठक",
          "start": 8.14,
          "end": 8.16,
          "confidence": 0.876
        },
        {
          "text": "प्राद",
          "start": 8.16,
          "end": 8.18,
          "confidence": 0.893
        },
        {
          "text": "उठक",
          "start": 8.18,
          "end": 8.2,
          "confidence": 0.882
        },
        {
          "text": "प्राद",
          "start": 8.2,
          "end": 8.22,
          "confidence": 0.902
        },
        {
          "text": "उठक",
          "start": 8.22,
          "end": 8.24,
          "confidence": 0.888
        },
        {
          "text": "प्राद",
          "start": 8.24,
          "end": 8.26,
          "confidence": 0.909
        },
        {
          "text": "उठक",
          "start": 8.26,
          "end": 8.28,
          "confidence": 0.888
        },
        {
          "text": "प्राद",
          "start": 8.28,
          "end": 8.3,
          "confidence": 0.914
        },
        {
          "text": "उठक",
          "start": 8.3,
          "end": 8.32,
          "confidence": 0.892
        },
        {
          "text": "प्राद",
          "start": 8.32,
          "end": 8.34,
          "confidence": 0.92
        },
        {
          "text": "उठक",
          "start": 8.34,
          "end": 8.36,
          "confidence": 0.893
        },
        {
          "text": "प्राद",
          "start": 8.36,
          "end": 8.38,
          "confidence": 0.924
        },
        {
          "text": "उठक",
          "start": 8.38,
          "end": 8.4,
          "confidence": 0.894
        },
        {
          "text": "प्राद",
          "start": 8.4,
          "end": 8.42,
          "confidence": 0.928
        },
        {
          "text": "उठक",
          "start": 8.42,
          "end": 8.44,
          "confidence": 0.892
        },
        {
          "text": "प्राद",
          "start": 8.44,
          "end": 8.46,
          "confidence": 0.932
        },
        {
          "text": "उठक",
          "start": 8.46,
          "end": 8.48,
          "confidence": 0.893
        },
        {
          "text": "प्राद",
          "start": 8.48,
          "end": 8.5,
          "confidence": 0.935
        },
        {
          "text": "उठक",
          "start": 8.5,
          "end": 8.52,
          "confidence": 0.894
        },
        {
          "text": "प्राद",
          "start": 8.52,
          "end": 8.54,
          "confidence": 0.937
        },
        {
          "text": "उठक",
          "start": 8.54,
          "end": 8.56,
          "confidence": 0.898
        },
        {
          "text": "प्राद",
          "start": 8.56,
          "end": 8.58,
          "confidence": 0.939
        },
        {
          "text": "उठक",
          "start": 8.58,
          "end": 8.6,
          "confidence": 0.9
        },
        {
          "text": "प्राद",
          "start": 8.6,
          "end": 37.78,
          "confidence": 0.942
        }
      ]
    }
  ],
  "language": "hi"
}