{
  "text": " बतादे कि समाजिक आखी जन्जना में सर्कारते अलांग के मुताबी तब्य अमीर गरीब को 5 किलो राफन देने का प्राज़भान है।",
  "segments": [
    {
      "id": 0,
      "seek": 0,
      "start": 0.0,
      "end": 7.6,
      "text": " बतादे कि समाजिक आखी जन्जना में सर्कारते अलांग के मुताबी तब्य अमीर गरीब को 5 किलो राफन देने का प्राज़भान है।",
      "tokens": [
        50364,
        8485,
        105,
        36158,
        17937,
        3941,
        99,
        21981,
        31970,
        33279,
        49316,
        48521,
        17937,
        3941,
        250,
        33279,
        41858,
        8485,
        228,
        3941,
        244,
        31881,
        8485,
        250,
        35082,
        27099,
        3941,
        250,
        35082,
        17937,
        48449,
        21981,
        31945,
        49316,
        25411,
        27099,
        41858,
        17937,
        25411,
        36158,
        21981,
        8485,
        227,
        46758,
        17937,
        31945,
        3941,
        245,
        31970,
        21981,
        48449,
        8703,
        223,
        36158,
        17937,
        3941,
        105,
        31881,
        8485,
        97,
        3941,
        105,
        27099,
        48268,
        8485,
        227,
        48521,
        31881,
        25411,
        8485,
        245,
        25411,
        31881,
        3941,
        105,
        31970,
        33926,
        1025,
        31970,
        33279,
        46758,
        33926,
        8485,
        108,
        17937,
        3941,
        104,
        35082,
        8485,
        99,
        21981,
        35082,
        21981,
        31970,
        17937,
        8485,
        103,
        27099,
        25411,
        17937,
        3941,
        250,
        3941,
        120,
        3941,
        255,
        17937,
        35082,
        37139,
        43372,
        8703,
        97,
        50764
      ],
      "temperature": 0.0,
      "avg_logprob": -0.4043290322287041,
      "compression_ratio": 1.7884615384615385,
      "no_speech_prob": 0.214116632938385,
      "confidence": 0.669,
      "words": [
        {
          "text": "बतादे",
          "start": 0.0,
          "end": 0.84,
          "confidence": 0.639
        },
        {
          "text": "कि",
          "start": 0.84,
          "end": 0.96,
          "confidence": 0.48
        },
        {
          "text": "समाजिक",
          "start": 0.96,
          "end": 1.44,
          "confidence": 0.792
        },
        {
          "text": "आखी",
          "start": 1.44,
          "end": 1.84,
          "confidence": 0.554
        },
        {
          "text": "जन्जना",
          "start": 1.84,
          "end": 2.28,
          "confidence": 0.566
        },
        {
          "text": "में",
          "start": 2.28,
          "end": 2.44,
          "confidence": 0.652
        },
        {
          "text": "सर्कारते",
          "start": 2.44,
          "end": 2.98,
          "confidence": 0.755
        },
        {
          "text": "अलांग",
          "start": 2.98,
          "end": 3.32,
          "confidence": 0.472
        },
        {
          "text": "के",
          "start": 3.32,
          "end": 3.4,
          "confidence": 0.621
        },
        {
          "text": "मुताबी",
          "start": 3.4,
          "end": 3.98,
          "confidence": 0.726
        },
        {
          "text": "तब्य",
          "start": 3.98,
          "end": 4.32,
          "confidence": 0.388
        },
        {
          "text": "अमीर",
          "start": 4.32,
          "end": 4.66,
          "confidence": 0.838
        },
        {
          "text": "गरीब",
          "start": 4.66,
          "end": 5.08,
          "confidence": 0.79
        },
        {
          "text": "को",
          "start": 5.08,
          "end": 5.54,
          "confidence": 0.734
        },
        {
          "text": "5",
          "start": 5.54,
          "end": 5.9,
          "confidence": 0.566
        },
        {
          "text": "किलो",
          "start": 5.9,
          "end": 6.24,
          "confidence": 0.674
        },
        {
          "text": "राफन",
          "start": 6.24,
          "end": 6.58,
          "confidence": 0.632
        },
        {
          "text": "देने",
          "start": 6.58,
          "end": 6.86,
          "confidence": 0.945
        },
        {
          "text": "का",
          "start": 6.86,
          "end": 6.92,
          "confidence": 0.848
        },
        {
          "text": "प्राज़भान",
          "start": 6.92,
          "end": 7.52,
          "confidence": 0.766
        },
        {
          "text": "है।",
          "start": 7.52,
          "end": 7.6,
          "confidence": 0.78
        }
      ]
    }
  ],
  "language": "hi"
}