{
  "text": " बताया जाया है कि पंचाइश तफील को आवरिशाक नहीं देने के कालण ऐसा किया जाया है पर खंद जिचाग का विकलिक खजली की इस गरबरी की जात करनी चाहिए बिहार मौबैल बानी के लिए स्थान पर प्रशाँच करने के लिए",
  "segments": [
    {
      "id": 0,
      "seek": 0,
      "start": 0.1,
      "end": 6.34,
      "text": " बताया जाया है कि पंचाइश तफील को आवरिशाक नहीं देने के कालण ऐसा किया जाया है",
      "tokens": [
        50364,
        8485,
        105,
        36158,
        17937,
        48268,
        17937,
        8485,
        250,
        17937,
        48268,
        17937,
        37139,
        43372,
        31970,
        33279,
        8485,
        103,
        31945,
        3941,
        248,
        17937,
        3941,
        229,
        3941,
        114,
        8485,
        97,
        3941,
        104,
        31881,
        46758,
        31970,
        33926,
        8485,
        228,
        3941,
        113,
        25411,
        33279,
        3941,
        114,
        17937,
        41858,
        8485,
        101,
        44500,
        31881,
        31945,
        8485,
        99,
        21981,
        35082,
        21981,
        31970,
        21981,
        31970,
        17937,
        46758,
        3941,
        96,
        8485,
        238,
        45938,
        17937,
        31970,
        33279,
        48268,
        17937,
        8485,
        250,
        17937,
        48268,
        17937,
        37139,
        43372,
        50664
      ],
      "temperature": 0.0,
      "avg_logprob": -0.463712536558813,
      "compression_ratio": 2.218604651162791,
      "no_speech_prob": 0.8938472270965576,
      "confidence": 0.662,
      "words": [
        {
          "text": "बताया",
          "start": 0.1,
          "end": 2.34,
          "confidence": 0.678
        },
        {
          "text": "जाया",
          "start": 2.34,
          "end": 2.6,
          "confidence": 0.706
        },
        {
          "text": "है",
          "start": 2.6,
          "end": 2.64,
          "confidence": 0.608
        },
        {
          "text": "कि",
          "start": 2.64,
          "end": 2.76,
          "confidence": 0.65
        },
        {
          "text": "पंचाइश",
          "start": 2.76,
          "end": 3.2,
          "confidence": 0.57
        },
        {
          "text": "तफील",
          "start": 3.2,
          "end": 3.52,
          "confidence": 0.45
        },
        {
          "text": "को",
          "start": 3.52,
          "end": 3.64,
          "confidence": 0.779
        },
        {
          "text": "आवरिशाक",
          "start": 3.64,
          "end": 4.2,
          "confidence": 0.44
        },
        {
          "text": "नहीं",
          "start": 4.2,
          "end": 4.3,
          "confidence": 0.876
        },
        {
          "text": "देने",
          "start": 4.3,
          "end": 4.72,
          "confidence": 0.893
        },
        {
          "text": "के",
          "start": 4.72,
          "end": 4.78,
          "confidence": 0.901
        },
        {
          "text": "कालण",
          "start": 4.78,
          "end": 5.16,
          "confidence": 0.7
        },
        {
          "text": "ऐसा",
          "start": 5.16,
          "end": 5.9,
          "confidence": 0.763
        },
        {
          "text": "किया",
          "start": 5.9,
          "end": 6.16,
          "confidence": 0.868
        },
        {
          "text": "जाया",
          "start": 6.16,
          "end": 6.32,
          "confidence": 0.865
        },
        {
          "text": "है",
          "start": 6.32,
          "end": 6.34,
          "confidence": 0.878
        }
      ]
    },
    {
      "id": 1,
      "seek": 0,
      "start": 6.34,
      "end": 11.88,
      "text": " पर खंद जिचाग का विकलिक खजली की इस गरबरी की जात करनी चाहिए बिहार मौबैल बानी के लिए स्थान पर प्रशाँच करने के लिए",
      "tokens": [
        50664,
        8485,
        103,
        25411,
        8485,
        244,
        31945,
        3941,
        99,
        8485,
        250,
        33279,
        3941,
        248,
        17937,
        3941,
        245,
        31970,
        17937,
        8485,
        113,
        33279,
        41858,
        46758,
        33279,
        41858,
        8485,
        244,
        3941,
        250,
        46758,
        31881,
        31970,
        31881,
        8485,
        229,
        45938,
        8485,
        245,
        25411,
        3941,
        105,
        25411,
        31881,
        31970,
        31881,
        8485,
        250,
        17937,
        36158,
        31970,
        25411,
        35082,
        31881,
        8485,
        248,
        17937,
        44500,
        33279,
        3941,
        237,
        8485,
        105,
        33279,
        44500,
        17937,
        25411,
        48449,
        8703,
        234,
        3941,
        105,
        43372,
        46758,
        8485,
        105,
        17937,
        35082,
        31881,
        31970,
        21981,
        8485,
        110,
        33279,
        3941,
        237,
        49316,
        27099,
        3941,
        98,
        17937,
        35082,
        8485,
        103,
        25411,
        8485,
        103,
        27099,
        25411,
        3941,
        114,
        17937,
        3941,
        223,
        3941,
        248,
        31970,
        25411,
        35082,
        21981,
        31970,
        21981,
        8485,
        110,
        33279,
        3941,
        237,
        50964
      ],
      "temperature": 0.0,
      "avg_logprob": -0.463712536558813,
      "compression_ratio": 2.218604651162791,
      "no_speech_prob": 0.8938472270965576,
      "confidence": 0.604,
      "words": [
        {
          "text": "पर",
          "start": 6.34,
          "end": 7.12,
          "confidence": 0.776
        },
        {
          "text": "खंद",
          "start": 7.12,
          "end": 7.26,
          "confidence": 0.673
        },
        {
          "text": "जिचाग",
          "start": 7.26,
          "end": 7.64,
          "confidence": 0.432
        },
        {
          "text": "का",
          "start": 7.64,
          "end": 7.74,
          "confidence": 0.448
        },
        {
          "text": "विकलिक",
          "start": 7.74,
          "end": 8.02,
          "confidence": 0.594
        },
        {
          "text": "खजली",
          "start": 8.02,
          "end": 8.44,
          "confidence": 0.658
        },
        {
          "text": "की",
          "start": 8.44,
          "end": 8.52,
          "confidence": 0.435
        },
        {
          "text": "इस",
          "start": 8.52,
          "end": 8.7,
          "confidence": 0.641
        },
        {
          "text": "गरबरी",
          "start": 8.7,
          "end": 9.08,
          "confidence": 0.775
        },
        {
          "text": "की",
          "start": 9.08,
          "end": 9.12,
          "confidence": 0.832
        },
        {
          "text": "जात",
          "start": 9.12,
          "end": 9.42,
          "confidence": 0.722
        },
        {
          "text": "करनी",
          "start": 9.42,
          "end": 9.72,
          "confidence": 0.775
        },
        {
          "text": "चाहिए",
          "start": 9.72,
          "end": 10.0,
          "confidence": 0.894
        },
        {
          "text": "बिहार",
          "start": 10.0,
          "end": 10.34,
          "confidence": 0.653
        },
        {
          "text": "मौबैल",
          "start": 10.34,
          "end": 10.66,
          "confidence": 0.652
        },
        {
          "text": "बानी",
          "start": 10.66,
          "end": 10.96,
          "confidence": 0.768
        },
        {
          "text": "के",
          "start": 10.96,
          "end": 11.04,
          "confidence": 0.771
        },
        {
          "text": "लिए",
          "start": 11.04,
          "end": 11.06,
          "confidence": 0.952
        },
        {
          "text": "स्थान",
          "start": 11.06,
          "end": 11.4,
          "confidence": 0.614
        },
        {
          "text": "पर",
          "start": 11.4,
          "end": 11.48,
          "confidence": 0.252
        },
        {
          "text": "प्रशाँच",
          "start": 11.48,
          "end": 11.7,
          "confidence": 0.301
        },
        {
          "text": "करने",
          "start": 11.7,
          "end": 11.84,
          "confidence": 0.389
        },
        {
          "text": "के",
          "start": 11.84,
          "end": 11.86,
          "confidence": 0.704
        },
        {
          "text": "लिए",
          "start": 11.86,
          "end": 11.88,
          "confidence": 0.886
        }
      ]
    }
  ],
  "language": "hi"
}