{
  "text": " जादा उम्र के लड़का जो साथ उसको कर दिया था, उसको साधी किया, उसका परली पत्मी थी थी जो देट कर गए थी, उनके थी एक पीन चार बच्चे थे.",
  "segments": [
    {
      "id": 0,
      "seek": 0,
      "start": 0.0,
      "end": 10.4,
      "text": " जादा उम्र के लड़का जो साथ उसको कर दिया था, उसको साधी किया, उसका परली पत्मी थी थी जो देट कर गए थी, उनके थी एक पीन चार बच्चे थे.",
      "tokens": [
        50364,
        8485,
        250,
        17937,
        3941,
        99,
        17937,
        8485,
        231,
        48521,
        27099,
        25411,
        31970,
        21981,
        8485,
        110,
        3941,
        94,
        3941,
        120,
        41858,
        17937,
        8485,
        250,
        33926,
        49316,
        17937,
        3941,
        98,
        8485,
        231,
        45938,
        41858,
        33926,
        31970,
        25411,
        8485,
        99,
        33279,
        48268,
        17937,
        8485,
        98,
        17937,
        11,
        8485,
        231,
        45938,
        41858,
        33926,
        49316,
        17937,
        3941,
        100,
        31881,
        31970,
        33279,
        48268,
        17937,
        11,
        8485,
        231,
        45938,
        41858,
        17937,
        8485,
        103,
        25411,
        46758,
        31881,
        8485,
        103,
        36158,
        27099,
        48521,
        31881,
        8485,
        98,
        31881,
        8485,
        98,
        31881,
        8485,
        250,
        33926,
        8485,
        99,
        21981,
        3941,
        253,
        31970,
        25411,
        8485,
        245,
        3941,
        237,
        8485,
        98,
        31881,
        11,
        8485,
        231,
        35082,
        41858,
        21981,
        8485,
        98,
        31881,
        8485,
        237,
        41858,
        8485,
        103,
        31881,
        35082,
        8485,
        248,
        17937,
        25411,
        8485,
        105,
        3941,
        248,
        27099,
        3941,
        248,
        21981,
        8485,
        98,
        21981,
        13,
        50864
      ],
      "temperature": 0.0,
      "avg_logprob": -0.298314488920054,
      "compression_ratio": 2.0,
      "no_speech_prob": 0.08691950887441635,
      "confidence": 0.761,
      "words": [
        {
          "text": "जादा",
          "start": 0.0,
          "end": 0.76,
          "confidence": 0.708
        },
        {
          "text": "उम्र",
          "start": 0.76,
          "end": 1.22,
          "confidence": 0.834
        },
        {
          "text": "के",
          "start": 1.22,
          "end": 1.4,
          "confidence": 0.575
        },
        {
          "text": "लड़का",
          "start": 1.4,
          "end": 2.18,
          "confidence": 0.895
        },
        {
          "text": "जो",
          "start": 2.18,
          "end": 2.42,
          "confidence": 0.37
        },
        {
          "text": "साथ",
          "start": 2.42,
          "end": 2.6,
          "confidence": 0.885
        },
        {
          "text": "उसको",
          "start": 2.6,
          "end": 3.48,
          "confidence": 0.919
        },
        {
          "text": "कर",
          "start": 3.48,
          "end": 3.86,
          "confidence": 0.812
        },
        {
          "text": "दिया",
          "start": 3.86,
          "end": 4.18,
          "confidence": 0.896
        },
        {
          "text": "था,",
          "start": 4.18,
          "end": 4.64,
          "confidence": 0.942
        },
        {
          "text": "उसको",
          "start": 4.9,
          "end": 5.24,
          "confidence": 0.91
        },
        {
          "text": "साधी",
          "start": 5.24,
          "end": 5.68,
          "confidence": 0.737
        },
        {
          "text": "किया,",
          "start": 5.68,
          "end": 5.88,
          "confidence": 0.799
        },
        {
          "text": "उसका",
          "start": 6.0,
          "end": 6.18,
          "confidence": 0.908
        },
        {
          "text": "परली",
          "start": 6.18,
          "end": 6.72,
          "confidence": 0.62
        },
        {
          "text": "पत्मी",
          "start": 6.72,
          "end": 7.06,
          "confidence": 0.767
        },
        {
          "text": "थी",
          "start": 7.06,
          "end": 7.3,
          "confidence": 0.852
        },
        {
          "text": "थी",
          "start": 7.3,
          "end": 7.56,
          "confidence": 0.928
        },
        {
          "text": "जो",
          "start": 7.56,
          "end": 7.72,
          "confidence": 0.844
        },
        {
          "text": "देट",
          "start": 7.72,
          "end": 8.14,
          "confidence": 0.724
        },
        {
          "text": "कर",
          "start": 8.14,
          "end": 8.32,
          "confidence": 0.916
        },
        {
          "text": "गए",
          "start": 8.32,
          "end": 8.62,
          "confidence": 0.765
        },
        {
          "text": "थी,",
          "start": 8.62,
          "end": 8.86,
          "confidence": 0.755
        },
        {
          "text": "उनके",
          "start": 8.86,
          "end": 9.12,
          "confidence": 0.922
        },
        {
          "text": "थी",
          "start": 9.12,
          "end": 9.32,
          "confidence": 0.476
        },
        {
          "text": "एक",
          "start": 9.32,
          "end": 9.42,
          "confidence": 0.357
        },
        {
          "text": "पीन",
          "start": 9.42,
          "end": 9.58,
          "confidence": 0.469
        },
        {
          "text": "चार",
          "start": 9.58,
          "end": 9.8,
          "confidence": 0.6
        },
        {
          "text": "बच्चे",
          "start": 9.8,
          "end": 10.28,
          "confidence": 0.892
        },
        {
          "text": "थे.",
          "start": 10.28,
          "end": 10.4,
          "confidence": 0.893
        }
      ]
    }
  ],
  "language": "hi"
}