{
  "text": " इंडियों में पिल्कित भेटने वाले ही सरक तो अपने करदे में कर रखा है। लगातार दुकान उदूर्दी होने से हम लोगों वे सरक के चलना मुष्टिल हो जाया।",
  "segments": [
    {
      "id": 0,
      "seek": 0,
      "start": 0.0,
      "end": 4.79,
      "text": " इंडियों में पिल्कित भेटने वाले ही सरक तो अपने करदे में कर रखा है।",
      "tokens": [
        50364,
        8485,
        229,
        31945,
        3941,
        94,
        33279,
        48268,
        33926,
        31945,
        48449,
        21981,
        31945,
        8485,
        103,
        33279,
        46758,
        27099,
        41858,
        33279,
        36158,
        8485,
        255,
        21981,
        3941,
        253,
        35082,
        21981,
        8485,
        113,
        17937,
        46758,
        21981,
        37139,
        31881,
        49316,
        25411,
        41858,
        8485,
        97,
        33926,
        8485,
        227,
        3941,
        103,
        35082,
        21981,
        31970,
        25411,
        3941,
        99,
        21981,
        48449,
        21981,
        31945,
        31970,
        25411,
        8485,
        108,
        3941,
        244,
        17937,
        37139,
        43372,
        8703,
        97,
        50614
      ],
      "temperature": 0.0,
      "avg_logprob": -0.37524334033886036,
      "compression_ratio": 1.9719101123595506,
      "no_speech_prob": 0.12605786323547363,
      "confidence": 0.656,
      "words": [
        {
          "text": "इंडियों",
          "start": 0.0,
          "end": 0.72,
          "confidence": 0.563
        },
        {
          "text": "में",
          "start": 0.72,
          "end": 0.86,
          "confidence": 0.845
        },
        {
          "text": "पिल्कित",
          "start": 0.86,
          "end": 1.32,
          "confidence": 0.546
        },
        {
          "text": "भेटने",
          "start": 1.32,
          "end": 1.82,
          "confidence": 0.501
        },
        {
          "text": "वाले",
          "start": 1.82,
          "end": 2.14,
          "confidence": 0.929
        },
        {
          "text": "ही",
          "start": 2.14,
          "end": 2.26,
          "confidence": 0.544
        },
        {
          "text": "सरक",
          "start": 2.26,
          "end": 2.68,
          "confidence": 0.576
        },
        {
          "text": "तो",
          "start": 2.68,
          "end": 3.0,
          "confidence": 0.417
        },
        {
          "text": "अपने",
          "start": 3.0,
          "end": 3.36,
          "confidence": 0.863
        },
        {
          "text": "करदे",
          "start": 3.36,
          "end": 3.82,
          "confidence": 0.669
        },
        {
          "text": "में",
          "start": 3.82,
          "end": 3.96,
          "confidence": 0.713
        },
        {
          "text": "कर",
          "start": 3.96,
          "end": 4.18,
          "confidence": 0.904
        },
        {
          "text": "रखा",
          "start": 4.18,
          "end": 4.64,
          "confidence": 0.911
        },
        {
          "text": "है।",
          "start": 4.64,
          "end": 4.79,
          "confidence": 0.662
        }
      ]
    },
    {
      "id": 1,
      "seek": 0,
      "start": 4.79,
      "end": 9.3,
      "text": " लगातार दुकान उदूर्दी होने से हम लोगों वे सरक के चलना मुष्टिल हो जाया।",
      "tokens": [
        50614,
        8485,
        110,
        3941,
        245,
        17937,
        36158,
        17937,
        25411,
        8485,
        99,
        8703,
        223,
        41858,
        17937,
        35082,
        8485,
        231,
        3941,
        99,
        8703,
        224,
        25411,
        27099,
        3941,
        99,
        31881,
        37139,
        33926,
        35082,
        21981,
        49316,
        21981,
        37139,
        48521,
        8485,
        110,
        33926,
        3941,
        245,
        33926,
        31945,
        8485,
        113,
        21981,
        49316,
        25411,
        41858,
        31970,
        21981,
        8485,
        248,
        46758,
        35082,
        17937,
        48449,
        8703,
        223,
        3941,
        115,
        27099,
        3941,
        253,
        33279,
        46758,
        37139,
        33926,
        8485,
        250,
        17937,
        48268,
        17937,
        8703,
        97,
        50814
      ],
      "temperature": 0.0,
      "avg_logprob": -0.37524334033886036,
      "compression_ratio": 1.9719101123595506,
      "no_speech_prob": 0.12605786323547363,
      "confidence": 0.732,
      "words": [
        {
          "text": "लगातार",
          "start": 4.79,
          "end": 5.28,
          "confidence": 0.906
        },
        {
          "text": "दुकान",
          "start": 5.28,
          "end": 5.68,
          "confidence": 0.894
        },
        {
          "text": "उदूर्दी",
          "start": 5.68,
          "end": 6.16,
          "confidence": 0.569
        },
        {
          "text": "होने",
          "start": 6.16,
          "end": 6.48,
          "confidence": 0.889
        },
        {
          "text": "से",
          "start": 6.48,
          "end": 6.62,
          "confidence": 0.838
        },
        {
          "text": "हम",
          "start": 6.62,
          "end": 6.82,
          "confidence": 0.462
        },
        {
          "text": "लोगों",
          "start": 6.82,
          "end": 7.1,
          "confidence": 0.86
        },
        {
          "text": "वे",
          "start": 7.1,
          "end": 7.22,
          "confidence": 0.329
        },
        {
          "text": "सरक",
          "start": 7.22,
          "end": 7.56,
          "confidence": 0.924
        },
        {
          "text": "के",
          "start": 7.56,
          "end": 7.68,
          "confidence": 0.471
        },
        {
          "text": "चलना",
          "start": 7.68,
          "end": 8.1,
          "confidence": 0.715
        },
        {
          "text": "मुष्टिल",
          "start": 8.1,
          "end": 8.52,
          "confidence": 0.773
        },
        {
          "text": "हो",
          "start": 8.52,
          "end": 8.66,
          "confidence": 0.948
        },
        {
          "text": "जाया।",
          "start": 8.66,
          "end": 9.3,
          "confidence": 0.741
        }
      ]
    }
  ],
  "language": "hi"
}