{
  "text": " नमस्कार मैं रुपा बेदी राजी भाखन से, नेवी बस्ती से. मैंने अभी पैनल सुना कि बार येवन प्रसन जो बस्ते के साक्रोर हैं, उसमें माता कीता का भी बहुत बड़ा हात रथा है, योगदान रथा है. तोकि बहुत समय बस्ते ऐसे हैं कि...",
  "segments": [
    {
      "id": 0,
      "seek": 0,
      "start": 0.0,
      "end": 12.98,
      "text": " नमस्कार मैं रुपा बेदी राजी भाखन से, नेवी बस्ती से. मैंने अभी पैनल सुना कि बार येवन प्रसन जो बस्ते के साक्रोर हैं, उसमें माता कीता का भी बहुत बड़ा हात रथा है, योगदान रथा है.",
      "tokens": [
        50364,
        8485,
        101,
        48521,
        45938,
        27099,
        41858,
        17937,
        25411,
        48449,
        43372,
        31945,
        8485,
        108,
        8703,
        223,
        3941,
        103,
        17937,
        8485,
        105,
        21981,
        3941,
        99,
        31881,
        8485,
        108,
        17937,
        3941,
        250,
        31881,
        8485,
        255,
        17937,
        3941,
        244,
        35082,
        49316,
        21981,
        11,
        8485,
        101,
        21981,
        3941,
        113,
        31881,
        8485,
        105,
        45938,
        27099,
        36158,
        31881,
        49316,
        21981,
        13,
        48449,
        43372,
        31945,
        35082,
        21981,
        8485,
        227,
        3941,
        255,
        31881,
        8485,
        103,
        43372,
        35082,
        46758,
        49316,
        8703,
        223,
        35082,
        17937,
        31970,
        33279,
        8485,
        105,
        17937,
        25411,
        8485,
        107,
        21981,
        3941,
        113,
        35082,
        8485,
        103,
        27099,
        25411,
        45938,
        35082,
        8485,
        250,
        33926,
        8485,
        105,
        45938,
        27099,
        36158,
        21981,
        31970,
        21981,
        49316,
        17937,
        41858,
        27099,
        25411,
        33926,
        25411,
        37139,
        43372,
        31945,
        11,
        8485,
        231,
        45938,
        48521,
        21981,
        31945,
        48449,
        17937,
        36158,
        17937,
        31970,
        31881,
        36158,
        17937,
        31970,
        17937,
        8485,
        255,
        31881,
        8485,
        105,
        44500,
        8703,
        223,
        36158,
        8485,
        105,
        3941,
        94,
        3941,
        120,
        17937,
        37139,
        17937,
        36158,
        8485,
        108,
        3941,
        98,
        17937,
        37139,
        43372,
        11,
        8485,
        107,
        33926,
        3941,
        245,
        3941,
        99,
        17937,
        35082,
        8485,
        108,
        3941,
        98,
        17937,
        37139,
        43372,
        13,
        51014
      ],
      "temperature": 0.0,
      "avg_logprob": -0.3073229630027661,
      "compression_ratio": 2.3022222222222224,
      "no_speech_prob": 0.007121963892132044,
      "confidence": 0.753,
      "words": [
        {
          "text": "नमस्कार",
          "start": 0.0,
          "end": 1.0,
          "confidence": 0.784
        },
        {
          "text": "मैं",
          "start": 1.0,
          "end": 1.02,
          "confidence": 0.865
        },
        {
          "text": "रुपा",
          "start": 1.02,
          "end": 1.52,
          "confidence": 0.827
        },
        {
          "text": "बेदी",
          "start": 1.52,
          "end": 1.66,
          "confidence": 0.685
        },
        {
          "text": "राजी",
          "start": 1.66,
          "end": 2.04,
          "confidence": 0.625
        },
        {
          "text": "भाखन",
          "start": 2.04,
          "end": 2.46,
          "confidence": 0.66
        },
        {
          "text": "से,",
          "start": 2.46,
          "end": 2.56,
          "confidence": 0.662
        },
        {
          "text": "नेवी",
          "start": 2.62,
          "end": 2.92,
          "confidence": 0.829
        },
        {
          "text": "बस्ती",
          "start": 2.92,
          "end": 3.36,
          "confidence": 0.72
        },
        {
          "text": "से.",
          "start": 3.36,
          "end": 3.62,
          "confidence": 0.789
        },
        {
          "text": "मैंने",
          "start": 3.82,
          "end": 4.04,
          "confidence": 0.831
        },
        {
          "text": "अभी",
          "start": 4.04,
          "end": 4.32,
          "confidence": 0.931
        },
        {
          "text": "पैनल",
          "start": 4.32,
          "end": 4.66,
          "confidence": 0.721
        },
        {
          "text": "सुना",
          "start": 4.66,
          "end": 5.04,
          "confidence": 0.707
        },
        {
          "text": "कि",
          "start": 5.04,
          "end": 5.56,
          "confidence": 0.418
        },
        {
          "text": "बार",
          "start": 5.56,
          "end": 5.94,
          "confidence": 0.805
        },
        {
          "text": "येवन",
          "start": 5.94,
          "end": 6.26,
          "confidence": 0.642
        },
        {
          "text": "प्रसन",
          "start": 6.26,
          "end": 6.8,
          "confidence": 0.632
        },
        {
          "text": "जो",
          "start": 6.8,
          "end": 7.04,
          "confidence": 0.881
        },
        {
          "text": "बस्ते",
          "start": 7.04,
          "end": 7.48,
          "confidence": 0.775
        },
        {
          "text": "के",
          "start": 7.48,
          "end": 7.5,
          "confidence": 0.553
        },
        {
          "text": "साक्रोर",
          "start": 7.5,
          "end": 8.16,
          "confidence": 0.664
        },
        {
          "text": "हैं,",
          "start": 8.16,
          "end": 8.96,
          "confidence": 0.627
        },
        {
          "text": "उसमें",
          "start": 9.02,
          "end": 9.28,
          "confidence": 0.843
        },
        {
          "text": "माता",
          "start": 9.28,
          "end": 9.68,
          "confidence": 0.919
        },
        {
          "text": "कीता",
          "start": 9.68,
          "end": 10.04,
          "confidence": 0.641
        },
        {
          "text": "का",
          "start": 10.04,
          "end": 10.22,
          "confidence": 0.844
        },
        {
          "text": "भी",
          "start": 10.22,
          "end": 10.36,
          "confidence": 0.891
        },
        {
          "text": "बहुत",
          "start": 10.36,
          "end": 10.66,
          "confidence": 0.92
        },
        {
          "text": "बड़ा",
          "start": 10.66,
          "end": 11.18,
          "confidence": 0.889
        },
        {
          "text": "हात",
          "start": 11.18,
          "end": 11.58,
          "confidence": 0.662
        },
        {
          "text": "रथा",
          "start": 11.58,
          "end": 11.92,
          "confidence": 0.689
        },
        {
          "text": "है,",
          "start": 11.92,
          "end": 12.02,
          "confidence": 0.888
        },
        {
          "text": "योगदान",
          "start": 12.12,
          "end": 12.54,
          "confidence": 0.719
        },
        {
          "text": "रथा",
          "start": 12.54,
          "end": 12.9,
          "confidence": 0.919
        },
        {
          "text": "है.",
          "start": 12.9,
          "end": 12.98,
          "confidence": 0.809
        }
      ]
    },
    {
      "id": 1,
      "seek": 0,
      "start": 13.04,
      "end": 15.48,
      "text": " तोकि बहुत समय बस्ते ऐसे हैं कि...",
      "tokens": [
        51014,
        8485,
        97,
        33926,
        41858,
        33279,
        8485,
        105,
        44500,
        8703,
        223,
        36158,
        49316,
        48521,
        48268,
        8485,
        105,
        45938,
        27099,
        36158,
        21981,
        8485,
        238,
        45938,
        21981,
        37139,
        43372,
        31945,
        31970,
        33279,
        485,
        51114
      ],
      "temperature": 0.0,
      "avg_logprob": -0.3073229630027661,
      "compression_ratio": 2.3022222222222224,
      "no_speech_prob": 0.007121963892132044,
      "confidence": 0.755,
      "words": [
        {
          "text": "तोकि",
          "start": 13.04,
          "end": 13.32,
          "confidence": 0.615
        },
        {
          "text": "बहुत",
          "start": 13.32,
          "end": 13.6,
          "confidence": 0.922
        },
        {
          "text": "समय",
          "start": 13.6,
          "end": 13.8,
          "confidence": 0.46
        },
        {
          "text": "बस्ते",
          "start": 13.8,
          "end": 14.2,
          "confidence": 0.878
        },
        {
          "text": "ऐसे",
          "start": 14.2,
          "end": 14.48,
          "confidence": 0.794
        },
        {
          "text": "हैं",
          "start": 14.48,
          "end": 14.78,
          "confidence": 0.874
        },
        {
          "text": "कि...",
          "start": 14.78,
          "end": 15.48,
          "confidence": 0.67
        }
      ]
    }
  ],
  "language": "hi"
}