{
  "text": " मैं इन्यान बर्माशिर्ष कांची क्लब की ओर से भिहार मोबाईल वानी के लिए मदभनी से। आरहं बाववरी प्रकंड का दोरचिया और मद्धे से जाले कांची की ओर से बाववरी प्रकंड का दोरचिया।",
  "segments": [
    {
      "id": 0,
      "seek": 0,
      "start": 0.0,
      "end": 4.34,
      "text": " मैं इन्यान बर्माशिर्ष कांची क्लब की ओर से भिहार मोबाईल वानी के लिए मदभनी से।",
      "tokens": [
        50364,
        48449,
        43372,
        31945,
        8485,
        229,
        35082,
        27099,
        48268,
        17937,
        35082,
        8485,
        105,
        25411,
        27099,
        48521,
        17937,
        3941,
        114,
        33279,
        25411,
        27099,
        3941,
        115,
        31970,
        17937,
        31945,
        3941,
        248,
        31881,
        31970,
        27099,
        46758,
        3941,
        105,
        31970,
        31881,
        8485,
        241,
        25411,
        49316,
        21981,
        8485,
        255,
        33279,
        44500,
        17937,
        25411,
        48449,
        33926,
        3941,
        105,
        17937,
        3941,
        230,
        46758,
        8485,
        113,
        17937,
        35082,
        31881,
        31970,
        21981,
        8485,
        110,
        33279,
        3941,
        237,
        48449,
        3941,
        99,
        3941,
        255,
        35082,
        31881,
        49316,
        21981,
        8703,
        97,
        50564
      ],
      "temperature": 0.0,
      "avg_logprob": -0.36519846598307293,
      "compression_ratio": 2.836842105263158,
      "no_speech_prob": 0.2558841407299042,
      "confidence": 0.646,
      "words": [
        {
          "text": "मैं",
          "start": 0.0,
          "end": 0.66,
          "confidence": 0.565
        },
        {
          "text": "इन्यान",
          "start": 0.66,
          "end": 0.9,
          "confidence": 0.424
        },
        {
          "text": "बर्माशिर्ष",
          "start": 0.9,
          "end": 1.42,
          "confidence": 0.574
        },
        {
          "text": "कांची",
          "start": 1.42,
          "end": 1.76,
          "confidence": 0.639
        },
        {
          "text": "क्लब",
          "start": 1.76,
          "end": 1.98,
          "confidence": 0.753
        },
        {
          "text": "की",
          "start": 1.98,
          "end": 2.12,
          "confidence": 0.644
        },
        {
          "text": "ओर",
          "start": 2.12,
          "end": 2.28,
          "confidence": 0.78
        },
        {
          "text": "से",
          "start": 2.28,
          "end": 2.4,
          "confidence": 0.666
        },
        {
          "text": "भिहार",
          "start": 2.4,
          "end": 2.76,
          "confidence": 0.718
        },
        {
          "text": "मोबाईल",
          "start": 2.76,
          "end": 3.2,
          "confidence": 0.703
        },
        {
          "text": "वानी",
          "start": 3.2,
          "end": 3.36,
          "confidence": 0.802
        },
        {
          "text": "के",
          "start": 3.36,
          "end": 3.58,
          "confidence": 0.842
        },
        {
          "text": "लिए",
          "start": 3.58,
          "end": 3.66,
          "confidence": 0.944
        },
        {
          "text": "मदभनी",
          "start": 3.66,
          "end": 4.2,
          "confidence": 0.58
        },
        {
          "text": "से।",
          "start": 4.2,
          "end": 4.34,
          "confidence": 0.559
        }
      ]
    },
    {
      "id": 1,
      "seek": 400,
      "start": 4.34,
      "end": 11.52,
      "text": " आरहं बाववरी प्रकंड का दोरचिया और मद्धे से जाले कांची की ओर से बाववरी प्रकंड का दोरचिया।",
      "tokens": [
        50364,
        8485,
        228,
        25411,
        44500,
        31945,
        8485,
        105,
        17937,
        3941,
        113,
        3941,
        113,
        25411,
        31881,
        8485,
        103,
        27099,
        25411,
        41858,
        31945,
        3941,
        94,
        31970,
        17937,
        8485,
        99,
        33926,
        25411,
        3941,
        248,
        33279,
        48268,
        17937,
        8485,
        242,
        25411,
        48449,
        3941,
        99,
        27099,
        3941,
        100,
        21981,
        49316,
        21981,
        8485,
        250,
        17937,
        46758,
        21981,
        31970,
        17937,
        31945,
        3941,
        248,
        31881,
        31970,
        31881,
        8485,
        241,
        25411,
        49316,
        21981,
        8485,
        105,
        17937,
        3941,
        113,
        3941,
        113,
        25411,
        31881,
        8485,
        103,
        27099,
        25411,
        41858,
        31945,
        3941,
        94,
        31970,
        17937,
        8485,
        99,
        33926,
        25411,
        3941,
        248,
        33279,
        48268,
        17937,
        8703,
        97,
        50764
      ],
      "temperature": 0.0,
      "avg_logprob": -0.504323403040568,
      "compression_ratio": 2.063063063063063,
      "no_speech_prob": 0.9085590839385986,
      "confidence": 0.61,
      "words": [
        {
          "text": "आरहं",
          "start": 4.34,
          "end": 5.24,
          "confidence": 0.518
        },
        {
          "text": "बाववरी",
          "start": 5.24,
          "end": 6.04,
          "confidence": 0.515
        },
        {
          "text": "प्रकंड",
          "start": 6.04,
          "end": 6.44,
          "confidence": 0.57
        },
        {
          "text": "का",
          "start": 6.44,
          "end": 6.56,
          "confidence": 0.879
        },
        {
          "text": "दोरचिया",
          "start": 6.56,
          "end": 7.2,
          "confidence": 0.507
        },
        {
          "text": "और",
          "start": 7.2,
          "end": 8.1,
          "confidence": 0.643
        },
        {
          "text": "मद्धे",
          "start": 8.1,
          "end": 8.46,
          "confidence": 0.557
        },
        {
          "text": "से",
          "start": 8.46,
          "end": 8.56,
          "confidence": 0.402
        },
        {
          "text": "जाले",
          "start": 8.56,
          "end": 9.3,
          "confidence": 0.66
        },
        {
          "text": "कांची",
          "start": 9.3,
          "end": 11.38,
          "confidence": 0.689
        },
        {
          "text": "की",
          "start": 11.38,
          "end": 11.4,
          "confidence": 0.335
        },
        {
          "text": "ओर",
          "start": 11.4,
          "end": 11.42,
          "confidence": 0.669
        },
        {
          "text": "से",
          "start": 11.42,
          "end": 11.44,
          "confidence": 0.686
        },
        {
          "text": "बाववरी",
          "start": 11.44,
          "end": 11.46,
          "confidence": 0.589
        },
        {
          "text": "प्रकंड",
          "start": 11.46,
          "end": 11.48,
          "confidence": 0.824
        },
        {
          "text": "का",
          "start": 11.48,
          "end": 11.5,
          "confidence": 0.543
        },
        {
          "text": "दोरचिया।",
          "start": 11.5,
          "end": 11.52,
          "confidence": 0.793
        }
      ]
    }
  ],
  "language": "hi"
}