{
  "text": " जबकि प्रखंट कार्याले के पीछे में ठाना का जमीन अठिक्रहन होने के बाद भवन निर्मान नहीं होने के कारण पीछी भवन में ठाना कार्याले.",
  "segments": [
    {
      "id": 0,
      "seek": 0,
      "start": 0.0,
      "end": 9.32,
      "text": " जबकि प्रखंट कार्याले के पीछे में ठाना का जमीन अठिक्रहन होने के बाद भवन निर्मान नहीं होने के कारण पीछी भवन में ठाना कार्याले.",
      "tokens": [
        50364,
        8485,
        250,
        3941,
        105,
        41858,
        33279,
        8485,
        103,
        27099,
        25411,
        3941,
        244,
        31945,
        3941,
        253,
        31970,
        17937,
        25411,
        27099,
        48268,
        17937,
        46758,
        21981,
        31970,
        21981,
        8485,
        103,
        31881,
        3941,
        249,
        21981,
        48449,
        21981,
        31945,
        8485,
        254,
        17937,
        35082,
        17937,
        31970,
        17937,
        8485,
        250,
        48521,
        31881,
        35082,
        8485,
        227,
        3941,
        254,
        33279,
        41858,
        27099,
        25411,
        44500,
        35082,
        37139,
        33926,
        35082,
        21981,
        31970,
        21981,
        8485,
        105,
        17937,
        3941,
        99,
        8485,
        255,
        3941,
        113,
        35082,
        8485,
        101,
        33279,
        25411,
        27099,
        48521,
        17937,
        35082,
        8485,
        101,
        44500,
        31881,
        31945,
        37139,
        33926,
        35082,
        21981,
        31970,
        21981,
        31970,
        17937,
        25411,
        3941,
        96,
        8485,
        103,
        31881,
        3941,
        249,
        31881,
        8485,
        255,
        3941,
        113,
        35082,
        48449,
        21981,
        31945,
        8485,
        254,
        17937,
        35082,
        17937,
        31970,
        17937,
        25411,
        27099,
        48268,
        17937,
        46758,
        21981,
        13,
        50864
      ],
      "temperature": 0.0,
      "avg_logprob": -0.2528558265505813,
      "compression_ratio": 2.16,
      "no_speech_prob": 0.058561425656080246,
      "confidence": 0.797,
      "words": [
        {
          "text": "जबकि",
          "start": 0.0,
          "end": 0.52,
          "confidence": 0.615
        },
        {
          "text": "प्रखंट",
          "start": 0.52,
          "end": 0.98,
          "confidence": 0.593
        },
        {
          "text": "कार्याले",
          "start": 0.98,
          "end": 1.52,
          "confidence": 0.835
        },
        {
          "text": "के",
          "start": 1.52,
          "end": 1.58,
          "confidence": 0.849
        },
        {
          "text": "पीछे",
          "start": 1.58,
          "end": 1.86,
          "confidence": 0.532
        },
        {
          "text": "में",
          "start": 1.86,
          "end": 2.0,
          "confidence": 0.922
        },
        {
          "text": "ठाना",
          "start": 2.0,
          "end": 2.32,
          "confidence": 0.713
        },
        {
          "text": "का",
          "start": 2.32,
          "end": 2.46,
          "confidence": 0.884
        },
        {
          "text": "जमीन",
          "start": 2.46,
          "end": 2.82,
          "confidence": 0.902
        },
        {
          "text": "अठिक्रहन",
          "start": 2.82,
          "end": 3.46,
          "confidence": 0.758
        },
        {
          "text": "होने",
          "start": 3.46,
          "end": 3.68,
          "confidence": 0.895
        },
        {
          "text": "के",
          "start": 3.68,
          "end": 3.86,
          "confidence": 0.861
        },
        {
          "text": "बाद",
          "start": 3.86,
          "end": 4.8,
          "confidence": 0.903
        },
        {
          "text": "भवन",
          "start": 4.8,
          "end": 5.2,
          "confidence": 0.875
        },
        {
          "text": "निर्मान",
          "start": 5.2,
          "end": 5.64,
          "confidence": 0.877
        },
        {
          "text": "नहीं",
          "start": 5.64,
          "end": 5.9,
          "confidence": 0.919
        },
        {
          "text": "होने",
          "start": 5.9,
          "end": 6.32,
          "confidence": 0.909
        },
        {
          "text": "के",
          "start": 6.32,
          "end": 6.46,
          "confidence": 0.905
        },
        {
          "text": "कारण",
          "start": 6.46,
          "end": 7.16,
          "confidence": 0.936
        },
        {
          "text": "पीछी",
          "start": 7.16,
          "end": 7.8,
          "confidence": 0.539
        },
        {
          "text": "भवन",
          "start": 7.8,
          "end": 8.26,
          "confidence": 0.937
        },
        {
          "text": "में",
          "start": 8.26,
          "end": 8.38,
          "confidence": 0.944
        },
        {
          "text": "ठाना",
          "start": 8.38,
          "end": 8.74,
          "confidence": 0.937
        },
        {
          "text": "कार्याले.",
          "start": 8.74,
          "end": 9.32,
          "confidence": 0.95
        }
      ]
    }
  ],
  "language": "hi"
}