{
  "text": " और इस मेले में हमारे जहर्तन मौर्वानी की जितने भी टीम की बेकाफ़ी आतर अपनी जहर्तन मौर्वानी का बहुत ही जितने पर प्रशाँच रहे हैं।",
  "segments": [
    {
      "id": 0,
      "seek": 0,
      "start": 0.0,
      "end": 9.92,
      "text": " और इस मेले में हमारे जहर्तन मौर्वानी की जितने भी टीम की बेकाफ़ी आतर अपनी जहर्तन मौर्वानी का बहुत ही जितने पर प्रशाँच रहे हैं।",
      "tokens": [
        50364,
        8485,
        242,
        25411,
        8485,
        229,
        45938,
        48449,
        21981,
        46758,
        21981,
        48449,
        21981,
        31945,
        37139,
        48521,
        17937,
        25411,
        21981,
        8485,
        250,
        44500,
        25411,
        27099,
        36158,
        35082,
        48449,
        8703,
        234,
        25411,
        27099,
        3941,
        113,
        17937,
        35082,
        31881,
        31970,
        31881,
        8485,
        250,
        33279,
        36158,
        35082,
        21981,
        8485,
        255,
        31881,
        8485,
        253,
        31881,
        48521,
        31970,
        31881,
        8485,
        105,
        21981,
        41858,
        17937,
        3941,
        104,
        3941,
        120,
        31881,
        8485,
        228,
        36158,
        25411,
        8485,
        227,
        3941,
        103,
        35082,
        31881,
        8485,
        250,
        44500,
        25411,
        27099,
        36158,
        35082,
        48449,
        8703,
        234,
        25411,
        27099,
        3941,
        113,
        17937,
        35082,
        31881,
        31970,
        17937,
        8485,
        105,
        44500,
        8703,
        223,
        36158,
        37139,
        31881,
        8485,
        250,
        33279,
        36158,
        35082,
        21981,
        8485,
        103,
        25411,
        8485,
        103,
        27099,
        25411,
        3941,
        114,
        17937,
        3941,
        223,
        3941,
        248,
        8485,
        108,
        44500,
        21981,
        37139,
        43372,
        31945,
        8703,
        97,
        50964
      ],
      "temperature": 0.0,
      "avg_logprob": -0.4228880496425483,
      "compression_ratio": 2.151315789473684,
      "no_speech_prob": 0.20029500126838684,
      "confidence": 0.656,
      "words": [
        {
          "text": "और",
          "start": 0.0,
          "end": 0.74,
          "confidence": 0.721
        },
        {
          "text": "इस",
          "start": 0.74,
          "end": 1.02,
          "confidence": 0.904
        },
        {
          "text": "मेले",
          "start": 1.02,
          "end": 1.38,
          "confidence": 0.773
        },
        {
          "text": "में",
          "start": 1.38,
          "end": 1.5,
          "confidence": 0.938
        },
        {
          "text": "हमारे",
          "start": 1.5,
          "end": 1.98,
          "confidence": 0.949
        },
        {
          "text": "जहर्तन",
          "start": 1.98,
          "end": 2.86,
          "confidence": 0.548
        },
        {
          "text": "मौर्वानी",
          "start": 2.86,
          "end": 3.54,
          "confidence": 0.696
        },
        {
          "text": "की",
          "start": 3.54,
          "end": 3.6,
          "confidence": 0.68
        },
        {
          "text": "जितने",
          "start": 3.6,
          "end": 4.12,
          "confidence": 0.557
        },
        {
          "text": "भी",
          "start": 4.12,
          "end": 4.22,
          "confidence": 0.839
        },
        {
          "text": "टीम",
          "start": 4.22,
          "end": 4.58,
          "confidence": 0.821
        },
        {
          "text": "की",
          "start": 4.58,
          "end": 4.86,
          "confidence": 0.375
        },
        {
          "text": "बेकाफ़ी",
          "start": 4.86,
          "end": 6.24,
          "confidence": 0.488
        },
        {
          "text": "आतर",
          "start": 6.24,
          "end": 6.62,
          "confidence": 0.765
        },
        {
          "text": "अपनी",
          "start": 6.62,
          "end": 7.1,
          "confidence": 0.942
        },
        {
          "text": "जहर्तन",
          "start": 7.1,
          "end": 7.62,
          "confidence": 0.968
        },
        {
          "text": "मौर्वानी",
          "start": 7.62,
          "end": 8.22,
          "confidence": 0.954
        },
        {
          "text": "का",
          "start": 8.22,
          "end": 8.48,
          "confidence": 0.844
        },
        {
          "text": "बहुत",
          "start": 8.48,
          "end": 9.44,
          "confidence": 0.945
        },
        {
          "text": "ही",
          "start": 9.44,
          "end": 9.6,
          "confidence": 0.638
        },
        {
          "text": "जितने",
          "start": 9.6,
          "end": 9.84,
          "confidence": 0.581
        },
        {
          "text": "पर",
          "start": 9.84,
          "end": 9.86,
          "confidence": 0.316
        },
        {
          "text": "प्रशाँच",
          "start": 9.86,
          "end": 9.88,
          "confidence": 0.32
        },
        {
          "text": "रहे",
          "start": 9.88,
          "end": 9.9,
          "confidence": 0.369
        },
        {
          "text": "हैं।",
          "start": 9.9,
          "end": 9.92,
          "confidence": 0.727
        }
      ]
    }
  ],
  "language": "hi"
}