{
  "text": " जब कुछ नहीं कर सकती तो इस ते अच्छा तो चर्कार बीप्या धारी खरीबों के लिए वाड, पंचायड, गाउं, प्रकंड और जिलार सरफर मरने वाली पर परचाउंग करते हैं।",
  "segments": [
    {
      "id": 0,
      "seek": 0,
      "start": 0.0,
      "end": 11.98,
      "text": " जब कुछ नहीं कर सकती तो इस ते अच्छा तो चर्कार बीप्या धारी खरीबों के लिए वाड, पंचायड, गाउं, प्रकंड और जिलार सरफर मरने वाली पर परचाउंग करते हैं।",
      "tokens": [
        50364,
        8485,
        250,
        3941,
        105,
        31970,
        8703,
        223,
        3941,
        249,
        8485,
        101,
        44500,
        31881,
        31945,
        31970,
        25411,
        49316,
        41858,
        36158,
        31881,
        8485,
        97,
        33926,
        8485,
        229,
        45938,
        8485,
        97,
        21981,
        8485,
        227,
        3941,
        248,
        27099,
        3941,
        249,
        17937,
        8485,
        97,
        33926,
        8485,
        248,
        25411,
        27099,
        41858,
        17937,
        25411,
        8485,
        105,
        31881,
        3941,
        103,
        27099,
        48268,
        17937,
        8485,
        100,
        17937,
        25411,
        31881,
        8485,
        244,
        25411,
        31881,
        3941,
        105,
        33926,
        31945,
        31970,
        21981,
        8485,
        110,
        33279,
        3941,
        237,
        8485,
        113,
        17937,
        3941,
        94,
        11,
        8485,
        103,
        31945,
        3941,
        248,
        17937,
        48268,
        3941,
        94,
        11,
        8485,
        245,
        17937,
        3941,
        231,
        31945,
        11,
        8485,
        103,
        27099,
        25411,
        41858,
        31945,
        3941,
        94,
        8485,
        242,
        25411,
        8485,
        250,
        33279,
        46758,
        17937,
        25411,
        49316,
        25411,
        3941,
        104,
        25411,
        48449,
        25411,
        35082,
        21981,
        8485,
        113,
        17937,
        46758,
        31881,
        8485,
        103,
        25411,
        8485,
        103,
        25411,
        3941,
        248,
        17937,
        3941,
        231,
        31945,
        3941,
        245,
        31970,
        25411,
        36158,
        21981,
        37139,
        43372,
        31945,
        8703,
        97,
        50964
      ],
      "temperature": 0.0,
      "avg_logprob": -0.4005098896641885,
      "compression_ratio": 1.9835164835164836,
      "no_speech_prob": 0.35682108998298645,
      "confidence": 0.669,
      "words": [
        {
          "text": "जब",
          "start": 0.0,
          "end": 0.62,
          "confidence": 0.893
        },
        {
          "text": "कुछ",
          "start": 0.62,
          "end": 0.9,
          "confidence": 0.957
        },
        {
          "text": "नहीं",
          "start": 0.9,
          "end": 1.14,
          "confidence": 0.921
        },
        {
          "text": "कर",
          "start": 1.14,
          "end": 1.38,
          "confidence": 0.956
        },
        {
          "text": "सकती",
          "start": 1.38,
          "end": 1.8,
          "confidence": 0.804
        },
        {
          "text": "तो",
          "start": 1.8,
          "end": 2.26,
          "confidence": 0.801
        },
        {
          "text": "इस",
          "start": 2.26,
          "end": 2.48,
          "confidence": 0.924
        },
        {
          "text": "ते",
          "start": 2.48,
          "end": 2.52,
          "confidence": 0.419
        },
        {
          "text": "अच्छा",
          "start": 2.52,
          "end": 2.94,
          "confidence": 0.929
        },
        {
          "text": "तो",
          "start": 2.94,
          "end": 3.12,
          "confidence": 0.812
        },
        {
          "text": "चर्कार",
          "start": 3.12,
          "end": 3.8,
          "confidence": 0.668
        },
        {
          "text": "बीप्या",
          "start": 3.8,
          "end": 4.2,
          "confidence": 0.513
        },
        {
          "text": "धारी",
          "start": 4.2,
          "end": 4.48,
          "confidence": 0.604
        },
        {
          "text": "खरीबों",
          "start": 4.48,
          "end": 4.92,
          "confidence": 0.735
        },
        {
          "text": "के",
          "start": 4.92,
          "end": 5.18,
          "confidence": 0.882
        },
        {
          "text": "लिए",
          "start": 5.18,
          "end": 5.62,
          "confidence": 0.938
        },
        {
          "text": "वाड,",
          "start": 5.62,
          "end": 6.6,
          "confidence": 0.759
        },
        {
          "text": "पंचायड,",
          "start": 6.9,
          "end": 7.5,
          "confidence": 0.758
        },
        {
          "text": "गाउं,",
          "start": 7.92,
          "end": 8.32,
          "confidence": 0.71
        },
        {
          "text": "प्रकंड",
          "start": 8.84,
          "end": 9.28,
          "confidence": 0.734
        },
        {
          "text": "और",
          "start": 9.28,
          "end": 9.76,
          "confidence": 0.559
        },
        {
          "text": "जिलार",
          "start": 9.76,
          "end": 10.26,
          "confidence": 0.789
        },
        {
          "text": "सरफर",
          "start": 10.26,
          "end": 10.9,
          "confidence": 0.608
        },
        {
          "text": "मरने",
          "start": 10.9,
          "end": 11.38,
          "confidence": 0.747
        },
        {
          "text": "वाली",
          "start": 11.38,
          "end": 11.64,
          "confidence": 0.91
        },
        {
          "text": "पर",
          "start": 11.64,
          "end": 11.92,
          "confidence": 0.235
        },
        {
          "text": "परचाउंग",
          "start": 11.92,
          "end": 11.94,
          "confidence": 0.268
        },
        {
          "text": "करते",
          "start": 11.94,
          "end": 11.96,
          "confidence": 0.412
        },
        {
          "text": "हैं।",
          "start": 11.96,
          "end": 11.98,
          "confidence": 0.76
        }
      ]
    }
  ],
  "language": "hi"
}