{
  "text": " सत्या भी किये गए हैं लेकिन जाने चले जाती है पर अधिकारी का पर्च्रिया समाफ्री हो पाती है.",
  "segments": [
    {
      "id": 0,
      "seek": 0,
      "start": 0.0,
      "end": 7.46,
      "text": " सत्या भी किये गए हैं लेकिन जाने चले जाती है पर अधिकारी का पर्च्रिया समाफ्री हो पाती है.",
      "tokens": [
        50364,
        49316,
        36158,
        27099,
        48268,
        17937,
        8485,
        255,
        31881,
        31970,
        33279,
        48268,
        21981,
        8485,
        245,
        3941,
        237,
        37139,
        43372,
        31945,
        8485,
        110,
        21981,
        41858,
        33279,
        35082,
        8485,
        250,
        17937,
        35082,
        21981,
        8485,
        248,
        46758,
        21981,
        8485,
        250,
        17937,
        36158,
        31881,
        37139,
        43372,
        8485,
        103,
        25411,
        8485,
        227,
        3941,
        100,
        33279,
        41858,
        17937,
        25411,
        31881,
        31970,
        17937,
        8485,
        103,
        25411,
        27099,
        3941,
        248,
        27099,
        25411,
        33279,
        48268,
        17937,
        49316,
        48521,
        17937,
        3941,
        104,
        27099,
        25411,
        31881,
        37139,
        33926,
        8485,
        103,
        17937,
        36158,
        31881,
        37139,
        43372,
        13,
        50764
      ],
      "temperature": 0.0,
      "avg_logprob": -0.30409747156603584,
      "compression_ratio": 1.7578125,
      "no_speech_prob": 0.18560095131397247,
      "confidence": 0.756,
      "words": [
        {
          "text": "सत्या",
          "start": 0.0,
          "end": 0.68,
          "confidence": 0.674
        },
        {
          "text": "भी",
          "start": 0.68,
          "end": 0.88,
          "confidence": 0.756
        },
        {
          "text": "किये",
          "start": 0.88,
          "end": 1.22,
          "confidence": 0.718
        },
        {
          "text": "गए",
          "start": 1.22,
          "end": 1.46,
          "confidence": 0.783
        },
        {
          "text": "हैं",
          "start": 1.46,
          "end": 2.28,
          "confidence": 0.912
        },
        {
          "text": "लेकिन",
          "start": 2.28,
          "end": 2.78,
          "confidence": 0.77
        },
        {
          "text": "जाने",
          "start": 2.78,
          "end": 3.38,
          "confidence": 0.953
        },
        {
          "text": "चले",
          "start": 3.38,
          "end": 3.6,
          "confidence": 0.739
        },
        {
          "text": "जाती",
          "start": 3.6,
          "end": 4.04,
          "confidence": 0.932
        },
        {
          "text": "है",
          "start": 4.04,
          "end": 4.18,
          "confidence": 0.9
        },
        {
          "text": "पर",
          "start": 4.18,
          "end": 4.48,
          "confidence": 0.827
        },
        {
          "text": "अधिकारी",
          "start": 4.48,
          "end": 5.14,
          "confidence": 0.903
        },
        {
          "text": "का",
          "start": 5.14,
          "end": 5.4,
          "confidence": 0.862
        },
        {
          "text": "पर्च्रिया",
          "start": 5.4,
          "end": 6.18,
          "confidence": 0.651
        },
        {
          "text": "समाफ्री",
          "start": 6.18,
          "end": 6.74,
          "confidence": 0.467
        },
        {
          "text": "हो",
          "start": 6.74,
          "end": 6.96,
          "confidence": 0.741
        },
        {
          "text": "पाती",
          "start": 6.96,
          "end": 7.32,
          "confidence": 0.847
        },
        {
          "text": "है.",
          "start": 7.32,
          "end": 7.46,
          "confidence": 0.895
        }
      ]
    }
  ],
  "language": "hi"
}