{
  "text": " मारे यहाँ जो प्रवस्ता होती है शे घल पे जी कातने की हो, हमारे यहां कितरे भी सर्जन है जिद्जाती हैं उनको कातकी कतनाई का जिसका ख़ना पाद जी जी जी जी जी जी जी जी जी जी जी जी जी जी जी जी जी जी जी जी जी जी जी जी जी जी जी जी जी जी ज",
  "segments": [
    {
      "id": 0,
      "seek": 0,
      "start": 0.0,
      "end": 29.98,
      "text": " मारे यहाँ जो प्रवस्ता होती है शे घल पे जी कातने की हो, हमारे यहां कितरे भी सर्जन है जिद्जाती हैं उनको कातकी कतनाई का जिसका ख़ना पाद जी जी जी जी जी जी जी जी जी जी जी जी जी जी जी जी जी जी जी जी जी जी जी जी जी जी जी जी जी जी ज",
      "tokens": [
        50364,
        220,
        156,
        97,
        106,
        156,
        97,
        122,
        25411,
        21981,
        8485,
        107,
        44500,
        17937,
        3941,
        223,
        8485,
        250,
        33926,
        8485,
        103,
        27099,
        25411,
        3941,
        113,
        45938,
        27099,
        36158,
        17937,
        37139,
        33926,
        36158,
        31881,
        37139,
        43372,
        8485,
        114,
        21981,
        8485,
        246,
        46758,
        8485,
        103,
        21981,
        8485,
        250,
        31881,
        31970,
        17937,
        36158,
        35082,
        21981,
        31970,
        31881,
        37139,
        33926,
        11,
        37139,
        48521,
        17937,
        25411,
        21981,
        8485,
        107,
        44500,
        17937,
        31945,
        31970,
        33279,
        36158,
        25411,
        21981,
        8485,
        255,
        31881,
        49316,
        25411,
        27099,
        3941,
        250,
        35082,
        37139,
        43372,
        8485,
        250,
        33279,
        3941,
        99,
        27099,
        3941,
        250,
        17937,
        36158,
        31881,
        37139,
        43372,
        31945,
        8485,
        231,
        35082,
        41858,
        33926,
        31970,
        17937,
        36158,
        41858,
        31881,
        31970,
        36158,
        35082,
        17937,
        3941,
        230,
        31970,
        17937,
        8485,
        250,
        33279,
        45938,
        41858,
        17937,
        8485,
        244,
        3941,
        120,
        35082,
        17937,
        8485,
        103,
        17937,
        3941,
        99,
        8485,
        250,
        31881,
        8485,
        250,
        31881,
        8485,
        250,
        31881,
        8485,
        250,
        31881,
        8485,
        250,
        31881,
        8485,
        250,
        31881,
        8485,
        250,
        31881,
        8485,
        250,
        31881,
        8485,
        250,
        31881,
        8485,
        250,
        31881,
        8485,
        250,
        31881,
        8485,
        250,
        31881,
        8485,
        250,
        31881,
        8485,
        250,
        31881,
        8485,
        250,
        31881,
        8485,
        250,
        31881,
        8485,
        250,
        31881,
        8485,
        250,
        31881,
        8485,
        250,
        31881,
        8485,
        250,
        31881,
        8485,
        250,
        31881,
        8485,
        250,
        31881,
        8485,
        250,
        31881,
        8485,
        250,
        31881,
        8485,
        250,
        31881,
        8485,
        250,
        31881,
        8485,
        250,
        31881,
        8485,
        250,
        31881,
        8485,
        250,
        31881,
        8485,
        250,
        31881,
        8485,
        250
      ],
      "temperature": 0.0,
      "avg_logprob": -0.39835506863064235,
      "compression_ratio": 3.3597560975609757,
      "no_speech_prob": 0.49290862679481506,
      "confidence": 0.673,
      "words": [
        {
          "text": "मारे",
          "start": 0.0,
          "end": 2.74,
          "confidence": 0.459
        },
        {
          "text": "यहाँ",
          "start": 2.74,
          "end": 3.02,
          "confidence": 0.768
        },
        {
          "text": "जो",
          "start": 3.02,
          "end": 3.18,
          "confidence": 0.67
        },
        {
          "text": "प्रवस्ता",
          "start": 3.18,
          "end": 3.74,
          "confidence": 0.759
        },
        {
          "text": "होती",
          "start": 3.74,
          "end": 4.12,
          "confidence": 0.885
        },
        {
          "text": "है",
          "start": 4.12,
          "end": 4.2,
          "confidence": 0.915
        },
        {
          "text": "शे",
          "start": 4.2,
          "end": 4.44,
          "confidence": 0.458
        },
        {
          "text": "घल",
          "start": 4.44,
          "end": 4.66,
          "confidence": 0.535
        },
        {
          "text": "पे",
          "start": 4.66,
          "end": 4.7,
          "confidence": 0.419
        },
        {
          "text": "जी",
          "start": 4.7,
          "end": 4.82,
          "confidence": 0.29
        },
        {
          "text": "कातने",
          "start": 4.82,
          "end": 5.38,
          "confidence": 0.662
        },
        {
          "text": "की",
          "start": 5.38,
          "end": 5.5,
          "confidence": 0.657
        },
        {
          "text": "हो,",
          "start": 5.5,
          "end": 5.78,
          "confidence": 0.341
        },
        {
          "text": "हमारे",
          "start": 5.92,
          "end": 6.22,
          "confidence": 0.819
        },
        {
          "text": "यहां",
          "start": 6.22,
          "end": 6.82,
          "confidence": 0.79
        },
        {
          "text": "कितरे",
          "start": 6.82,
          "end": 7.32,
          "confidence": 0.69
        },
        {
          "text": "भी",
          "start": 7.32,
          "end": 7.42,
          "confidence": 0.889
        },
        {
          "text": "सर्जन",
          "start": 7.42,
          "end": 7.88,
          "confidence": 0.78
        },
        {
          "text": "है",
          "start": 7.88,
          "end": 8.18,
          "confidence": 0.773
        },
        {
          "text": "जिद्जाती",
          "start": 8.18,
          "end": 8.72,
          "confidence": 0.601
        },
        {
          "text": "हैं",
          "start": 8.72,
          "end": 8.9,
          "confidence": 0.718
        },
        {
          "text": "उनको",
          "start": 8.9,
          "end": 9.04,
          "confidence": 0.794
        },
        {
          "text": "कातकी",
          "start": 9.04,
          "end": 9.52,
          "confidence": 0.675
        },
        {
          "text": "कतनाई",
          "start": 9.52,
          "end": 10.02,
          "confidence": 0.669
        },
        {
          "text": "का",
          "start": 10.02,
          "end": 10.36,
          "confidence": 0.813
        },
        {
          "text": "जिसका",
          "start": 10.36,
          "end": 11.02,
          "confidence": 0.736
        },
        {
          "text": "ख़ना",
          "start": 11.02,
          "end": 11.32,
          "confidence": 0.336
        },
        {
          "text": "पाद",
          "start": 11.32,
          "end": 11.36,
          "confidence": 0.467
        },
        {
          "text": "जी",
          "start": 11.36,
          "end": 11.38,
          "confidence": 0.221
        },
        {
          "text": "जी",
          "start": 11.38,
          "end": 11.4,
          "confidence": 0.38
        },
        {
          "text": "जी",
          "start": 11.4,
          "end": 11.42,
          "confidence": 0.399
        },
        {
          "text": "जी",
          "start": 11.42,
          "end": 11.44,
          "confidence": 0.401
        },
        {
          "text": "जी",
          "start": 11.44,
          "end": 11.46,
          "confidence": 0.444
        },
        {
          "text": "जी",
          "start": 11.46,
          "end": 11.48,
          "confidence": 0.535
        },
        {
          "text": "जी",
          "start": 11.48,
          "end": 11.5,
          "confidence": 0.649
        },
        {
          "text": "जी",
          "start": 11.5,
          "end": 11.52,
          "confidence": 0.726
        },
        {
          "text": "जी",
          "start": 11.52,
          "end": 11.54,
          "confidence": 0.771
        },
        {
          "text": "जी",
          "start": 11.54,
          "end": 11.56,
          "confidence": 0.802
        },
        {
          "text": "जी",
          "start": 11.56,
          "end": 11.58,
          "confidence": 0.825
        },
        {
          "text": "जी",
          "start": 11.58,
          "end": 11.6,
          "confidence": 0.843
        },
        {
          "text": "जी",
          "start": 11.6,
          "end": 11.62,
          "confidence": 0.856
        },
        {
          "text": "जी",
          "start": 11.62,
          "end": 11.64,
          "confidence": 0.866
        },
        {
          "text": "जी",
          "start": 11.64,
          "end": 11.66,
          "confidence": 0.873
        },
        {
          "text": "जी",
          "start": 11.66,
          "end": 11.68,
          "confidence": 0.881
        },
        {
          "text": "जी",
          "start": 11.68,
          "end": 11.7,
          "confidence": 0.886
        },
        {
          "text": "जी",
          "start": 11.7,
          "end": 11.72,
          "confidence": 0.891
        },
        {
          "text": "जी",
          "start": 11.72,
          "end": 11.74,
          "confidence": 0.895
        },
        {
          "text": "जी",
          "start": 11.74,
          "end": 11.76,
          "confidence": 0.899
        },
        {
          "text": "जी",
          "start": 11.76,
          "end": 11.78,
          "confidence": 0.903
        },
        {
          "text": "जी",
          "start": 11.78,
          "end": 11.8,
          "confidence": 0.905
        },
        {
          "text": "जी",
          "start": 11.8,
          "end": 11.82,
          "confidence": 0.908
        },
        {
          "text": "जी",
          "start": 11.82,
          "end": 11.84,
          "confidence": 0.91
        },
        {
          "text": "जी",
          "start": 11.84,
          "end": 11.86,
          "confidence": 0.913
        },
        {
          "text": "जी",
          "start": 11.86,
          "end": 11.88,
          "confidence": 0.915
        },
        {
          "text": "जी",
          "start": 11.88,
          "end": 11.9,
          "confidence": 0.916
        },
        {
          "text": "जी",
          "start": 11.9,
          "end": 11.92,
          "confidence": 0.918
        },
        {
          "text": "जी",
          "start": 11.92,
          "end": 11.94,
          "confidence": 0.92
        },
        {
          "text": "जी",
          "start": 11.94,
          "end": 11.96,
          "confidence": 0.922
        },
        {
          "text": "ज",
          "start": 11.96,
          "end": 29.98,
          "confidence": 0.904
        }
      ]
    }
  ],
  "language": "hi"
}