{
  "text": " गौंपी बुतिया अच्छोबल सर्च कर रही है, इंटरनेट की बीचे जानकारी परगाम करने के लिए टाटा स्टर्ट वा गोबल के सर्वेट के प्रवार्ण करने के लिए प्रवार्ण करने के लिए प्रवार्ण करने के लिए प्रवार्ण करने के लिए प्रवार्ण करने",
  "segments": [
    {
      "id": 0,
      "seek": 0,
      "start": 0.0,
      "end": 29.98,
      "text": " गौंपी बुतिया अच्छोबल सर्च कर रही है, इंटरनेट की बीचे जानकारी परगाम करने के लिए टाटा स्टर्ट वा गोबल के सर्वेट के प्रवार्ण करने के लिए प्रवार्ण करने के लिए प्रवार्ण करने के लिए प्रवार्ण करने के लिए प्रवार्ण करने",
      "tokens": [
        50364,
        8485,
        245,
        8703,
        234,
        31945,
        3941,
        103,
        31881,
        8485,
        105,
        8703,
        223,
        36158,
        33279,
        48268,
        17937,
        8485,
        227,
        3941,
        248,
        27099,
        3941,
        249,
        33926,
        3941,
        105,
        46758,
        49316,
        25411,
        27099,
        3941,
        248,
        31970,
        25411,
        8485,
        108,
        44500,
        31881,
        37139,
        43372,
        11,
        8485,
        229,
        31945,
        3941,
        253,
        25411,
        35082,
        21981,
        3941,
        253,
        31970,
        31881,
        8485,
        105,
        31881,
        3941,
        248,
        21981,
        8485,
        250,
        17937,
        35082,
        41858,
        17937,
        25411,
        31881,
        8485,
        103,
        25411,
        3941,
        245,
        17937,
        48521,
        31970,
        25411,
        35082,
        21981,
        31970,
        21981,
        8485,
        110,
        33279,
        3941,
        237,
        8485,
        253,
        17937,
        3941,
        253,
        17937,
        49316,
        27099,
        3941,
        253,
        25411,
        27099,
        3941,
        253,
        8485,
        113,
        17937,
        8485,
        245,
        33926,
        3941,
        105,
        46758,
        31970,
        21981,
        49316,
        25411,
        27099,
        3941,
        113,
        21981,
        3941,
        253,
        31970,
        21981,
        8485,
        103,
        27099,
        25411,
        3941,
        113,
        17937,
        25411,
        27099,
        3941,
        96,
        31970,
        25411,
        35082,
        21981,
        31970,
        21981,
        8485,
        110,
        33279,
        3941,
        237,
        8485,
        103,
        27099,
        25411,
        3941,
        113,
        17937,
        25411,
        27099,
        3941,
        96,
        31970,
        25411,
        35082,
        21981,
        31970,
        21981,
        8485,
        110,
        33279,
        3941,
        237,
        8485,
        103,
        27099,
        25411,
        3941,
        113,
        17937,
        25411,
        27099,
        3941,
        96,
        31970,
        25411,
        35082,
        21981,
        31970,
        21981,
        8485,
        110,
        33279,
        3941,
        237,
        8485,
        103,
        27099,
        25411,
        3941,
        113,
        17937,
        25411,
        27099,
        3941,
        96,
        31970,
        25411,
        35082,
        21981,
        31970,
        21981,
        8485,
        110,
        33279,
        3941,
        237,
        8485,
        103,
        27099,
        25411,
        3941,
        113,
        17937,
        25411,
        27099,
        3941,
        96,
        31970,
        25411,
        35082,
        21981
      ],
      "temperature": 0.0,
      "avg_logprob": -0.3739724392361111,
      "compression_ratio": 3.161849710982659,
      "no_speech_prob": 0.5179522037506104,
      "confidence": 0.689,
      "words": [
        {
          "text": "गौंपी",
          "start": 0.0,
          "end": 0.82,
          "confidence": 0.541
        },
        {
          "text": "बुतिया",
          "start": 0.82,
          "end": 1.36,
          "confidence": 0.631
        },
        {
          "text": "अच्छोबल",
          "start": 1.36,
          "end": 1.92,
          "confidence": 0.62
        },
        {
          "text": "सर्च",
          "start": 1.92,
          "end": 2.3,
          "confidence": 0.772
        },
        {
          "text": "कर",
          "start": 2.3,
          "end": 2.52,
          "confidence": 0.94
        },
        {
          "text": "रही",
          "start": 2.52,
          "end": 2.76,
          "confidence": 0.901
        },
        {
          "text": "है,",
          "start": 2.76,
          "end": 2.96,
          "confidence": 0.893
        },
        {
          "text": "इंटरनेट",
          "start": 3.1,
          "end": 3.48,
          "confidence": 0.862
        },
        {
          "text": "की",
          "start": 3.48,
          "end": 3.64,
          "confidence": 0.64
        },
        {
          "text": "बीचे",
          "start": 3.64,
          "end": 4.0,
          "confidence": 0.552
        },
        {
          "text": "जानकारी",
          "start": 4.0,
          "end": 4.6,
          "confidence": 0.708
        },
        {
          "text": "परगाम",
          "start": 4.6,
          "end": 4.96,
          "confidence": 0.708
        },
        {
          "text": "करने",
          "start": 4.96,
          "end": 5.42,
          "confidence": 0.939
        },
        {
          "text": "के",
          "start": 5.42,
          "end": 5.7,
          "confidence": 0.895
        },
        {
          "text": "लिए",
          "start": 5.7,
          "end": 5.78,
          "confidence": 0.952
        },
        {
          "text": "टाटा",
          "start": 5.78,
          "end": 6.22,
          "confidence": 0.577
        },
        {
          "text": "स्टर्ट",
          "start": 6.22,
          "end": 6.68,
          "confidence": 0.616
        },
        {
          "text": "वा",
          "start": 6.68,
          "end": 6.86,
          "confidence": 0.331
        },
        {
          "text": "गोबल",
          "start": 6.86,
          "end": 7.34,
          "confidence": 0.54
        },
        {
          "text": "के",
          "start": 7.34,
          "end": 7.8,
          "confidence": 0.853
        },
        {
          "text": "सर्वेट",
          "start": 7.8,
          "end": 8.06,
          "confidence": 0.725
        },
        {
          "text": "के",
          "start": 8.06,
          "end": 8.28,
          "confidence": 0.74
        },
        {
          "text": "प्रवार्ण",
          "start": 8.28,
          "end": 8.66,
          "confidence": 0.315
        },
        {
          "text": "करने",
          "start": 8.66,
          "end": 8.68,
          "confidence": 0.375
        },
        {
          "text": "के",
          "start": 8.68,
          "end": 8.7,
          "confidence": 0.731
        },
        {
          "text": "लिए",
          "start": 8.7,
          "end": 8.72,
          "confidence": 0.908
        },
        {
          "text": "प्रवार्ण",
          "start": 8.72,
          "end": 8.74,
          "confidence": 0.603
        },
        {
          "text": "करने",
          "start": 8.74,
          "end": 8.76,
          "confidence": 0.654
        },
        {
          "text": "के",
          "start": 8.76,
          "end": 8.78,
          "confidence": 0.777
        },
        {
          "text": "लिए",
          "start": 8.78,
          "end": 8.8,
          "confidence": 0.931
        },
        {
          "text": "प्रवार्ण",
          "start": 8.8,
          "end": 8.82,
          "confidence": 0.727
        },
        {
          "text": "करने",
          "start": 8.82,
          "end": 8.84,
          "confidence": 0.786
        },
        {
          "text": "के",
          "start": 8.84,
          "end": 8.86,
          "confidence": 0.796
        },
        {
          "text": "लिए",
          "start": 8.86,
          "end": 8.88,
          "confidence": 0.932
        },
        {
          "text": "प्रवार्ण",
          "start": 8.88,
          "end": 8.9,
          "confidence": 0.8
        },
        {
          "text": "करने",
          "start": 8.9,
          "end": 8.92,
          "confidence": 0.853
        },
        {
          "text": "के",
          "start": 8.92,
          "end": 8.94,
          "confidence": 0.826
        },
        {
          "text": "लिए",
          "start": 8.94,
          "end": 8.96,
          "confidence": 0.937
        },
        {
          "text": "प्रवार्ण",
          "start": 8.96,
          "end": 8.98,
          "confidence": 0.851
        },
        {
          "text": "करने",
          "start": 8.98,
          "end": 29.98,
          "confidence": 0.878
        }
      ]
    }
  ],
  "language": "hi"
}