{
  "text": " गरवी रेखा परीशे आदी अबादी सर्कार को तोचनी होगी किनी भारत में गरवी रेखा का माफ़दन पतित जालिद परिशाँचाँचाँचाँचाँचाँचाँचाँचाँचाँचाँचाँचाँचाँचाँचाँचाँचाँचाँचाँचाँचाँचाँ",
  "segments": [
    {
      "id": 0,
      "seek": 0,
      "start": 0.0,
      "end": 29.98,
      "text": " गरवी रेखा परीशे आदी अबादी सर्कार को तोचनी होगी किनी भारत में गरवी रेखा का माफ़दन पतित जालिद परिशाँचाँचाँचाँचाँचाँचाँचाँचाँचाँचाँचाँचाँचाँचाँचाँचाँचाँचाँचाँचाँचाँचाँ",
      "tokens": [
        50364,
        220,
        156,
        97,
        245,
        156,
        97,
        108,
        156,
        97,
        113,
        31881,
        8485,
        108,
        21981,
        3941,
        244,
        17937,
        8485,
        103,
        25411,
        31881,
        3941,
        114,
        21981,
        8485,
        228,
        3941,
        99,
        31881,
        8485,
        227,
        3941,
        105,
        17937,
        3941,
        99,
        31881,
        49316,
        25411,
        27099,
        41858,
        17937,
        25411,
        31970,
        33926,
        8485,
        97,
        33926,
        3941,
        248,
        35082,
        31881,
        37139,
        33926,
        3941,
        245,
        31881,
        31970,
        33279,
        35082,
        31881,
        8485,
        255,
        17937,
        25411,
        36158,
        48449,
        21981,
        31945,
        8485,
        245,
        25411,
        3941,
        113,
        31881,
        8485,
        108,
        21981,
        3941,
        244,
        17937,
        31970,
        17937,
        48449,
        17937,
        3941,
        104,
        3941,
        120,
        3941,
        99,
        35082,
        8485,
        103,
        36158,
        33279,
        36158,
        8485,
        250,
        17937,
        46758,
        33279,
        3941,
        99,
        8485,
        103,
        25411,
        33279,
        3941,
        114,
        17937,
        3941,
        223,
        3941,
        248,
        17937,
        3941,
        223,
        3941,
        248,
        17937,
        3941,
        223,
        3941,
        248,
        17937,
        3941,
        223,
        3941,
        248,
        17937,
        3941,
        223,
        3941,
        248,
        17937,
        3941,
        223,
        3941,
        248,
        17937,
        3941,
        223,
        3941,
        248,
        17937,
        3941,
        223,
        3941,
        248,
        17937,
        3941,
        223,
        3941,
        248,
        17937,
        3941,
        223,
        3941,
        248,
        17937,
        3941,
        223,
        3941,
        248,
        17937,
        3941,
        223,
        3941,
        248,
        17937,
        3941,
        223,
        3941,
        248,
        17937,
        3941,
        223,
        3941,
        248,
        17937,
        3941,
        223,
        3941,
        248,
        17937,
        3941,
        223,
        3941,
        248,
        17937,
        3941,
        223,
        3941,
        248,
        17937,
        3941,
        223,
        3941,
        248,
        17937,
        3941,
        223,
        3941,
        248,
        17937,
        3941,
        223,
        3941,
        248,
        17937,
        3941,
        223,
        3941,
        248,
        17937,
        3941,
        223,
        3941,
        248,
        17937,
        3941,
        223
      ],
      "temperature": 0.0,
      "avg_logprob": -0.30256663004557294,
      "compression_ratio": 3.211267605633803,
      "no_speech_prob": 0.4496817886829376,
      "confidence": 0.738,
      "words": [
        {
          "text": "गरवी",
          "start": 0.0,
          "end": 0.78,
          "confidence": 0.823
        },
        {
          "text": "रेखा",
          "start": 0.78,
          "end": 1.18,
          "confidence": 0.742
        },
        {
          "text": "परीशे",
          "start": 1.18,
          "end": 1.8,
          "confidence": 0.508
        },
        {
          "text": "आदी",
          "start": 1.8,
          "end": 2.26,
          "confidence": 0.808
        },
        {
          "text": "अबादी",
          "start": 2.26,
          "end": 2.98,
          "confidence": 0.929
        },
        {
          "text": "सर्कार",
          "start": 2.98,
          "end": 3.62,
          "confidence": 0.795
        },
        {
          "text": "को",
          "start": 3.62,
          "end": 3.8,
          "confidence": 0.895
        },
        {
          "text": "तोचनी",
          "start": 3.8,
          "end": 4.18,
          "confidence": 0.711
        },
        {
          "text": "होगी",
          "start": 4.18,
          "end": 4.68,
          "confidence": 0.91
        },
        {
          "text": "किनी",
          "start": 4.68,
          "end": 5.32,
          "confidence": 0.359
        },
        {
          "text": "भारत",
          "start": 5.32,
          "end": 6.34,
          "confidence": 0.536
        },
        {
          "text": "में",
          "start": 6.34,
          "end": 6.48,
          "confidence": 0.905
        },
        {
          "text": "गरवी",
          "start": 6.48,
          "end": 6.82,
          "confidence": 0.949
        },
        {
          "text": "रेखा",
          "start": 6.82,
          "end": 7.24,
          "confidence": 0.92
        },
        {
          "text": "का",
          "start": 7.24,
          "end": 7.32,
          "confidence": 0.854
        },
        {
          "text": "माफ़दन",
          "start": 7.32,
          "end": 8.06,
          "confidence": 0.713
        },
        {
          "text": "पतित",
          "start": 8.06,
          "end": 9.16,
          "confidence": 0.596
        },
        {
          "text": "जालिद",
          "start": 9.16,
          "end": 9.74,
          "confidence": 0.664
        },
        {
          "text": "परिशाँचाँचाँचाँचाँचाँचाँचाँचाँचाँचाँचाँचाँचाँचाँचाँचाँचाँचाँचाँचाँचाँचाँ",
          "start": 9.74,
          "end": 29.98,
          "confidence": 0.74
        }
      ]
    }
  ],
  "language": "hi"
}