{
  "text": " कि हमारे गाउं में या हमारे आजपास के गाउं में जिसले में कंट 22 गाउं होंगे",
  "segments": [
    {
      "id": 0,
      "seek": 0,
      "start": 0.0,
      "end": 7.62,
      "text": " कि हमारे गाउं में या हमारे आजपास के गाउं में जिसले में कंट 22 गाउं होंगे",
      "tokens": [
        50364,
        220,
        156,
        97,
        243,
        33279,
        37139,
        48521,
        17937,
        25411,
        21981,
        8485,
        245,
        17937,
        3941,
        231,
        31945,
        48449,
        21981,
        31945,
        8485,
        107,
        17937,
        37139,
        48521,
        17937,
        25411,
        21981,
        8485,
        228,
        3941,
        250,
        3941,
        103,
        17937,
        45938,
        31970,
        21981,
        8485,
        245,
        17937,
        3941,
        231,
        31945,
        48449,
        21981,
        31945,
        8485,
        250,
        33279,
        45938,
        46758,
        21981,
        48449,
        21981,
        31945,
        220,
        156,
        97,
        243,
        31945,
        3941,
        253,
        5853,
        8485,
        245,
        17937,
        3941,
        231,
        31945,
        37139,
        33926,
        31945,
        3941,
        245,
        21981,
        50764
      ],
      "temperature": 0.0,
      "avg_logprob": -0.2999562239035582,
      "compression_ratio": 1.82,
      "no_speech_prob": 0.2918373942375183,
      "confidence": 0.754,
      "words": [
        {
          "text": "कि",
          "start": 0.0,
          "end": 0.56,
          "confidence": 0.454
        },
        {
          "text": "हमारे",
          "start": 0.56,
          "end": 1.16,
          "confidence": 0.958
        },
        {
          "text": "गाउं",
          "start": 1.16,
          "end": 1.58,
          "confidence": 0.75
        },
        {
          "text": "में",
          "start": 1.58,
          "end": 1.64,
          "confidence": 0.81
        },
        {
          "text": "या",
          "start": 1.64,
          "end": 2.46,
          "confidence": 0.784
        },
        {
          "text": "हमारे",
          "start": 2.46,
          "end": 2.98,
          "confidence": 0.946
        },
        {
          "text": "आजपास",
          "start": 2.98,
          "end": 3.52,
          "confidence": 0.882
        },
        {
          "text": "के",
          "start": 3.52,
          "end": 3.68,
          "confidence": 0.751
        },
        {
          "text": "गाउं",
          "start": 3.68,
          "end": 4.0,
          "confidence": 0.928
        },
        {
          "text": "में",
          "start": 4.0,
          "end": 4.26,
          "confidence": 0.935
        },
        {
          "text": "जिसले",
          "start": 4.26,
          "end": 4.66,
          "confidence": 0.586
        },
        {
          "text": "में",
          "start": 4.66,
          "end": 4.94,
          "confidence": 0.572
        },
        {
          "text": "कंट",
          "start": 4.94,
          "end": 5.64,
          "confidence": 0.531
        },
        {
          "text": "22",
          "start": 5.64,
          "end": 6.16,
          "confidence": 0.441
        },
        {
          "text": "गाउं",
          "start": 6.16,
          "end": 7.22,
          "confidence": 0.931
        },
        {
          "text": "होंगे",
          "start": 7.22,
          "end": 7.62,
          "confidence": 0.86
        }
      ]
    }
  ],
  "language": "hi"
}