{
  "text": " दिखावा नहों इसलिए आवस्तद है कि मामें केवल दो गंटे स्कूल, कालेड, सरकारी उंद्वाय, सरकारी संसाएं पर दिखावा नहों हो।",
  "segments": [
    {
      "id": 0,
      "seek": 0,
      "start": 0.0,
      "end": 7.66,
      "text": " दिखावा नहों इसलिए आवस्तद है कि मामें केवल दो गंटे स्कूल, कालेड, सरकारी उंद्वाय, सरकारी संसाएं पर दिखावा नहों हो।",
      "tokens": [
        50364,
        8485,
        99,
        33279,
        3941,
        244,
        17937,
        3941,
        113,
        17937,
        8485,
        101,
        44500,
        33926,
        31945,
        8485,
        229,
        45938,
        46758,
        33279,
        3941,
        237,
        8485,
        228,
        3941,
        113,
        45938,
        27099,
        36158,
        3941,
        99,
        37139,
        43372,
        31970,
        33279,
        48449,
        17937,
        48521,
        21981,
        31945,
        31970,
        21981,
        3941,
        113,
        46758,
        8485,
        99,
        33926,
        8485,
        245,
        31945,
        3941,
        253,
        21981,
        49316,
        27099,
        41858,
        8703,
        224,
        46758,
        11,
        31970,
        17937,
        46758,
        21981,
        3941,
        94,
        11,
        49316,
        25411,
        41858,
        17937,
        25411,
        31881,
        8485,
        231,
        31945,
        3941,
        99,
        27099,
        3941,
        113,
        17937,
        48268,
        11,
        49316,
        25411,
        41858,
        17937,
        25411,
        31881,
        49316,
        31945,
        45938,
        17937,
        3941,
        237,
        31945,
        8485,
        103,
        25411,
        8485,
        99,
        33279,
        3941,
        244,
        17937,
        3941,
        113,
        17937,
        8485,
        101,
        44500,
        33926,
        31945,
        37139,
        33926,
        8703,
        97,
        50764
      ],
      "temperature": 0.0,
      "avg_logprob": -0.4238503196022727,
      "compression_ratio": 1.9210526315789473,
      "no_speech_prob": 0.6553735136985779,
      "confidence": 0.664,
      "words": [
        {
          "text": "दिखावा",
          "start": 0.0,
          "end": 0.8,
          "confidence": 0.842
        },
        {
          "text": "नहों",
          "start": 0.8,
          "end": 1.24,
          "confidence": 0.601
        },
        {
          "text": "इसलिए",
          "start": 1.24,
          "end": 1.52,
          "confidence": 0.668
        },
        {
          "text": "आवस्तद",
          "start": 1.52,
          "end": 2.92,
          "confidence": 0.671
        },
        {
          "text": "है",
          "start": 2.92,
          "end": 3.22,
          "confidence": 0.855
        },
        {
          "text": "कि",
          "start": 3.22,
          "end": 3.42,
          "confidence": 0.789
        },
        {
          "text": "मामें",
          "start": 3.42,
          "end": 3.94,
          "confidence": 0.661
        },
        {
          "text": "केवल",
          "start": 3.94,
          "end": 4.24,
          "confidence": 0.812
        },
        {
          "text": "दो",
          "start": 4.24,
          "end": 4.48,
          "confidence": 0.781
        },
        {
          "text": "गंटे",
          "start": 4.48,
          "end": 4.8,
          "confidence": 0.635
        },
        {
          "text": "स्कूल,",
          "start": 4.8,
          "end": 5.28,
          "confidence": 0.716
        },
        {
          "text": "कालेड,",
          "start": 5.28,
          "end": 5.46,
          "confidence": 0.706
        },
        {
          "text": "सरकारी",
          "start": 5.84,
          "end": 6.02,
          "confidence": 0.748
        },
        {
          "text": "उंद्वाय,",
          "start": 6.02,
          "end": 6.32,
          "confidence": 0.517
        },
        {
          "text": "सरकारी",
          "start": 6.44,
          "end": 6.78,
          "confidence": 0.93
        },
        {
          "text": "संसाएं",
          "start": 6.78,
          "end": 7.32,
          "confidence": 0.539
        },
        {
          "text": "पर",
          "start": 7.32,
          "end": 7.6,
          "confidence": 0.287
        },
        {
          "text": "दिखावा",
          "start": 7.6,
          "end": 7.62,
          "confidence": 0.609
        },
        {
          "text": "नहों",
          "start": 7.62,
          "end": 7.64,
          "confidence": 0.767
        },
        {
          "text": "हो।",
          "start": 7.64,
          "end": 7.66,
          "confidence": 0.544
        }
      ]
    }
  ],
  "language": "hi"
}