{
  "text": " स्वाज्ट पादिकारी के तांग और आंग चोचत हैं। ये सुर्शी का खाना पेरी करने में लगे हो रहे हैं। बुले नत्याई हो रही हैं। लिल परिज़न कर रहे हैं। पर कारवाई नगन नहीं है।",
  "segments": [
    {
      "id": 0,
      "seek": 0,
      "start": 0.0,
      "end": 11.44,
      "text": " स्वाज्ट पादिकारी के तांग और आंग चोचत हैं। ये सुर्शी का खाना पेरी करने में लगे हो रहे हैं। बुले नत्याई हो रही हैं। लिल परिज़न कर रहे हैं। पर कारवाई नगन नहीं है।",
      "tokens": [
        50364,
        49316,
        27099,
        3941,
        113,
        17937,
        3941,
        250,
        27099,
        3941,
        253,
        8485,
        103,
        17937,
        3941,
        99,
        33279,
        41858,
        17937,
        25411,
        31881,
        31970,
        21981,
        8485,
        97,
        17937,
        31945,
        3941,
        245,
        8485,
        242,
        25411,
        8485,
        228,
        31945,
        3941,
        245,
        8485,
        248,
        33926,
        3941,
        248,
        36158,
        37139,
        43372,
        31945,
        8703,
        97,
        8485,
        107,
        21981,
        49316,
        8703,
        223,
        25411,
        27099,
        3941,
        114,
        31881,
        31970,
        17937,
        8485,
        244,
        17937,
        35082,
        17937,
        8485,
        103,
        21981,
        25411,
        31881,
        31970,
        25411,
        35082,
        21981,
        48449,
        21981,
        31945,
        8485,
        110,
        3941,
        245,
        21981,
        37139,
        33926,
        8485,
        108,
        44500,
        21981,
        37139,
        43372,
        31945,
        8703,
        97,
        8485,
        105,
        8703,
        223,
        46758,
        21981,
        8485,
        101,
        36158,
        27099,
        48268,
        17937,
        3941,
        230,
        37139,
        33926,
        8485,
        108,
        44500,
        31881,
        37139,
        43372,
        31945,
        8703,
        97,
        8485,
        110,
        33279,
        46758,
        8485,
        103,
        25411,
        33279,
        3941,
        250,
        3941,
        120,
        35082,
        31970,
        25411,
        8485,
        108,
        44500,
        21981,
        37139,
        43372,
        31945,
        8703,
        97,
        8485,
        103,
        25411,
        31970,
        17937,
        25411,
        3941,
        113,
        17937,
        3941,
        230,
        8485,
        101,
        3941,
        245,
        35082,
        8485,
        101,
        44500,
        31881,
        31945,
        37139,
        43372,
        8703,
        97,
        50964
      ],
      "temperature": 0.0,
      "avg_logprob": -0.35259008968577665,
      "compression_ratio": 2.1746031746031744,
      "no_speech_prob": 0.388675332069397,
      "confidence": 0.705,
      "words": [
        {
          "text": "स्वाज्ट",
          "start": 0.0,
          "end": 0.82,
          "confidence": 0.677
        },
        {
          "text": "पादिकारी",
          "start": 0.82,
          "end": 1.4,
          "confidence": 0.614
        },
        {
          "text": "के",
          "start": 1.4,
          "end": 1.54,
          "confidence": 0.845
        },
        {
          "text": "तांग",
          "start": 1.54,
          "end": 1.94,
          "confidence": 0.612
        },
        {
          "text": "और",
          "start": 1.94,
          "end": 2.08,
          "confidence": 0.836
        },
        {
          "text": "आंग",
          "start": 2.08,
          "end": 2.32,
          "confidence": 0.729
        },
        {
          "text": "चोचत",
          "start": 2.32,
          "end": 2.9,
          "confidence": 0.755
        },
        {
          "text": "हैं।",
          "start": 2.9,
          "end": 3.66,
          "confidence": 0.541
        },
        {
          "text": "ये",
          "start": 3.66,
          "end": 3.82,
          "confidence": 0.457
        },
        {
          "text": "सुर्शी",
          "start": 3.82,
          "end": 4.22,
          "confidence": 0.771
        },
        {
          "text": "का",
          "start": 4.22,
          "end": 4.38,
          "confidence": 0.871
        },
        {
          "text": "खाना",
          "start": 4.38,
          "end": 4.7,
          "confidence": 0.736
        },
        {
          "text": "पेरी",
          "start": 4.7,
          "end": 4.94,
          "confidence": 0.603
        },
        {
          "text": "करने",
          "start": 4.94,
          "end": 5.28,
          "confidence": 0.908
        },
        {
          "text": "में",
          "start": 5.28,
          "end": 5.3,
          "confidence": 0.917
        },
        {
          "text": "लगे",
          "start": 5.3,
          "end": 5.58,
          "confidence": 0.932
        },
        {
          "text": "हो",
          "start": 5.58,
          "end": 5.7,
          "confidence": 0.632
        },
        {
          "text": "रहे",
          "start": 5.7,
          "end": 5.9,
          "confidence": 0.841
        },
        {
          "text": "हैं।",
          "start": 5.9,
          "end": 6.62,
          "confidence": 0.868
        },
        {
          "text": "बुले",
          "start": 6.62,
          "end": 6.86,
          "confidence": 0.597
        },
        {
          "text": "नत्याई",
          "start": 6.86,
          "end": 7.28,
          "confidence": 0.683
        },
        {
          "text": "हो",
          "start": 7.28,
          "end": 7.48,
          "confidence": 0.752
        },
        {
          "text": "रही",
          "start": 7.48,
          "end": 7.76,
          "confidence": 0.891
        },
        {
          "text": "हैं।",
          "start": 7.76,
          "end": 8.2,
          "confidence": 0.842
        },
        {
          "text": "लिल",
          "start": 8.2,
          "end": 8.4,
          "confidence": 0.756
        },
        {
          "text": "परिज़न",
          "start": 8.4,
          "end": 8.84,
          "confidence": 0.514
        },
        {
          "text": "कर",
          "start": 8.84,
          "end": 9.04,
          "confidence": 0.357
        },
        {
          "text": "रहे",
          "start": 9.04,
          "end": 9.48,
          "confidence": 0.768
        },
        {
          "text": "हैं।",
          "start": 9.48,
          "end": 9.86,
          "confidence": 0.901
        },
        {
          "text": "पर",
          "start": 9.86,
          "end": 10.0,
          "confidence": 0.759
        },
        {
          "text": "कारवाई",
          "start": 10.0,
          "end": 10.5,
          "confidence": 0.849
        },
        {
          "text": "नगन",
          "start": 10.5,
          "end": 11.12,
          "confidence": 0.728
        },
        {
          "text": "नहीं",
          "start": 11.12,
          "end": 11.42,
          "confidence": 0.473
        },
        {
          "text": "है।",
          "start": 11.42,
          "end": 11.44,
          "confidence": 0.756
        }
      ]
    }
  ],
  "language": "hi"
}