{
  "text": " इसके बारे में जुम्मेधारी है इसके लिए बहुत समझ या वहीं से कर करने की ज़्यारत नहीं है।",
  "segments": [
    {
      "id": 0,
      "seek": 0,
      "start": 0.0,
      "end": 6.1,
      "text": " इसके बारे में जुम्मेधारी है इसके लिए बहुत समझ या वहीं से कर करने की ज़्यारत नहीं है।",
      "tokens": [
        50364,
        8485,
        229,
        45938,
        41858,
        21981,
        8485,
        105,
        17937,
        25411,
        21981,
        48449,
        21981,
        31945,
        8485,
        250,
        8703,
        223,
        48521,
        27099,
        48521,
        21981,
        3941,
        100,
        17937,
        25411,
        31881,
        37139,
        43372,
        8485,
        229,
        45938,
        41858,
        21981,
        8485,
        110,
        33279,
        3941,
        237,
        8485,
        105,
        44500,
        8703,
        223,
        36158,
        49316,
        48521,
        3941,
        251,
        8485,
        107,
        17937,
        8485,
        113,
        44500,
        31881,
        31945,
        49316,
        21981,
        31970,
        25411,
        31970,
        25411,
        35082,
        21981,
        31970,
        31881,
        8485,
        250,
        3941,
        120,
        27099,
        48268,
        17937,
        25411,
        36158,
        8485,
        101,
        44500,
        31881,
        31945,
        37139,
        43372,
        8703,
        97,
        50664
      ],
      "temperature": 0.0,
      "avg_logprob": -0.4332160072765131,
      "compression_ratio": 1.7868852459016393,
      "no_speech_prob": 0.6427005529403687,
      "confidence": 0.655,
      "words": [
        {
          "text": "इसके",
          "start": 0.0,
          "end": 0.88,
          "confidence": 0.457
        },
        {
          "text": "बारे",
          "start": 0.88,
          "end": 1.04,
          "confidence": 0.503
        },
        {
          "text": "में",
          "start": 1.04,
          "end": 1.1,
          "confidence": 0.701
        },
        {
          "text": "जुम्मेधारी",
          "start": 1.1,
          "end": 1.74,
          "confidence": 0.637
        },
        {
          "text": "है",
          "start": 1.74,
          "end": 1.92,
          "confidence": 0.871
        },
        {
          "text": "इसके",
          "start": 1.92,
          "end": 2.3,
          "confidence": 0.643
        },
        {
          "text": "लिए",
          "start": 2.3,
          "end": 2.44,
          "confidence": 0.9
        },
        {
          "text": "बहुत",
          "start": 2.44,
          "end": 2.74,
          "confidence": 0.839
        },
        {
          "text": "समझ",
          "start": 2.74,
          "end": 3.18,
          "confidence": 0.565
        },
        {
          "text": "या",
          "start": 3.18,
          "end": 3.48,
          "confidence": 0.489
        },
        {
          "text": "वहीं",
          "start": 3.48,
          "end": 3.66,
          "confidence": 0.472
        },
        {
          "text": "से",
          "start": 3.66,
          "end": 3.82,
          "confidence": 0.759
        },
        {
          "text": "कर",
          "start": 3.82,
          "end": 3.96,
          "confidence": 0.88
        },
        {
          "text": "करने",
          "start": 3.96,
          "end": 4.36,
          "confidence": 0.725
        },
        {
          "text": "की",
          "start": 4.36,
          "end": 4.4,
          "confidence": 0.558
        },
        {
          "text": "ज़्यारत",
          "start": 4.4,
          "end": 4.8,
          "confidence": 0.689
        },
        {
          "text": "नहीं",
          "start": 4.8,
          "end": 5.2,
          "confidence": 0.909
        },
        {
          "text": "है।",
          "start": 5.2,
          "end": 6.1,
          "confidence": 0.616
        }
      ]
    }
  ],
  "language": "hi"
}