{
  "text": " उनिजवार होगी जिसे आम जन समाधी कार्करतर कम और राज्यतिक के रूप में अधिक जानेंगे इसमें कोई जक नहीं सेध्व में राजवर हैं.",
  "segments": [
    {
      "id": 0,
      "seek": 0,
      "start": 0.0,
      "end": 10.48,
      "text": " उनिजवार होगी जिसे आम जन समाधी कार्करतर कम और राज्यतिक के रूप में अधिक जानेंगे इसमें कोई जक नहीं सेध्व में राजवर हैं.",
      "tokens": [
        50364,
        220,
        156,
        97,
        231,
        156,
        97,
        101,
        33279,
        3941,
        250,
        3941,
        113,
        17937,
        25411,
        37139,
        33926,
        3941,
        245,
        31881,
        8485,
        250,
        33279,
        45938,
        21981,
        8485,
        228,
        48521,
        8485,
        250,
        35082,
        49316,
        48521,
        17937,
        3941,
        100,
        31881,
        31970,
        17937,
        25411,
        27099,
        41858,
        25411,
        36158,
        25411,
        31970,
        48521,
        8485,
        242,
        25411,
        8485,
        108,
        17937,
        3941,
        250,
        27099,
        48268,
        36158,
        33279,
        41858,
        31970,
        21981,
        8485,
        108,
        8703,
        224,
        3941,
        103,
        48449,
        21981,
        31945,
        8485,
        227,
        3941,
        100,
        33279,
        41858,
        8485,
        250,
        17937,
        35082,
        21981,
        31945,
        3941,
        245,
        21981,
        8485,
        229,
        45938,
        48521,
        21981,
        31945,
        31970,
        33926,
        3941,
        230,
        8485,
        250,
        41858,
        8485,
        101,
        44500,
        31881,
        31945,
        49316,
        21981,
        3941,
        100,
        27099,
        3941,
        113,
        48449,
        21981,
        31945,
        8485,
        108,
        17937,
        3941,
        250,
        3941,
        113,
        25411,
        37139,
        43372,
        31945,
        13,
        50864
      ],
      "temperature": 0.0,
      "avg_logprob": -0.33218303322792053,
      "compression_ratio": 1.89937106918239,
      "no_speech_prob": 0.19538545608520508,
      "confidence": 0.726,
      "words": [
        {
          "text": "उनिजवार",
          "start": 0.0,
          "end": 1.04,
          "confidence": 0.688
        },
        {
          "text": "होगी",
          "start": 1.04,
          "end": 1.4,
          "confidence": 0.889
        },
        {
          "text": "जिसे",
          "start": 1.4,
          "end": 2.0,
          "confidence": 0.719
        },
        {
          "text": "आम",
          "start": 2.0,
          "end": 2.86,
          "confidence": 0.826
        },
        {
          "text": "जन",
          "start": 2.86,
          "end": 3.08,
          "confidence": 0.867
        },
        {
          "text": "समाधी",
          "start": 3.08,
          "end": 3.66,
          "confidence": 0.713
        },
        {
          "text": "कार्करतर",
          "start": 3.66,
          "end": 4.34,
          "confidence": 0.642
        },
        {
          "text": "कम",
          "start": 4.34,
          "end": 4.58,
          "confidence": 0.852
        },
        {
          "text": "और",
          "start": 4.58,
          "end": 4.98,
          "confidence": 0.905
        },
        {
          "text": "राज्यतिक",
          "start": 4.98,
          "end": 5.94,
          "confidence": 0.741
        },
        {
          "text": "के",
          "start": 5.94,
          "end": 6.06,
          "confidence": 0.818
        },
        {
          "text": "रूप",
          "start": 6.06,
          "end": 6.22,
          "confidence": 0.905
        },
        {
          "text": "में",
          "start": 6.22,
          "end": 6.46,
          "confidence": 0.864
        },
        {
          "text": "अधिक",
          "start": 6.46,
          "end": 6.86,
          "confidence": 0.948
        },
        {
          "text": "जानेंगे",
          "start": 6.86,
          "end": 7.62,
          "confidence": 0.91
        },
        {
          "text": "इसमें",
          "start": 7.62,
          "end": 8.34,
          "confidence": 0.722
        },
        {
          "text": "कोई",
          "start": 8.34,
          "end": 8.62,
          "confidence": 0.877
        },
        {
          "text": "जक",
          "start": 8.62,
          "end": 8.8,
          "confidence": 0.434
        },
        {
          "text": "नहीं",
          "start": 8.8,
          "end": 9.18,
          "confidence": 0.888
        },
        {
          "text": "सेध्व",
          "start": 9.18,
          "end": 9.74,
          "confidence": 0.464
        },
        {
          "text": "में",
          "start": 9.74,
          "end": 9.94,
          "confidence": 0.391
        },
        {
          "text": "राजवर",
          "start": 9.94,
          "end": 10.32,
          "confidence": 0.642
        },
        {
          "text": "हैं.",
          "start": 10.32,
          "end": 10.48,
          "confidence": 0.504
        }
      ]
    }
  ],
  "language": "hi"
}