{
  "text": " सर्रार से ये लिकल रहे जब दोनों भाई कुछ पेसा पचट करती हैं, माता पिशा को रेट करते हैं और कुछ पेसा इकठा करके दूसरी बाद जब घर जब जब जब जब जब जब जब जब जब जब जब जब जब जब जब जब जब जब जब जब जब जब जब जब ज",
  "segments": [
    {
      "id": 0,
      "seek": 0,
      "start": 0.0,
      "end": 29.98,
      "text": " सर्रार से ये लिकल रहे जब दोनों भाई कुछ पेसा पचट करती हैं, माता पिशा को रेट करते हैं और कुछ पेसा इकठा करके दूसरी बाद जब घर जब जब जब जब जब जब जब जब जब जब जब जब जब जब जब जब जब जब जब जब जब जब जब जब ज",
      "tokens": [
        50364,
        49316,
        25411,
        27099,
        25411,
        17937,
        25411,
        49316,
        21981,
        8485,
        107,
        21981,
        8485,
        110,
        33279,
        41858,
        46758,
        8485,
        108,
        44500,
        21981,
        8485,
        250,
        3941,
        105,
        8485,
        99,
        33926,
        35082,
        33926,
        31945,
        8485,
        255,
        17937,
        3941,
        230,
        31970,
        8703,
        223,
        3941,
        249,
        8485,
        103,
        21981,
        45938,
        17937,
        8485,
        103,
        3941,
        248,
        3941,
        253,
        31970,
        25411,
        36158,
        31881,
        37139,
        43372,
        31945,
        11,
        48449,
        17937,
        36158,
        17937,
        8485,
        103,
        33279,
        3941,
        114,
        17937,
        31970,
        33926,
        8485,
        108,
        21981,
        3941,
        253,
        31970,
        25411,
        36158,
        21981,
        37139,
        43372,
        31945,
        8485,
        242,
        25411,
        31970,
        8703,
        223,
        3941,
        249,
        8485,
        103,
        21981,
        45938,
        17937,
        8485,
        229,
        41858,
        3941,
        254,
        17937,
        31970,
        25411,
        41858,
        21981,
        8485,
        99,
        8703,
        224,
        45938,
        25411,
        31881,
        8485,
        105,
        17937,
        3941,
        99,
        8485,
        250,
        3941,
        105,
        8485,
        246,
        25411,
        8485,
        250,
        3941,
        105,
        8485,
        250,
        3941,
        105,
        8485,
        250,
        3941,
        105,
        8485,
        250,
        3941,
        105,
        8485,
        250,
        3941,
        105,
        8485,
        250,
        3941,
        105,
        8485,
        250,
        3941,
        105,
        8485,
        250,
        3941,
        105,
        8485,
        250,
        3941,
        105,
        8485,
        250,
        3941,
        105,
        8485,
        250,
        3941,
        105,
        8485,
        250,
        3941,
        105,
        8485,
        250,
        3941,
        105,
        8485,
        250,
        3941,
        105,
        8485,
        250,
        3941,
        105,
        8485,
        250,
        3941,
        105,
        8485,
        250,
        3941,
        105,
        8485,
        250,
        3941,
        105,
        8485,
        250,
        3941,
        105,
        8485,
        250,
        3941,
        105,
        8485,
        250,
        3941,
        105,
        8485,
        250,
        3941,
        105,
        8485,
        250,
        3941,
        105,
        8485,
        250,
        3941,
        105,
        8485,
        250
      ],
      "temperature": 0.0,
      "avg_logprob": -0.30115058051215277,
      "compression_ratio": 2.8682634730538923,
      "no_speech_prob": 0.5248856544494629,
      "confidence": 0.743,
      "words": [
        {
          "text": "सर्रार",
          "start": 0.0,
          "end": 0.86,
          "confidence": 0.346
        },
        {
          "text": "से",
          "start": 0.86,
          "end": 0.88,
          "confidence": 0.427
        },
        {
          "text": "ये",
          "start": 0.88,
          "end": 1.04,
          "confidence": 0.613
        },
        {
          "text": "लिकल",
          "start": 1.04,
          "end": 1.34,
          "confidence": 0.727
        },
        {
          "text": "रहे",
          "start": 1.34,
          "end": 1.54,
          "confidence": 0.522
        },
        {
          "text": "जब",
          "start": 1.54,
          "end": 1.96,
          "confidence": 0.597
        },
        {
          "text": "दोनों",
          "start": 1.96,
          "end": 2.3,
          "confidence": 0.906
        },
        {
          "text": "भाई",
          "start": 2.3,
          "end": 2.66,
          "confidence": 0.942
        },
        {
          "text": "कुछ",
          "start": 2.66,
          "end": 3.22,
          "confidence": 0.888
        },
        {
          "text": "पेसा",
          "start": 3.22,
          "end": 3.68,
          "confidence": 0.669
        },
        {
          "text": "पचट",
          "start": 3.68,
          "end": 4.28,
          "confidence": 0.733
        },
        {
          "text": "करती",
          "start": 4.28,
          "end": 4.72,
          "confidence": 0.751
        },
        {
          "text": "हैं,",
          "start": 4.72,
          "end": 5.24,
          "confidence": 0.441
        },
        {
          "text": "माता",
          "start": 5.38,
          "end": 5.82,
          "confidence": 0.799
        },
        {
          "text": "पिशा",
          "start": 5.82,
          "end": 5.94,
          "confidence": 0.601
        },
        {
          "text": "को",
          "start": 5.94,
          "end": 6.12,
          "confidence": 0.528
        },
        {
          "text": "रेट",
          "start": 6.12,
          "end": 6.38,
          "confidence": 0.769
        },
        {
          "text": "करते",
          "start": 6.38,
          "end": 6.7,
          "confidence": 0.646
        },
        {
          "text": "हैं",
          "start": 6.7,
          "end": 7.38,
          "confidence": 0.668
        },
        {
          "text": "और",
          "start": 7.38,
          "end": 7.56,
          "confidence": 0.868
        },
        {
          "text": "कुछ",
          "start": 7.56,
          "end": 8.2,
          "confidence": 0.886
        },
        {
          "text": "पेसा",
          "start": 8.2,
          "end": 8.58,
          "confidence": 0.918
        },
        {
          "text": "इकठा",
          "start": 8.58,
          "end": 8.96,
          "confidence": 0.744
        },
        {
          "text": "करके",
          "start": 8.96,
          "end": 9.56,
          "confidence": 0.888
        },
        {
          "text": "दूसरी",
          "start": 9.56,
          "end": 10.04,
          "confidence": 0.809
        },
        {
          "text": "बाद",
          "start": 10.04,
          "end": 10.28,
          "confidence": 0.693
        },
        {
          "text": "जब",
          "start": 10.28,
          "end": 10.46,
          "confidence": 0.941
        },
        {
          "text": "घर",
          "start": 10.46,
          "end": 10.64,
          "confidence": 0.843
        },
        {
          "text": "जब",
          "start": 10.64,
          "end": 10.98,
          "confidence": 0.346
        },
        {
          "text": "जब",
          "start": 10.98,
          "end": 11.0,
          "confidence": 0.43
        },
        {
          "text": "जब",
          "start": 11.0,
          "end": 11.02,
          "confidence": 0.479
        },
        {
          "text": "जब",
          "start": 11.02,
          "end": 11.04,
          "confidence": 0.544
        },
        {
          "text": "जब",
          "start": 11.04,
          "end": 11.06,
          "confidence": 0.621
        },
        {
          "text": "जब",
          "start": 11.06,
          "end": 11.08,
          "confidence": 0.702
        },
        {
          "text": "जब",
          "start": 11.08,
          "end": 11.1,
          "confidence": 0.764
        },
        {
          "text": "जब",
          "start": 11.1,
          "end": 11.12,
          "confidence": 0.809
        },
        {
          "text": "जब",
          "start": 11.12,
          "end": 11.14,
          "confidence": 0.845
        },
        {
          "text": "जब",
          "start": 11.14,
          "end": 11.16,
          "confidence": 0.869
        },
        {
          "text": "जब",
          "start": 11.16,
          "end": 11.18,
          "confidence": 0.886
        },
        {
          "text": "जब",
          "start": 11.18,
          "end": 11.2,
          "confidence": 0.9
        },
        {
          "text": "जब",
          "start": 11.2,
          "end": 11.22,
          "confidence": 0.91
        },
        {
          "text": "जब",
          "start": 11.22,
          "end": 11.24,
          "confidence": 0.918
        },
        {
          "text": "जब",
          "start": 11.24,
          "end": 11.26,
          "confidence": 0.924
        },
        {
          "text": "जब",
          "start": 11.26,
          "end": 11.28,
          "confidence": 0.929
        },
        {
          "text": "जब",
          "start": 11.28,
          "end": 11.3,
          "confidence": 0.933
        },
        {
          "text": "जब",
          "start": 11.3,
          "end": 11.32,
          "confidence": 0.935
        },
        {
          "text": "जब",
          "start": 11.32,
          "end": 11.34,
          "confidence": 0.938
        },
        {
          "text": "जब",
          "start": 11.34,
          "end": 11.36,
          "confidence": 0.939
        },
        {
          "text": "जब",
          "start": 11.36,
          "end": 11.38,
          "confidence": 0.941
        },
        {
          "text": "जब",
          "start": 11.38,
          "end": 11.4,
          "confidence": 0.942
        },
        {
          "text": "जब",
          "start": 11.4,
          "end": 11.42,
          "confidence": 0.942
        },
        {
          "text": "जब",
          "start": 11.42,
          "end": 11.44,
          "confidence": 0.942
        },
        {
          "text": "ज",
          "start": 11.44,
          "end": 29.98,
          "confidence": 0.897
        }
      ]
    }
  ],
  "language": "hi"
}