{
  "text": " ये प्रतिभाग्ये को दिया, मोके पर दर्जेनों सदेशों निभाग लिया एबन पर अपने विचार लिखित रूप से जिमा किया, तेस्वे मेरा दुरह मौरा धन्भाद से दन्दी।",
  "segments": [
    {
      "id": 0,
      "seek": 0,
      "start": 0.0,
      "end": 10.48,
      "text": " ये प्रतिभाग्ये को दिया, मोके पर दर्जेनों सदेशों निभाग लिया एबन पर अपने विचार लिखित रूप से जिमा किया, तेस्वे मेरा दुरह मौरा धन्भाद से दन्दी।",
      "tokens": [
        50364,
        8485,
        107,
        21981,
        8485,
        103,
        27099,
        25411,
        36158,
        33279,
        3941,
        255,
        17937,
        3941,
        245,
        27099,
        48268,
        21981,
        31970,
        33926,
        8485,
        99,
        33279,
        48268,
        17937,
        11,
        48449,
        33926,
        41858,
        21981,
        8485,
        103,
        25411,
        8485,
        99,
        25411,
        27099,
        3941,
        250,
        21981,
        35082,
        33926,
        31945,
        49316,
        3941,
        99,
        21981,
        3941,
        114,
        33926,
        31945,
        8485,
        101,
        33279,
        3941,
        255,
        17937,
        3941,
        245,
        8485,
        110,
        33279,
        48268,
        17937,
        8485,
        237,
        3941,
        105,
        35082,
        8485,
        103,
        25411,
        8485,
        227,
        3941,
        103,
        35082,
        21981,
        8485,
        113,
        33279,
        3941,
        248,
        17937,
        25411,
        8485,
        110,
        33279,
        3941,
        244,
        33279,
        36158,
        8485,
        108,
        8703,
        224,
        3941,
        103,
        49316,
        21981,
        8485,
        250,
        33279,
        48521,
        17937,
        31970,
        33279,
        48268,
        17937,
        11,
        8485,
        97,
        21981,
        45938,
        27099,
        3941,
        113,
        21981,
        48449,
        21981,
        25411,
        17937,
        8485,
        99,
        8703,
        223,
        25411,
        44500,
        48449,
        8703,
        234,
        25411,
        17937,
        8485,
        100,
        35082,
        27099,
        3941,
        255,
        17937,
        3941,
        99,
        49316,
        21981,
        8485,
        99,
        35082,
        27099,
        3941,
        99,
        31881,
        8703,
        97,
        50864
      ],
      "temperature": 0.0,
      "avg_logprob": -0.3526275142546623,
      "compression_ratio": 2.098265895953757,
      "no_speech_prob": 0.38593950867652893,
      "confidence": 0.71,
      "words": [
        {
          "text": "ये",
          "start": 0.0,
          "end": 0.62,
          "confidence": 0.548
        },
        {
          "text": "प्रतिभाग्ये",
          "start": 0.62,
          "end": 2.26,
          "confidence": 0.603
        },
        {
          "text": "को",
          "start": 2.26,
          "end": 2.34,
          "confidence": 0.783
        },
        {
          "text": "दिया,",
          "start": 2.34,
          "end": 2.64,
          "confidence": 0.93
        },
        {
          "text": "मोके",
          "start": 2.86,
          "end": 3.26,
          "confidence": 0.769
        },
        {
          "text": "पर",
          "start": 3.26,
          "end": 3.4,
          "confidence": 0.921
        },
        {
          "text": "दर्जेनों",
          "start": 3.4,
          "end": 3.92,
          "confidence": 0.846
        },
        {
          "text": "सदेशों",
          "start": 3.92,
          "end": 4.44,
          "confidence": 0.658
        },
        {
          "text": "निभाग",
          "start": 4.44,
          "end": 4.84,
          "confidence": 0.77
        },
        {
          "text": "लिया",
          "start": 4.84,
          "end": 4.96,
          "confidence": 0.709
        },
        {
          "text": "एबन",
          "start": 4.96,
          "end": 5.54,
          "confidence": 0.688
        },
        {
          "text": "पर",
          "start": 5.54,
          "end": 6.16,
          "confidence": 0.765
        },
        {
          "text": "अपने",
          "start": 6.16,
          "end": 6.66,
          "confidence": 0.936
        },
        {
          "text": "विचार",
          "start": 6.66,
          "end": 7.04,
          "confidence": 0.85
        },
        {
          "text": "लिखित",
          "start": 7.04,
          "end": 7.44,
          "confidence": 0.824
        },
        {
          "text": "रूप",
          "start": 7.44,
          "end": 7.58,
          "confidence": 0.782
        },
        {
          "text": "से",
          "start": 7.58,
          "end": 7.78,
          "confidence": 0.846
        },
        {
          "text": "जिमा",
          "start": 7.78,
          "end": 8.12,
          "confidence": 0.793
        },
        {
          "text": "किया,",
          "start": 8.12,
          "end": 8.32,
          "confidence": 0.794
        },
        {
          "text": "तेस्वे",
          "start": 8.6,
          "end": 8.8,
          "confidence": 0.456
        },
        {
          "text": "मेरा",
          "start": 8.8,
          "end": 9.1,
          "confidence": 0.802
        },
        {
          "text": "दुरह",
          "start": 9.1,
          "end": 9.4,
          "confidence": 0.576
        },
        {
          "text": "मौरा",
          "start": 9.4,
          "end": 9.76,
          "confidence": 0.441
        },
        {
          "text": "धन्भाद",
          "start": 9.76,
          "end": 10.0,
          "confidence": 0.721
        },
        {
          "text": "से",
          "start": 10.0,
          "end": 10.14,
          "confidence": 0.79
        },
        {
          "text": "दन्दी।",
          "start": 10.14,
          "end": 10.48,
          "confidence": 0.643
        }
      ]
    }
  ],
  "language": "hi"
}