{
  "text": " ना पुलिस कर्मियों के रहने की कोई विविवस्था, यहां तक जी एक सौचाले भी नहीं है थाने में, और थाना प्रभाई भी गाओं के ही किसी के धर.",
  "segments": [
    {
      "id": 0,
      "seek": 0,
      "start": 0.0,
      "end": 10.48,
      "text": " ना पुलिस कर्मियों के रहने की कोई विविवस्था, यहां तक जी एक सौचाले भी नहीं है थाने में, और थाना प्रभाई भी गाओं के ही किसी के धर.",
      "tokens": [
        50364,
        8485,
        101,
        17937,
        8485,
        103,
        8703,
        223,
        46758,
        33279,
        45938,
        31970,
        25411,
        27099,
        48521,
        33279,
        48268,
        33926,
        31945,
        31970,
        21981,
        8485,
        108,
        44500,
        35082,
        21981,
        31970,
        31881,
        31970,
        33926,
        3941,
        230,
        8485,
        113,
        33279,
        3941,
        113,
        33279,
        3941,
        113,
        45938,
        27099,
        3941,
        98,
        17937,
        11,
        8485,
        107,
        44500,
        17937,
        31945,
        8485,
        97,
        41858,
        8485,
        250,
        31881,
        8485,
        237,
        41858,
        49316,
        8703,
        234,
        3941,
        248,
        17937,
        46758,
        21981,
        8485,
        255,
        31881,
        8485,
        101,
        44500,
        31881,
        31945,
        37139,
        43372,
        8485,
        98,
        17937,
        35082,
        21981,
        48449,
        21981,
        31945,
        11,
        8485,
        242,
        25411,
        8485,
        98,
        17937,
        35082,
        17937,
        8485,
        103,
        27099,
        25411,
        3941,
        255,
        17937,
        3941,
        230,
        8485,
        255,
        31881,
        8485,
        245,
        17937,
        3941,
        241,
        31945,
        31970,
        21981,
        37139,
        31881,
        31970,
        33279,
        45938,
        31881,
        31970,
        21981,
        8485,
        100,
        25411,
        13,
        50864
      ],
      "temperature": 0.0,
      "avg_logprob": -0.28721695537715,
      "compression_ratio": 1.904191616766467,
      "no_speech_prob": 0.3252125084400177,
      "confidence": 0.781,
      "words": [
        {
          "text": "ना",
          "start": 0.0,
          "end": 0.78,
          "confidence": 0.576
        },
        {
          "text": "पुलिस",
          "start": 0.78,
          "end": 1.62,
          "confidence": 0.837
        },
        {
          "text": "कर्मियों",
          "start": 1.62,
          "end": 2.1,
          "confidence": 0.816
        },
        {
          "text": "के",
          "start": 2.1,
          "end": 2.18,
          "confidence": 0.868
        },
        {
          "text": "रहने",
          "start": 2.18,
          "end": 2.52,
          "confidence": 0.927
        },
        {
          "text": "की",
          "start": 2.52,
          "end": 2.64,
          "confidence": 0.709
        },
        {
          "text": "कोई",
          "start": 2.64,
          "end": 2.84,
          "confidence": 0.898
        },
        {
          "text": "विविवस्था,",
          "start": 2.84,
          "end": 3.54,
          "confidence": 0.726
        },
        {
          "text": "यहां",
          "start": 3.74,
          "end": 3.92,
          "confidence": 0.875
        },
        {
          "text": "तक",
          "start": 3.92,
          "end": 4.12,
          "confidence": 0.771
        },
        {
          "text": "जी",
          "start": 4.12,
          "end": 4.28,
          "confidence": 0.294
        },
        {
          "text": "एक",
          "start": 4.28,
          "end": 4.4,
          "confidence": 0.624
        },
        {
          "text": "सौचाले",
          "start": 4.4,
          "end": 4.96,
          "confidence": 0.811
        },
        {
          "text": "भी",
          "start": 4.96,
          "end": 5.02,
          "confidence": 0.889
        },
        {
          "text": "नहीं",
          "start": 5.02,
          "end": 5.36,
          "confidence": 0.913
        },
        {
          "text": "है",
          "start": 5.36,
          "end": 5.6,
          "confidence": 0.867
        },
        {
          "text": "थाने",
          "start": 5.6,
          "end": 6.5,
          "confidence": 0.73
        },
        {
          "text": "में,",
          "start": 6.5,
          "end": 6.92,
          "confidence": 0.932
        },
        {
          "text": "और",
          "start": 7.02,
          "end": 7.28,
          "confidence": 0.888
        },
        {
          "text": "थाना",
          "start": 7.28,
          "end": 7.78,
          "confidence": 0.876
        },
        {
          "text": "प्रभाई",
          "start": 7.78,
          "end": 8.06,
          "confidence": 0.777
        },
        {
          "text": "भी",
          "start": 8.06,
          "end": 8.82,
          "confidence": 0.808
        },
        {
          "text": "गाओं",
          "start": 8.82,
          "end": 9.46,
          "confidence": 0.703
        },
        {
          "text": "के",
          "start": 9.46,
          "end": 9.62,
          "confidence": 0.862
        },
        {
          "text": "ही",
          "start": 9.62,
          "end": 9.64,
          "confidence": 0.817
        },
        {
          "text": "किसी",
          "start": 9.64,
          "end": 10.1,
          "confidence": 0.848
        },
        {
          "text": "के",
          "start": 10.1,
          "end": 10.28,
          "confidence": 0.861
        },
        {
          "text": "धर.",
          "start": 10.28,
          "end": 10.48,
          "confidence": 0.7
        }
      ]
    }
  ],
  "language": "hi"
}