{
  "text": " वो बच्चे आते हैं और मेरे मुबाइन पर रोज सुनते हैं और अपने मॉमी, पापा को भी लगाने बोलते हैं",
  "segments": [
    {
      "id": 0,
      "seek": 0,
      "start": 0.0,
      "end": 4.05,
      "text": " वो बच्चे आते हैं और मेरे मुबाइन पर रोज सुनते हैं",
      "tokens": [
        50364,
        8485,
        113,
        33926,
        8485,
        105,
        3941,
        248,
        27099,
        3941,
        248,
        21981,
        8485,
        228,
        36158,
        21981,
        37139,
        43372,
        31945,
        8485,
        242,
        25411,
        48449,
        21981,
        25411,
        21981,
        48449,
        8703,
        223,
        3941,
        105,
        17937,
        3941,
        229,
        35082,
        8485,
        103,
        25411,
        8485,
        108,
        33926,
        3941,
        250,
        49316,
        8703,
        223,
        35082,
        36158,
        21981,
        37139,
        43372,
        31945,
        50564
      ],
      "temperature": 0.0,
      "avg_logprob": -0.21536947756397481,
      "compression_ratio": 1.816,
      "no_speech_prob": 0.08348437398672104,
      "confidence": 0.822,
      "words": [
        {
          "text": "वो",
          "start": 0.0,
          "end": 0.56,
          "confidence": 0.784
        },
        {
          "text": "बच्चे",
          "start": 0.56,
          "end": 0.96,
          "confidence": 0.875
        },
        {
          "text": "आते",
          "start": 0.96,
          "end": 1.26,
          "confidence": 0.936
        },
        {
          "text": "हैं",
          "start": 1.26,
          "end": 1.58,
          "confidence": 0.929
        },
        {
          "text": "और",
          "start": 1.58,
          "end": 1.66,
          "confidence": 0.805
        },
        {
          "text": "मेरे",
          "start": 1.66,
          "end": 1.94,
          "confidence": 0.898
        },
        {
          "text": "मुबाइन",
          "start": 1.94,
          "end": 2.34,
          "confidence": 0.713
        },
        {
          "text": "पर",
          "start": 2.34,
          "end": 2.72,
          "confidence": 0.795
        },
        {
          "text": "रोज",
          "start": 2.72,
          "end": 3.56,
          "confidence": 0.847
        },
        {
          "text": "सुनते",
          "start": 3.56,
          "end": 4.02,
          "confidence": 0.75
        },
        {
          "text": "हैं",
          "start": 4.02,
          "end": 4.05,
          "confidence": 0.899
        }
      ]
    },
    {
      "id": 1,
      "seek": 0,
      "start": 4.05,
      "end": 6.72,
      "text": " और अपने मॉमी, पापा को भी लगाने बोलते हैं",
      "tokens": [
        50564,
        8485,
        242,
        25411,
        8485,
        227,
        3941,
        103,
        35082,
        21981,
        48449,
        8703,
        231,
        48521,
        31881,
        11,
        8485,
        103,
        17937,
        3941,
        103,
        17937,
        31970,
        33926,
        8485,
        255,
        31881,
        8485,
        110,
        3941,
        245,
        17937,
        35082,
        21981,
        8485,
        105,
        33926,
        46758,
        36158,
        21981,
        37139,
        43372,
        31945,
        50714
      ],
      "temperature": 0.0,
      "avg_logprob": -0.21536947756397481,
      "compression_ratio": 1.816,
      "no_speech_prob": 0.08348437398672104,
      "confidence": 0.857,
      "words": [
        {
          "text": "और",
          "start": 4.05,
          "end": 4.24,
          "confidence": 0.93
        },
        {
          "text": "अपने",
          "start": 4.24,
          "end": 4.4,
          "confidence": 0.798
        },
        {
          "text": "मॉमी,",
          "start": 4.4,
          "end": 4.66,
          "confidence": 0.607
        },
        {
          "text": "पापा",
          "start": 4.84,
          "end": 5.1,
          "confidence": 0.905
        },
        {
          "text": "को",
          "start": 5.1,
          "end": 5.22,
          "confidence": 0.835
        },
        {
          "text": "भी",
          "start": 5.22,
          "end": 5.3,
          "confidence": 0.945
        },
        {
          "text": "लगाने",
          "start": 5.3,
          "end": 5.74,
          "confidence": 0.947
        },
        {
          "text": "बोलते",
          "start": 5.74,
          "end": 6.16,
          "confidence": 0.924
        },
        {
          "text": "हैं",
          "start": 6.16,
          "end": 6.72,
          "confidence": 0.916
        }
      ]
    }
  ],
  "language": "hi"
}