{
  "text": " सेना नायकराम अपतार पलोटीया निका कि शनिवार कि शाम सातु विजिल लगवा करीजू.",
  "segments": [
    {
      "id": 0,
      "seek": 0,
      "start": 0.0,
      "end": 6.14,
      "text": " सेना नायकराम अपतार पलोटीया निका कि शनिवार कि शाम सातु विजिल लगवा करीजू.",
      "tokens": [
        50364,
        49316,
        21981,
        35082,
        17937,
        8485,
        101,
        17937,
        48268,
        41858,
        25411,
        17937,
        48521,
        8485,
        227,
        3941,
        103,
        36158,
        17937,
        25411,
        8485,
        103,
        46758,
        33926,
        3941,
        253,
        31881,
        48268,
        17937,
        8485,
        101,
        33279,
        41858,
        17937,
        31970,
        33279,
        8485,
        114,
        35082,
        33279,
        3941,
        113,
        17937,
        25411,
        31970,
        33279,
        8485,
        114,
        17937,
        48521,
        49316,
        17937,
        36158,
        8703,
        223,
        8485,
        113,
        33279,
        3941,
        250,
        33279,
        46758,
        8485,
        110,
        3941,
        245,
        3941,
        113,
        17937,
        31970,
        25411,
        31881,
        3941,
        250,
        8703,
        224,
        13,
        50664
      ],
      "temperature": 0.0,
      "avg_logprob": -0.4313962429384642,
      "compression_ratio": 1.6696428571428572,
      "no_speech_prob": 0.7472618222236633,
      "confidence": 0.656,
      "words": [
        {
          "text": "सेना",
          "start": 0.0,
          "end": 0.78,
          "confidence": 0.783
        },
        {
          "text": "नायकराम",
          "start": 0.78,
          "end": 1.5,
          "confidence": 0.806
        },
        {
          "text": "अपतार",
          "start": 1.5,
          "end": 2.04,
          "confidence": 0.576
        },
        {
          "text": "पलोटीया",
          "start": 2.04,
          "end": 2.76,
          "confidence": 0.554
        },
        {
          "text": "निका",
          "start": 2.76,
          "end": 3.08,
          "confidence": 0.85
        },
        {
          "text": "कि",
          "start": 3.08,
          "end": 3.32,
          "confidence": 0.385
        },
        {
          "text": "शनिवार",
          "start": 3.32,
          "end": 3.88,
          "confidence": 0.624
        },
        {
          "text": "कि",
          "start": 3.88,
          "end": 4.0,
          "confidence": 0.624
        },
        {
          "text": "शाम",
          "start": 4.0,
          "end": 4.4,
          "confidence": 0.851
        },
        {
          "text": "सातु",
          "start": 4.4,
          "end": 4.68,
          "confidence": 0.58
        },
        {
          "text": "विजिल",
          "start": 4.68,
          "end": 4.96,
          "confidence": 0.654
        },
        {
          "text": "लगवा",
          "start": 4.96,
          "end": 5.32,
          "confidence": 0.75
        },
        {
          "text": "करीजू.",
          "start": 5.32,
          "end": 6.14,
          "confidence": 0.572
        }
      ]
    }
  ],
  "language": "hi"
}