{
  "text": " कि बहुत सी तरह की जिमानिया को उस्तन होती हैं जो कि चितान भाई लोग काफी डूब चुके वें और ऐसे ही मतलब बहुत सारे चितान हैं उन्हें लेकिन फिर भी इन रूरत हमेश्ट जालते हैं पर अच्छा कि हमारे भारतं सुर्फकार एसी कुछ बहुत पर परवारत है",
  "segments": [
    {
      "id": 0,
      "seek": 0,
      "start": 0.0,
      "end": 2.75,
      "text": " कि बहुत सी तरह की जिमानिया को उस्तन होती हैं",
      "tokens": [
        50364,
        220,
        156,
        97,
        243,
        33279,
        8485,
        105,
        44500,
        8703,
        223,
        36158,
        49316,
        31881,
        8485,
        97,
        25411,
        44500,
        31970,
        31881,
        8485,
        250,
        33279,
        48521,
        17937,
        35082,
        33279,
        48268,
        17937,
        31970,
        33926,
        8485,
        231,
        45938,
        27099,
        36158,
        35082,
        37139,
        33926,
        36158,
        31881,
        37139,
        43372,
        31945,
        50514
      ],
      "temperature": 0.0,
      "avg_logprob": -0.37398305257161457,
      "compression_ratio": 2.3390557939914163,
      "no_speech_prob": 0.6606729626655579,
      "confidence": 0.641,
      "words": [
        {
          "text": "कि",
          "start": 0.0,
          "end": 0.38,
          "confidence": 0.413
        },
        {
          "text": "बहुत",
          "start": 0.38,
          "end": 0.76,
          "confidence": 0.84
        },
        {
          "text": "सी",
          "start": 0.76,
          "end": 0.88,
          "confidence": 0.6
        },
        {
          "text": "तरह",
          "start": 0.88,
          "end": 1.12,
          "confidence": 0.815
        },
        {
          "text": "की",
          "start": 1.12,
          "end": 1.16,
          "confidence": 0.661
        },
        {
          "text": "जिमानिया",
          "start": 1.16,
          "end": 1.74,
          "confidence": 0.68
        },
        {
          "text": "को",
          "start": 1.74,
          "end": 1.88,
          "confidence": 0.408
        },
        {
          "text": "उस्तन",
          "start": 1.88,
          "end": 2.22,
          "confidence": 0.589
        },
        {
          "text": "होती",
          "start": 2.22,
          "end": 2.5,
          "confidence": 0.777
        },
        {
          "text": "हैं",
          "start": 2.5,
          "end": 2.75,
          "confidence": 0.592
        }
      ]
    },
    {
      "id": 1,
      "seek": 0,
      "start": 2.75,
      "end": 5.38,
      "text": " जो कि चितान भाई लोग काफी डूब चुके वें",
      "tokens": [
        50514,
        8485,
        250,
        33926,
        31970,
        33279,
        8485,
        248,
        33279,
        36158,
        17937,
        35082,
        8485,
        255,
        17937,
        3941,
        230,
        8485,
        110,
        33926,
        3941,
        245,
        31970,
        17937,
        3941,
        104,
        31881,
        8485,
        94,
        8703,
        224,
        3941,
        105,
        8485,
        248,
        8703,
        223,
        41858,
        21981,
        8485,
        113,
        21981,
        31945,
        50664
      ],
      "temperature": 0.0,
      "avg_logprob": -0.37398305257161457,
      "compression_ratio": 2.3390557939914163,
      "no_speech_prob": 0.6606729626655579,
      "confidence": 0.751,
      "words": [
        {
          "text": "जो",
          "start": 2.75,
          "end": 2.78,
          "confidence": 0.776
        },
        {
          "text": "कि",
          "start": 2.78,
          "end": 2.9,
          "confidence": 0.609
        },
        {
          "text": "चितान",
          "start": 2.9,
          "end": 3.36,
          "confidence": 0.612
        },
        {
          "text": "भाई",
          "start": 3.36,
          "end": 3.56,
          "confidence": 0.923
        },
        {
          "text": "लोग",
          "start": 3.56,
          "end": 3.86,
          "confidence": 0.896
        },
        {
          "text": "काफी",
          "start": 3.86,
          "end": 4.12,
          "confidence": 0.67
        },
        {
          "text": "डूब",
          "start": 4.12,
          "end": 4.4,
          "confidence": 0.835
        },
        {
          "text": "चुके",
          "start": 4.4,
          "end": 4.76,
          "confidence": 0.837
        },
        {
          "text": "वें",
          "start": 4.76,
          "end": 5.38,
          "confidence": 0.572
        }
      ]
    },
    {
      "id": 2,
      "seek": 0,
      "start": 5.5,
      "end": 7.84,
      "text": " और ऐसे ही मतलब बहुत सारे चितान हैं",
      "tokens": [
        50664,
        8485,
        242,
        25411,
        8485,
        238,
        45938,
        21981,
        37139,
        31881,
        48449,
        36158,
        46758,
        3941,
        105,
        8485,
        105,
        44500,
        8703,
        223,
        36158,
        49316,
        17937,
        25411,
        21981,
        8485,
        248,
        33279,
        36158,
        17937,
        35082,
        37139,
        43372,
        31945,
        50764
      ],
      "temperature": 0.0,
      "avg_logprob": -0.37398305257161457,
      "compression_ratio": 2.3390557939914163,
      "no_speech_prob": 0.6606729626655579,
      "confidence": 0.848,
      "words": [
        {
          "text": "और",
          "start": 5.5,
          "end": 5.72,
          "confidence": 0.924
        },
        {
          "text": "ऐसे",
          "start": 5.72,
          "end": 5.9,
          "confidence": 0.821
        },
        {
          "text": "ही",
          "start": 5.9,
          "end": 6.08,
          "confidence": 0.863
        },
        {
          "text": "मतलब",
          "start": 6.08,
          "end": 6.42,
          "confidence": 0.837
        },
        {
          "text": "बहुत",
          "start": 6.42,
          "end": 6.74,
          "confidence": 0.941
        },
        {
          "text": "सारे",
          "start": 6.74,
          "end": 6.98,
          "confidence": 0.756
        },
        {
          "text": "चितान",
          "start": 6.98,
          "end": 7.8,
          "confidence": 0.823
        },
        {
          "text": "हैं",
          "start": 7.8,
          "end": 7.84,
          "confidence": 0.828
        }
      ]
    },
    {
      "id": 3,
      "seek": 0,
      "start": 7.84,
      "end": 10.88,
      "text": " उन्हें लेकिन फिर भी इन रूरत हमेश्ट जालते हैं",
      "tokens": [
        50764,
        8485,
        231,
        35082,
        27099,
        44500,
        21981,
        31945,
        8485,
        110,
        21981,
        41858,
        33279,
        35082,
        8485,
        104,
        33279,
        25411,
        8485,
        255,
        31881,
        8485,
        229,
        35082,
        8485,
        108,
        8703,
        224,
        25411,
        36158,
        37139,
        48521,
        21981,
        3941,
        114,
        27099,
        3941,
        253,
        8485,
        250,
        17937,
        46758,
        36158,
        21981,
        37139,
        43372,
        31945,
        50914
      ],
      "temperature": 0.0,
      "avg_logprob": -0.37398305257161457,
      "compression_ratio": 2.3390557939914163,
      "no_speech_prob": 0.6606729626655579,
      "confidence": 0.676,
      "words": [
        {
          "text": "उन्हें",
          "start": 7.84,
          "end": 8.08,
          "confidence": 0.748
        },
        {
          "text": "लेकिन",
          "start": 8.08,
          "end": 8.36,
          "confidence": 0.834
        },
        {
          "text": "फिर",
          "start": 8.36,
          "end": 8.66,
          "confidence": 0.669
        },
        {
          "text": "भी",
          "start": 8.66,
          "end": 8.84,
          "confidence": 0.86
        },
        {
          "text": "इन",
          "start": 8.84,
          "end": 9.0,
          "confidence": 0.565
        },
        {
          "text": "रूरत",
          "start": 9.0,
          "end": 9.4,
          "confidence": 0.577
        },
        {
          "text": "हमेश्ट",
          "start": 9.4,
          "end": 10.0,
          "confidence": 0.582
        },
        {
          "text": "जालते",
          "start": 10.0,
          "end": 10.38,
          "confidence": 0.583
        },
        {
          "text": "हैं",
          "start": 10.38,
          "end": 10.88,
          "confidence": 0.93
        }
      ]
    },
    {
      "id": 4,
      "seek": 1100,
      "start": 11.0,
      "end": 13.04,
      "text": " पर अच्छा कि हमारे भारतं सुर्फकार एसी कुछ बहुत पर परवारत है",
      "tokens": [
        50364,
        220,
        156,
        97,
        103,
        156,
        97,
        108,
        8485,
        227,
        3941,
        248,
        27099,
        3941,
        249,
        17937,
        31970,
        33279,
        37139,
        48521,
        17937,
        25411,
        21981,
        8485,
        255,
        17937,
        25411,
        36158,
        31945,
        49316,
        8703,
        223,
        25411,
        27099,
        3941,
        104,
        41858,
        17937,
        25411,
        8485,
        237,
        45938,
        31881,
        31970,
        8703,
        223,
        3941,
        249,
        8485,
        105,
        44500,
        8703,
        223,
        36158,
        8485,
        103,
        25411,
        8485,
        103,
        25411,
        3941,
        113,
        17937,
        25411,
        36158,
        37139,
        43372,
        50514
      ],
      "temperature": 0.0,
      "avg_logprob": -0.7133649190266927,
      "compression_ratio": 1.504950495049505,
      "no_speech_prob": 0.995416522026062,
      "confidence": 0.484,
      "words": [
        {
          "text": "पर",
          "start": 11.0,
          "end": 11.06,
          "confidence": 0.435
        },
        {
          "text": "अच्छा",
          "start": 11.06,
          "end": 11.28,
          "confidence": 0.574
        },
        {
          "text": "कि",
          "start": 11.28,
          "end": 11.38,
          "confidence": 0.51
        },
        {
          "text": "हमारे",
          "start": 11.38,
          "end": 11.64,
          "confidence": 0.74
        },
        {
          "text": "भारतं",
          "start": 11.64,
          "end": 12.06,
          "confidence": 0.639
        },
        {
          "text": "सुर्फकार",
          "start": 12.06,
          "end": 12.44,
          "confidence": 0.532
        },
        {
          "text": "एसी",
          "start": 12.44,
          "end": 12.8,
          "confidence": 0.393
        },
        {
          "text": "कुछ",
          "start": 12.8,
          "end": 12.96,
          "confidence": 0.655
        },
        {
          "text": "बहुत",
          "start": 12.96,
          "end": 12.98,
          "confidence": 0.55
        },
        {
          "text": "पर",
          "start": 12.98,
          "end": 13.0,
          "confidence": 0.222
        },
        {
          "text": "परवारत",
          "start": 13.0,
          "end": 13.02,
          "confidence": 0.269
        },
        {
          "text": "है",
          "start": 13.02,
          "end": 13.04,
          "confidence": 0.531
        }
      ]
    }
  ],
  "language": "hi"
}