{
  "text": " या एकी सुषना या एकी फून आएं तो कभी भी नदें क्यूंकि आपको कोई बेंट पताज़िकारी आपको फून नहीं करेगा. पीन नमबर इद्गुब्द सुषना",
  "segments": [
    {
      "id": 0,
      "seek": 0,
      "start": 0.0,
      "end": 3.94,
      "text": " या एकी सुषना या एकी फून आएं तो कभी भी नदें",
      "tokens": [
        50364,
        8485,
        107,
        17937,
        8485,
        237,
        41858,
        31881,
        49316,
        8703,
        223,
        3941,
        115,
        35082,
        17937,
        8485,
        107,
        17937,
        8485,
        237,
        41858,
        31881,
        8485,
        104,
        8703,
        224,
        35082,
        8485,
        228,
        3941,
        237,
        31945,
        8485,
        97,
        33926,
        31970,
        3941,
        255,
        31881,
        8485,
        255,
        31881,
        8485,
        101,
        3941,
        99,
        21981,
        31945,
        50564
      ],
      "temperature": 0.0,
      "avg_logprob": -0.3410297525340113,
      "compression_ratio": 1.95,
      "no_speech_prob": 0.5650385022163391,
      "confidence": 0.659,
      "words": [
        {
          "text": "या",
          "start": 0.0,
          "end": 0.04,
          "confidence": 0.294
        },
        {
          "text": "एकी",
          "start": 0.04,
          "end": 0.06,
          "confidence": 0.627
        },
        {
          "text": "सुषना",
          "start": 0.06,
          "end": 0.56,
          "confidence": 0.65
        },
        {
          "text": "या",
          "start": 0.56,
          "end": 0.9,
          "confidence": 0.888
        },
        {
          "text": "एकी",
          "start": 0.9,
          "end": 1.14,
          "confidence": 0.902
        },
        {
          "text": "फून",
          "start": 1.14,
          "end": 1.38,
          "confidence": 0.672
        },
        {
          "text": "आएं",
          "start": 1.38,
          "end": 1.8,
          "confidence": 0.737
        },
        {
          "text": "तो",
          "start": 1.8,
          "end": 2.38,
          "confidence": 0.708
        },
        {
          "text": "कभी",
          "start": 2.38,
          "end": 2.7,
          "confidence": 0.91
        },
        {
          "text": "भी",
          "start": 2.7,
          "end": 3.1,
          "confidence": 0.878
        },
        {
          "text": "नदें",
          "start": 3.1,
          "end": 3.94,
          "confidence": 0.44
        }
      ]
    },
    {
      "id": 1,
      "seek": 0,
      "start": 4.1,
      "end": 8.06,
      "text": " क्यूंकि आपको कोई बेंट पताज़िकारी आपको फून नहीं करेगा.",
      "tokens": [
        50564,
        31970,
        27099,
        48268,
        8703,
        224,
        31945,
        41858,
        33279,
        8485,
        228,
        3941,
        103,
        41858,
        33926,
        31970,
        33926,
        3941,
        230,
        8485,
        105,
        21981,
        31945,
        3941,
        253,
        8485,
        103,
        36158,
        17937,
        3941,
        250,
        3941,
        120,
        33279,
        41858,
        17937,
        25411,
        31881,
        8485,
        228,
        3941,
        103,
        41858,
        33926,
        8485,
        104,
        8703,
        224,
        35082,
        8485,
        101,
        44500,
        31881,
        31945,
        31970,
        25411,
        21981,
        3941,
        245,
        17937,
        13,
        50764
      ],
      "temperature": 0.0,
      "avg_logprob": -0.3410297525340113,
      "compression_ratio": 1.95,
      "no_speech_prob": 0.5650385022163391,
      "confidence": 0.815,
      "words": [
        {
          "text": "क्यूंकि",
          "start": 4.1,
          "end": 4.36,
          "confidence": 0.724
        },
        {
          "text": "आपको",
          "start": 4.36,
          "end": 4.96,
          "confidence": 0.937
        },
        {
          "text": "कोई",
          "start": 4.96,
          "end": 5.3,
          "confidence": 0.842
        },
        {
          "text": "बेंट",
          "start": 5.3,
          "end": 5.52,
          "confidence": 0.733
        },
        {
          "text": "पताज़िकारी",
          "start": 5.52,
          "end": 6.26,
          "confidence": 0.715
        },
        {
          "text": "आपको",
          "start": 6.26,
          "end": 6.8,
          "confidence": 0.948
        },
        {
          "text": "फून",
          "start": 6.8,
          "end": 7.14,
          "confidence": 0.951
        },
        {
          "text": "नहीं",
          "start": 7.14,
          "end": 7.44,
          "confidence": 0.869
        },
        {
          "text": "करेगा.",
          "start": 7.44,
          "end": 8.06,
          "confidence": 0.858
        }
      ]
    },
    {
      "id": 2,
      "seek": 0,
      "start": 8.36,
      "end": 10.36,
      "text": " पीन नमबर इद्गुब्द सुषना",
      "tokens": [
        50764,
        8485,
        103,
        31881,
        35082,
        8485,
        101,
        48521,
        3941,
        105,
        25411,
        8485,
        229,
        3941,
        99,
        27099,
        3941,
        245,
        8703,
        223,
        3941,
        105,
        27099,
        3941,
        99,
        49316,
        8703,
        223,
        3941,
        115,
        35082,
        17937,
        50864
      ],
      "temperature": 0.0,
      "avg_logprob": -0.3410297525340113,
      "compression_ratio": 1.95,
      "no_speech_prob": 0.5650385022163391,
      "confidence": 0.64,
      "words": [
        {
          "text": "पीन",
          "start": 8.36,
          "end": 8.62,
          "confidence": 0.394
        },
        {
          "text": "नमबर",
          "start": 8.62,
          "end": 8.84,
          "confidence": 0.554
        },
        {
          "text": "इद्गुब्द",
          "start": 8.84,
          "end": 10.02,
          "confidence": 0.678
        },
        {
          "text": "सुषना",
          "start": 10.02,
          "end": 10.36,
          "confidence": 0.851
        }
      ]
    }
  ],
  "language": "hi"
}