{
  "text": " मुख मंत्री के साथ पिछे कायेट्रन में हार घर बिज्ज़्ली देना भी है लेकिन ज़रते",
  "segments": [
    {
      "id": 0,
      "seek": 0,
      "start": 0.0,
      "end": 4.6,
      "text": " मुख मंत्री के साथ पिछे कायेट्रन में हार घर बिज्ज़्ली देना भी है",
      "tokens": [
        50364,
        48449,
        8703,
        223,
        3941,
        244,
        48449,
        31945,
        36158,
        27099,
        25411,
        31881,
        31970,
        21981,
        49316,
        17937,
        3941,
        98,
        8485,
        103,
        33279,
        3941,
        249,
        21981,
        31970,
        17937,
        48268,
        21981,
        3941,
        253,
        27099,
        25411,
        35082,
        48449,
        21981,
        31945,
        37139,
        17937,
        25411,
        8485,
        246,
        25411,
        8485,
        105,
        33279,
        3941,
        250,
        27099,
        3941,
        250,
        3941,
        120,
        27099,
        46758,
        31881,
        8485,
        99,
        21981,
        35082,
        17937,
        8485,
        255,
        31881,
        37139,
        43372,
        50614
      ],
      "temperature": 0.0,
      "avg_logprob": -0.41573598908215037,
      "compression_ratio": 1.6016260162601625,
      "no_speech_prob": 0.5125183463096619,
      "confidence": 0.649,
      "words": [
        {
          "text": "मुख",
          "start": 0.0,
          "end": 0.56,
          "confidence": 0.687
        },
        {
          "text": "मंत्री",
          "start": 0.56,
          "end": 0.96,
          "confidence": 0.665
        },
        {
          "text": "के",
          "start": 0.96,
          "end": 1.12,
          "confidence": 0.62
        },
        {
          "text": "साथ",
          "start": 1.12,
          "end": 1.3,
          "confidence": 0.895
        },
        {
          "text": "पिछे",
          "start": 1.3,
          "end": 1.66,
          "confidence": 0.48
        },
        {
          "text": "कायेट्रन",
          "start": 1.66,
          "end": 2.18,
          "confidence": 0.557
        },
        {
          "text": "में",
          "start": 2.18,
          "end": 2.8,
          "confidence": 0.745
        },
        {
          "text": "हार",
          "start": 2.8,
          "end": 3.36,
          "confidence": 0.507
        },
        {
          "text": "घर",
          "start": 3.36,
          "end": 3.54,
          "confidence": 0.476
        },
        {
          "text": "बिज्ज़्ली",
          "start": 3.54,
          "end": 3.94,
          "confidence": 0.622
        },
        {
          "text": "देना",
          "start": 3.94,
          "end": 4.24,
          "confidence": 0.932
        },
        {
          "text": "भी",
          "start": 4.24,
          "end": 4.38,
          "confidence": 0.931
        },
        {
          "text": "है",
          "start": 4.38,
          "end": 4.6,
          "confidence": 0.838
        }
      ]
    },
    {
      "id": 1,
      "seek": 0,
      "start": 5.36,
      "end": 6.14,
      "text": " लेकिन ज़रते",
      "tokens": [
        50614,
        8485,
        110,
        21981,
        41858,
        33279,
        35082,
        8485,
        250,
        3941,
        120,
        25411,
        36158,
        21981,
        50714
      ],
      "temperature": 0.0,
      "avg_logprob": -0.41573598908215037,
      "compression_ratio": 1.6016260162601625,
      "no_speech_prob": 0.5125183463096619,
      "confidence": 0.721,
      "words": [
        {
          "text": "लेकिन",
          "start": 5.36,
          "end": 5.66,
          "confidence": 0.874
        },
        {
          "text": "ज़रते",
          "start": 5.66,
          "end": 6.14,
          "confidence": 0.612
        }
      ]
    }
  ],
  "language": "hi"
}