{
  "text": " आप जाज कलंब खुटावना से मैं संतुष्ट मारमंदल जिहार मुबाल बानी के लिए। सुरुटा किताब के पन्नों से सहानी मैं आप लोगों के सामने प्रसुत कर रहा हूं। यू भी हूता। गुज़क है यू भी हूता। गुज़ में एक डश्चा देर हाथ में जोला लटकाई जी ग्यामिन मुरिला बहत में से डिखी।",
  "segments": [
    {
      "id": 0,
      "seek": 0,
      "start": 0.0,
      "end": 4.32,
      "text": " आप जाज कलंब खुटावना से मैं संतुष्ट मारमंदल जिहार मुबाल बानी के लिए।",
      "tokens": [
        50364,
        8485,
        228,
        3941,
        103,
        8485,
        250,
        17937,
        3941,
        250,
        31970,
        46758,
        31945,
        3941,
        105,
        8485,
        244,
        8703,
        223,
        3941,
        253,
        17937,
        3941,
        113,
        35082,
        17937,
        49316,
        21981,
        48449,
        43372,
        31945,
        49316,
        31945,
        36158,
        8703,
        223,
        3941,
        115,
        27099,
        3941,
        253,
        48449,
        17937,
        25411,
        48521,
        31945,
        3941,
        99,
        46758,
        8485,
        250,
        33279,
        44500,
        17937,
        25411,
        48449,
        8703,
        223,
        3941,
        105,
        17937,
        46758,
        8485,
        105,
        17937,
        35082,
        31881,
        31970,
        21981,
        8485,
        110,
        33279,
        3941,
        237,
        8703,
        97,
        50564
      ],
      "temperature": 0.0,
      "avg_logprob": -0.3251663547092014,
      "compression_ratio": 2.2850877192982457,
      "no_speech_prob": 0.2245645970106125,
      "confidence": 0.695,
      "words": [
        {
          "text": "आप",
          "start": 0.0,
          "end": 0.44,
          "confidence": 0.582
        },
        {
          "text": "जाज",
          "start": 0.44,
          "end": 0.64,
          "confidence": 0.626
        },
        {
          "text": "कलंब",
          "start": 0.64,
          "end": 0.92,
          "confidence": 0.646
        },
        {
          "text": "खुटावना",
          "start": 0.92,
          "end": 1.42,
          "confidence": 0.671
        },
        {
          "text": "से",
          "start": 1.42,
          "end": 1.6,
          "confidence": 0.514
        },
        {
          "text": "मैं",
          "start": 1.6,
          "end": 1.74,
          "confidence": 0.823
        },
        {
          "text": "संतुष्ट",
          "start": 1.74,
          "end": 2.2,
          "confidence": 0.661
        },
        {
          "text": "मारमंदल",
          "start": 2.2,
          "end": 2.78,
          "confidence": 0.688
        },
        {
          "text": "जिहार",
          "start": 2.78,
          "end": 3.18,
          "confidence": 0.904
        },
        {
          "text": "मुबाल",
          "start": 3.18,
          "end": 3.56,
          "confidence": 0.779
        },
        {
          "text": "बानी",
          "start": 3.56,
          "end": 3.84,
          "confidence": 0.654
        },
        {
          "text": "के",
          "start": 3.84,
          "end": 4.06,
          "confidence": 0.652
        },
        {
          "text": "लिए।",
          "start": 4.06,
          "end": 4.32,
          "confidence": 0.775
        }
      ]
    },
    {
      "id": 1,
      "seek": 0,
      "start": 4.36,
      "end": 9.18,
      "text": " सुरुटा किताब के पन्नों से सहानी मैं आप लोगों के सामने प्रसुत कर रहा हूं।",
      "tokens": [
        50564,
        49316,
        8703,
        223,
        25411,
        8703,
        223,
        3941,
        253,
        17937,
        31970,
        33279,
        36158,
        17937,
        3941,
        105,
        31970,
        21981,
        8485,
        103,
        35082,
        27099,
        35082,
        33926,
        31945,
        49316,
        21981,
        49316,
        44500,
        17937,
        35082,
        31881,
        48449,
        43372,
        31945,
        8485,
        228,
        3941,
        103,
        8485,
        110,
        33926,
        3941,
        245,
        33926,
        31945,
        31970,
        21981,
        49316,
        17937,
        48521,
        35082,
        21981,
        8485,
        103,
        27099,
        25411,
        45938,
        8703,
        223,
        36158,
        31970,
        25411,
        8485,
        108,
        44500,
        17937,
        37139,
        8703,
        224,
        31945,
        8703,
        97,
        50814
      ],
      "temperature": 0.0,
      "avg_logprob": -0.3251663547092014,
      "compression_ratio": 2.2850877192982457,
      "no_speech_prob": 0.2245645970106125,
      "confidence": 0.771,
      "words": [
        {
          "text": "सुरुटा",
          "start": 4.36,
          "end": 4.78,
          "confidence": 0.58
        },
        {
          "text": "किताब",
          "start": 4.78,
          "end": 5.24,
          "confidence": 0.846
        },
        {
          "text": "के",
          "start": 5.24,
          "end": 5.38,
          "confidence": 0.844
        },
        {
          "text": "पन्नों",
          "start": 5.38,
          "end": 5.8,
          "confidence": 0.76
        },
        {
          "text": "से",
          "start": 5.8,
          "end": 6.1,
          "confidence": 0.899
        },
        {
          "text": "सहानी",
          "start": 6.1,
          "end": 6.56,
          "confidence": 0.808
        },
        {
          "text": "मैं",
          "start": 6.56,
          "end": 6.82,
          "confidence": 0.857
        },
        {
          "text": "आप",
          "start": 6.82,
          "end": 7.18,
          "confidence": 0.978
        },
        {
          "text": "लोगों",
          "start": 7.18,
          "end": 7.48,
          "confidence": 0.93
        },
        {
          "text": "के",
          "start": 7.48,
          "end": 7.58,
          "confidence": 0.881
        },
        {
          "text": "सामने",
          "start": 7.58,
          "end": 8.08,
          "confidence": 0.809
        },
        {
          "text": "प्रसुत",
          "start": 8.08,
          "end": 8.62,
          "confidence": 0.596
        },
        {
          "text": "कर",
          "start": 8.62,
          "end": 8.84,
          "confidence": 0.943
        },
        {
          "text": "रहा",
          "start": 8.84,
          "end": 8.98,
          "confidence": 0.884
        },
        {
          "text": "हूं।",
          "start": 8.98,
          "end": 9.18,
          "confidence": 0.697
        }
      ]
    },
    {
      "id": 2,
      "seek": 0,
      "start": 9.18,
      "end": 11.96,
      "text": " यू भी हूता। गुज़क है यू भी हूता।",
      "tokens": [
        50814,
        8485,
        107,
        8703,
        224,
        8485,
        255,
        31881,
        37139,
        8703,
        224,
        36158,
        17937,
        8703,
        97,
        8485,
        245,
        8703,
        223,
        3941,
        250,
        3941,
        120,
        41858,
        37139,
        43372,
        8485,
        107,
        8703,
        224,
        8485,
        255,
        31881,
        37139,
        8703,
        224,
        36158,
        17937,
        8703,
        97,
        50964
      ],
      "temperature": 0.0,
      "avg_logprob": -0.3251663547092014,
      "compression_ratio": 2.2850877192982457,
      "no_speech_prob": 0.2245645970106125,
      "confidence": 0.721,
      "words": [
        {
          "text": "यू",
          "start": 9.18,
          "end": 9.44,
          "confidence": 0.841
        },
        {
          "text": "भी",
          "start": 9.44,
          "end": 9.56,
          "confidence": 0.783
        },
        {
          "text": "हूता।",
          "start": 9.56,
          "end": 10.4,
          "confidence": 0.681
        },
        {
          "text": "गुज़क",
          "start": 10.4,
          "end": 10.7,
          "confidence": 0.465
        },
        {
          "text": "है",
          "start": 10.7,
          "end": 11.0,
          "confidence": 0.879
        },
        {
          "text": "यू",
          "start": 11.0,
          "end": 11.34,
          "confidence": 0.834
        },
        {
          "text": "भी",
          "start": 11.34,
          "end": 11.42,
          "confidence": 0.941
        },
        {
          "text": "हूता।",
          "start": 11.42,
          "end": 11.96,
          "confidence": 0.921
        }
      ]
    },
    {
      "id": 3,
      "seek": 1200,
      "start": 12.0,
      "end": 16.78,
      "text": " गुज़ में एक डश्चा देर हाथ में जोला लटकाई जी ग्यामिन मुरिला बहत में से डिखी।",
      "tokens": [
        50364,
        8485,
        245,
        8703,
        223,
        3941,
        250,
        3941,
        120,
        48449,
        21981,
        31945,
        8485,
        237,
        41858,
        8485,
        94,
        3941,
        114,
        27099,
        3941,
        248,
        17937,
        8485,
        99,
        21981,
        25411,
        37139,
        17937,
        3941,
        98,
        48449,
        21981,
        31945,
        8485,
        250,
        33926,
        46758,
        17937,
        8485,
        110,
        3941,
        253,
        41858,
        17937,
        3941,
        230,
        8485,
        250,
        31881,
        8485,
        245,
        27099,
        48268,
        17937,
        48521,
        33279,
        35082,
        48449,
        8703,
        223,
        25411,
        33279,
        46758,
        17937,
        8485,
        105,
        3941,
        117,
        36158,
        48449,
        21981,
        31945,
        49316,
        21981,
        8485,
        94,
        33279,
        3941,
        244,
        31881,
        8703,
        97,
        50614
      ],
      "temperature": 0.0,
      "avg_logprob": -0.5127071605009191,
      "compression_ratio": 1.598360655737705,
      "no_speech_prob": 0.9590675234794617,
      "confidence": 0.595,
      "words": [
        {
          "text": "गुज़",
          "start": 12.0,
          "end": 12.3,
          "confidence": 0.708
        },
        {
          "text": "में",
          "start": 12.3,
          "end": 12.4,
          "confidence": 0.556
        },
        {
          "text": "एक",
          "start": 12.4,
          "end": 12.64,
          "confidence": 0.79
        },
        {
          "text": "डश्चा",
          "start": 12.64,
          "end": 13.14,
          "confidence": 0.47
        },
        {
          "text": "देर",
          "start": 13.14,
          "end": 13.5,
          "confidence": 0.344
        },
        {
          "text": "हाथ",
          "start": 13.5,
          "end": 13.76,
          "confidence": 0.812
        },
        {
          "text": "में",
          "start": 13.76,
          "end": 13.96,
          "confidence": 0.937
        },
        {
          "text": "जोला",
          "start": 13.96,
          "end": 14.34,
          "confidence": 0.801
        },
        {
          "text": "लटकाई",
          "start": 14.34,
          "end": 14.82,
          "confidence": 0.828
        },
        {
          "text": "जी",
          "start": 14.82,
          "end": 15.04,
          "confidence": 0.759
        },
        {
          "text": "ग्यामिन",
          "start": 15.04,
          "end": 15.46,
          "confidence": 0.442
        },
        {
          "text": "मुरिला",
          "start": 15.46,
          "end": 15.9,
          "confidence": 0.606
        },
        {
          "text": "बहत",
          "start": 15.9,
          "end": 16.24,
          "confidence": 0.459
        },
        {
          "text": "में",
          "start": 16.24,
          "end": 16.38,
          "confidence": 0.888
        },
        {
          "text": "से",
          "start": 16.38,
          "end": 16.58,
          "confidence": 0.403
        },
        {
          "text": "डिखी।",
          "start": 16.58,
          "end": 16.78,
          "confidence": 0.445
        }
      ]
    }
  ],
  "language": "hi"
}