{
  "text": " आज आचकल प्रताउना नर्वनी शीची मैं संतुष कुमार मंदल समायी समाजी में बाल विल्बाँ जित पर अब बत्तु शीकर शीची आड़ा है वार समायी समाजी में जिहार दिशी",
  "segments": [
    {
      "id": 0,
      "seek": 0,
      "start": 0.0,
      "end": 3.86,
      "text": " आज आचकल प्रताउना नर्वनी शीची मैं संतुष कुमार मंदल",
      "tokens": [
        50364,
        8485,
        228,
        3941,
        250,
        8485,
        228,
        3941,
        248,
        41858,
        46758,
        8485,
        103,
        27099,
        25411,
        36158,
        17937,
        3941,
        231,
        35082,
        17937,
        8485,
        101,
        25411,
        27099,
        3941,
        113,
        35082,
        31881,
        8485,
        114,
        31881,
        3941,
        248,
        31881,
        48449,
        43372,
        31945,
        49316,
        31945,
        36158,
        8703,
        223,
        3941,
        115,
        31970,
        8703,
        223,
        48521,
        17937,
        25411,
        48449,
        31945,
        3941,
        99,
        46758,
        50564
      ],
      "temperature": 0.0,
      "avg_logprob": -0.5369600149301382,
      "compression_ratio": 2.1882352941176473,
      "no_speech_prob": 0.556397557258606,
      "confidence": 0.57,
      "words": [
        {
          "text": "आज",
          "start": 0.0,
          "end": 0.68,
          "confidence": 0.56
        },
        {
          "text": "आचकल",
          "start": 0.68,
          "end": 1.0,
          "confidence": 0.573
        },
        {
          "text": "प्रताउना",
          "start": 1.0,
          "end": 1.5,
          "confidence": 0.54
        },
        {
          "text": "नर्वनी",
          "start": 1.5,
          "end": 2.06,
          "confidence": 0.644
        },
        {
          "text": "शीची",
          "start": 2.06,
          "end": 2.54,
          "confidence": 0.361
        },
        {
          "text": "मैं",
          "start": 2.54,
          "end": 2.88,
          "confidence": 0.581
        },
        {
          "text": "संतुष",
          "start": 2.88,
          "end": 3.24,
          "confidence": 0.619
        },
        {
          "text": "कुमार",
          "start": 3.24,
          "end": 3.5,
          "confidence": 0.761
        },
        {
          "text": "मंदल",
          "start": 3.5,
          "end": 3.86,
          "confidence": 0.569
        }
      ]
    },
    {
      "id": 1,
      "seek": 0,
      "start": 4.6,
      "end": 11.3,
      "text": " समायी समाजी में बाल विल्बाँ जित पर अब बत्तु शीकर शीची आड़ा है वार समायी समाजी में जिहार दिशी",
      "tokens": [
        50564,
        49316,
        48521,
        17937,
        48268,
        31881,
        49316,
        48521,
        17937,
        3941,
        250,
        31881,
        48449,
        21981,
        31945,
        8485,
        105,
        17937,
        46758,
        8485,
        113,
        33279,
        46758,
        27099,
        3941,
        105,
        17937,
        3941,
        223,
        8485,
        250,
        33279,
        36158,
        8485,
        103,
        25411,
        8485,
        227,
        3941,
        105,
        8485,
        105,
        36158,
        27099,
        36158,
        8703,
        223,
        8485,
        114,
        31881,
        41858,
        25411,
        8485,
        114,
        31881,
        3941,
        248,
        31881,
        8485,
        228,
        3941,
        94,
        3941,
        120,
        17937,
        37139,
        43372,
        8485,
        113,
        17937,
        25411,
        49316,
        48521,
        17937,
        48268,
        31881,
        49316,
        48521,
        17937,
        3941,
        250,
        31881,
        48449,
        21981,
        31945,
        8485,
        250,
        33279,
        44500,
        17937,
        25411,
        8485,
        99,
        33279,
        3941,
        114,
        31881,
        50964
      ],
      "temperature": 0.0,
      "avg_logprob": -0.5369600149301382,
      "compression_ratio": 2.1882352941176473,
      "no_speech_prob": 0.556397557258606,
      "confidence": 0.595,
      "words": [
        {
          "text": "समायी",
          "start": 4.6,
          "end": 4.92,
          "confidence": 0.493
        },
        {
          "text": "समाजी",
          "start": 4.92,
          "end": 5.18,
          "confidence": 0.701
        },
        {
          "text": "में",
          "start": 5.18,
          "end": 5.34,
          "confidence": 0.926
        },
        {
          "text": "बाल",
          "start": 5.34,
          "end": 5.56,
          "confidence": 0.915
        },
        {
          "text": "विल्बाँ",
          "start": 5.56,
          "end": 6.58,
          "confidence": 0.536
        },
        {
          "text": "जित",
          "start": 6.58,
          "end": 6.8,
          "confidence": 0.405
        },
        {
          "text": "पर",
          "start": 6.8,
          "end": 6.92,
          "confidence": 0.555
        },
        {
          "text": "अब",
          "start": 6.92,
          "end": 7.12,
          "confidence": 0.546
        },
        {
          "text": "बत्तु",
          "start": 7.12,
          "end": 7.4,
          "confidence": 0.629
        },
        {
          "text": "शीकर",
          "start": 7.4,
          "end": 7.72,
          "confidence": 0.424
        },
        {
          "text": "शीची",
          "start": 7.72,
          "end": 7.92,
          "confidence": 0.522
        },
        {
          "text": "आड़ा",
          "start": 7.92,
          "end": 8.22,
          "confidence": 0.606
        },
        {
          "text": "है",
          "start": 8.22,
          "end": 8.44,
          "confidence": 0.503
        },
        {
          "text": "वार",
          "start": 8.44,
          "end": 8.88,
          "confidence": 0.418
        },
        {
          "text": "समायी",
          "start": 8.88,
          "end": 9.42,
          "confidence": 0.722
        },
        {
          "text": "समाजी",
          "start": 9.42,
          "end": 10.04,
          "confidence": 0.941
        },
        {
          "text": "में",
          "start": 10.04,
          "end": 10.74,
          "confidence": 0.72
        },
        {
          "text": "जिहार",
          "start": 10.74,
          "end": 11.04,
          "confidence": 0.606
        },
        {
          "text": "दिशी",
          "start": 11.04,
          "end": 11.3,
          "confidence": 0.53
        }
      ]
    }
  ],
  "language": "hi"
}