{
  "text": " या कोनर से यही है मेरी कहानी, कुछ लिखे कुछ जवानी यही है मेरी कहानी, थोड़ी सी जानी हैं थोड़ी सी लई.",
  "segments": [
    {
      "id": 0,
      "seek": 0,
      "start": 0.0,
      "end": 11.02,
      "text": " या कोनर से यही है मेरी कहानी, कुछ लिखे कुछ जवानी यही है मेरी कहानी, थोड़ी सी जानी हैं थोड़ी सी लई.",
      "tokens": [
        50364,
        8485,
        107,
        17937,
        31970,
        33926,
        35082,
        25411,
        49316,
        21981,
        8485,
        107,
        44500,
        31881,
        37139,
        43372,
        48449,
        21981,
        25411,
        31881,
        31970,
        44500,
        17937,
        35082,
        31881,
        11,
        31970,
        8703,
        223,
        3941,
        249,
        8485,
        110,
        33279,
        3941,
        244,
        21981,
        31970,
        8703,
        223,
        3941,
        249,
        8485,
        250,
        3941,
        113,
        17937,
        35082,
        31881,
        8485,
        107,
        44500,
        31881,
        37139,
        43372,
        48449,
        21981,
        25411,
        31881,
        31970,
        44500,
        17937,
        35082,
        31881,
        11,
        8485,
        98,
        33926,
        3941,
        94,
        3941,
        120,
        31881,
        49316,
        31881,
        8485,
        250,
        17937,
        35082,
        31881,
        37139,
        43372,
        31945,
        8485,
        98,
        33926,
        3941,
        94,
        3941,
        120,
        31881,
        49316,
        31881,
        8485,
        110,
        3941,
        230,
        13,
        50914
      ],
      "temperature": 0.0,
      "avg_logprob": -0.23725130081176757,
      "compression_ratio": 2.1206896551724137,
      "no_speech_prob": 0.4343642294406891,
      "confidence": 0.818,
      "words": [
        {
          "text": "या",
          "start": 0.0,
          "end": 0.58,
          "confidence": 0.485
        },
        {
          "text": "कोनर",
          "start": 0.58,
          "end": 1.16,
          "confidence": 0.748
        },
        {
          "text": "से",
          "start": 1.16,
          "end": 1.36,
          "confidence": 0.352
        },
        {
          "text": "यही",
          "start": 1.36,
          "end": 2.34,
          "confidence": 0.809
        },
        {
          "text": "है",
          "start": 2.34,
          "end": 2.44,
          "confidence": 0.872
        },
        {
          "text": "मेरी",
          "start": 2.44,
          "end": 2.82,
          "confidence": 0.859
        },
        {
          "text": "कहानी,",
          "start": 2.82,
          "end": 3.4,
          "confidence": 0.778
        },
        {
          "text": "कुछ",
          "start": 4.0,
          "end": 4.24,
          "confidence": 0.918
        },
        {
          "text": "लिखे",
          "start": 4.24,
          "end": 4.74,
          "confidence": 0.908
        },
        {
          "text": "कुछ",
          "start": 4.74,
          "end": 5.38,
          "confidence": 0.766
        },
        {
          "text": "जवानी",
          "start": 5.38,
          "end": 5.88,
          "confidence": 0.801
        },
        {
          "text": "यही",
          "start": 5.88,
          "end": 6.32,
          "confidence": 0.82
        },
        {
          "text": "है",
          "start": 6.32,
          "end": 6.48,
          "confidence": 0.918
        },
        {
          "text": "मेरी",
          "start": 6.48,
          "end": 6.86,
          "confidence": 0.93
        },
        {
          "text": "कहानी,",
          "start": 6.86,
          "end": 7.8,
          "confidence": 0.892
        },
        {
          "text": "थोड़ी",
          "start": 7.88,
          "end": 8.3,
          "confidence": 0.856
        },
        {
          "text": "सी",
          "start": 8.3,
          "end": 8.44,
          "confidence": 0.818
        },
        {
          "text": "जानी",
          "start": 8.44,
          "end": 8.88,
          "confidence": 0.927
        },
        {
          "text": "हैं",
          "start": 8.88,
          "end": 9.72,
          "confidence": 0.725
        },
        {
          "text": "थोड़ी",
          "start": 9.72,
          "end": 10.04,
          "confidence": 0.95
        },
        {
          "text": "सी",
          "start": 10.04,
          "end": 10.4,
          "confidence": 0.884
        },
        {
          "text": "लई.",
          "start": 10.4,
          "end": 11.02,
          "confidence": 0.77
        }
      ]
    }
  ],
  "language": "hi"
}