{
  "text": " पर यह जीता जाता है। उधारने इस तरह से इस पर तोहां दूर तक जो भोड़ी के पुरा पंचाइब के स्वास्त के लाब लेने के लिए जाएंगे तो वो बेटी स्वास्त के लाब लेने के लिए जाएंगे।",
  "segments": [
    {
      "id": 0,
      "seek": 0,
      "start": 0.0,
      "end": 3.86,
      "text": " पर यह जीता जाता है। उधारने इस तरह से इस पर तोहां दूर तक",
      "tokens": [
        50364,
        8485,
        103,
        25411,
        8485,
        107,
        44500,
        8485,
        250,
        31881,
        36158,
        17937,
        8485,
        250,
        17937,
        36158,
        17937,
        37139,
        43372,
        8703,
        97,
        8485,
        231,
        3941,
        100,
        17937,
        25411,
        35082,
        21981,
        8485,
        229,
        45938,
        8485,
        97,
        25411,
        44500,
        49316,
        21981,
        8485,
        229,
        45938,
        8485,
        103,
        25411,
        8485,
        97,
        33926,
        44500,
        17937,
        31945,
        8485,
        99,
        8703,
        224,
        25411,
        8485,
        97,
        41858,
        50564
      ],
      "temperature": 0.0,
      "avg_logprob": -0.35229648147498704,
      "compression_ratio": 2.4352941176470586,
      "no_speech_prob": 0.16588225960731506,
      "confidence": 0.56,
      "words": [
        {
          "text": "पर",
          "start": 0.0,
          "end": 0.5,
          "confidence": 0.347
        },
        {
          "text": "यह",
          "start": 0.5,
          "end": 0.74,
          "confidence": 0.535
        },
        {
          "text": "जीता",
          "start": 0.74,
          "end": 1.18,
          "confidence": 0.89
        },
        {
          "text": "जाता",
          "start": 1.18,
          "end": 1.54,
          "confidence": 0.686
        },
        {
          "text": "है।",
          "start": 1.54,
          "end": 1.64,
          "confidence": 0.7
        },
        {
          "text": "उधारने",
          "start": 1.64,
          "end": 1.98,
          "confidence": 0.641
        },
        {
          "text": "इस",
          "start": 1.98,
          "end": 2.4,
          "confidence": 0.417
        },
        {
          "text": "तरह",
          "start": 2.4,
          "end": 2.42,
          "confidence": 0.838
        },
        {
          "text": "से",
          "start": 2.42,
          "end": 3.0,
          "confidence": 0.811
        },
        {
          "text": "इस",
          "start": 3.0,
          "end": 3.26,
          "confidence": 0.32
        },
        {
          "text": "पर",
          "start": 3.26,
          "end": 3.28,
          "confidence": 0.264
        },
        {
          "text": "तोहां",
          "start": 3.28,
          "end": 3.44,
          "confidence": 0.321
        },
        {
          "text": "दूर",
          "start": 3.44,
          "end": 3.76,
          "confidence": 0.774
        },
        {
          "text": "तक",
          "start": 3.76,
          "end": 3.86,
          "confidence": 0.655
        }
      ]
    },
    {
      "id": 1,
      "seek": 0,
      "start": 4.72,
      "end": 8.03,
      "text": " जो भोड़ी के पुरा पंचाइब के स्वास्त के लाब लेने के लिए जाएंगे",
      "tokens": [
        50564,
        8485,
        250,
        33926,
        8485,
        255,
        33926,
        3941,
        94,
        3941,
        120,
        31881,
        31970,
        21981,
        8485,
        103,
        8703,
        223,
        25411,
        17937,
        8485,
        103,
        31945,
        3941,
        248,
        17937,
        3941,
        229,
        3941,
        105,
        31970,
        21981,
        49316,
        27099,
        3941,
        113,
        17937,
        45938,
        27099,
        36158,
        31970,
        21981,
        8485,
        110,
        17937,
        3941,
        105,
        8485,
        110,
        21981,
        35082,
        21981,
        31970,
        21981,
        8485,
        110,
        33279,
        3941,
        237,
        8485,
        250,
        17937,
        3941,
        237,
        31945,
        3941,
        245,
        21981,
        50764
      ],
      "temperature": 0.0,
      "avg_logprob": -0.35229648147498704,
      "compression_ratio": 2.4352941176470586,
      "no_speech_prob": 0.16588225960731506,
      "confidence": 0.736,
      "words": [
        {
          "text": "जो",
          "start": 4.72,
          "end": 5.0,
          "confidence": 0.652
        },
        {
          "text": "भोड़ी",
          "start": 5.0,
          "end": 5.78,
          "confidence": 0.629
        },
        {
          "text": "के",
          "start": 5.78,
          "end": 5.8,
          "confidence": 0.575
        },
        {
          "text": "पुरा",
          "start": 5.8,
          "end": 5.96,
          "confidence": 0.642
        },
        {
          "text": "पंचाइब",
          "start": 5.96,
          "end": 6.38,
          "confidence": 0.736
        },
        {
          "text": "के",
          "start": 6.38,
          "end": 6.52,
          "confidence": 0.734
        },
        {
          "text": "स्वास्त",
          "start": 6.52,
          "end": 7.16,
          "confidence": 0.565
        },
        {
          "text": "के",
          "start": 7.16,
          "end": 7.2,
          "confidence": 0.778
        },
        {
          "text": "लाब",
          "start": 7.2,
          "end": 7.42,
          "confidence": 0.915
        },
        {
          "text": "लेने",
          "start": 7.42,
          "end": 7.72,
          "confidence": 0.906
        },
        {
          "text": "के",
          "start": 7.72,
          "end": 7.86,
          "confidence": 0.741
        },
        {
          "text": "लिए",
          "start": 7.86,
          "end": 7.88,
          "confidence": 0.907
        },
        {
          "text": "जाएंगे",
          "start": 7.88,
          "end": 8.03,
          "confidence": 0.896
        }
      ]
    },
    {
      "id": 2,
      "seek": 0,
      "start": 8.03,
      "end": 11.48,
      "text": " तो वो बेटी स्वास्त के लाब लेने के लिए जाएंगे।",
      "tokens": [
        50764,
        8485,
        97,
        33926,
        8485,
        113,
        33926,
        8485,
        105,
        21981,
        3941,
        253,
        31881,
        49316,
        27099,
        3941,
        113,
        17937,
        45938,
        27099,
        36158,
        31970,
        21981,
        8485,
        110,
        17937,
        3941,
        105,
        8485,
        110,
        21981,
        35082,
        21981,
        31970,
        21981,
        8485,
        110,
        33279,
        3941,
        237,
        8485,
        250,
        17937,
        3941,
        237,
        31945,
        3941,
        245,
        21981,
        8703,
        97,
        50914
      ],
      "temperature": 0.0,
      "avg_logprob": -0.35229648147498704,
      "compression_ratio": 2.4352941176470586,
      "no_speech_prob": 0.16588225960731506,
      "confidence": 0.877,
      "words": [
        {
          "text": "तो",
          "start": 8.03,
          "end": 8.52,
          "confidence": 0.943
        },
        {
          "text": "वो",
          "start": 8.52,
          "end": 8.66,
          "confidence": 0.935
        },
        {
          "text": "बेटी",
          "start": 8.66,
          "end": 9.04,
          "confidence": 0.738
        },
        {
          "text": "स्वास्त",
          "start": 9.04,
          "end": 9.54,
          "confidence": 0.933
        },
        {
          "text": "के",
          "start": 9.54,
          "end": 9.62,
          "confidence": 0.869
        },
        {
          "text": "लाब",
          "start": 9.62,
          "end": 9.94,
          "confidence": 0.959
        },
        {
          "text": "लेने",
          "start": 9.94,
          "end": 10.2,
          "confidence": 0.946
        },
        {
          "text": "के",
          "start": 10.2,
          "end": 10.24,
          "confidence": 0.884
        },
        {
          "text": "लिए",
          "start": 10.24,
          "end": 10.36,
          "confidence": 0.903
        },
        {
          "text": "जाएंगे।",
          "start": 10.36,
          "end": 11.48,
          "confidence": 0.813
        }
      ]
    }
  ],
  "language": "hi"
}