{
  "text": " आजात कलब माधोनिक से मैंके संतर मंदल अभी जो हमारी भीहर मुवल्यमाणी के माझ्यम से गली गली सिंसिंसा पुराम कर ला है बहुती अच्छा लगता है हम लोगों ने इस पुराम के अंतरजात",
  "segments": [
    {
      "id": 0,
      "seek": 0,
      "start": 0.0,
      "end": 11.6,
      "text": " आजात कलब माधोनिक से मैंके संतर मंदल अभी जो हमारी भीहर मुवल्यमाणी के माझ्यम से गली गली सिंसिंसा पुराम कर ला है बहुती अच्छा लगता है हम लोगों ने इस पुराम के अंतरजात",
      "tokens": [
        50364,
        8485,
        228,
        3941,
        250,
        17937,
        36158,
        31970,
        46758,
        3941,
        105,
        48449,
        17937,
        3941,
        100,
        33926,
        35082,
        33279,
        41858,
        49316,
        21981,
        48449,
        43372,
        31945,
        41858,
        21981,
        49316,
        31945,
        36158,
        25411,
        48449,
        31945,
        3941,
        99,
        46758,
        8485,
        227,
        3941,
        255,
        31881,
        8485,
        250,
        33926,
        37139,
        48521,
        17937,
        25411,
        31881,
        8485,
        255,
        31881,
        44500,
        25411,
        48449,
        8703,
        223,
        3941,
        113,
        46758,
        27099,
        48268,
        48521,
        17937,
        3941,
        96,
        31881,
        31970,
        21981,
        48449,
        17937,
        3941,
        251,
        27099,
        48268,
        48521,
        49316,
        21981,
        8485,
        245,
        46758,
        31881,
        8485,
        245,
        46758,
        31881,
        49316,
        33279,
        31945,
        45938,
        33279,
        31945,
        45938,
        17937,
        8485,
        103,
        8703,
        223,
        25411,
        17937,
        48521,
        31970,
        25411,
        8485,
        110,
        17937,
        37139,
        43372,
        8485,
        105,
        44500,
        8703,
        223,
        36158,
        31881,
        8485,
        227,
        3941,
        248,
        27099,
        3941,
        249,
        17937,
        8485,
        110,
        3941,
        245,
        36158,
        17937,
        37139,
        43372,
        37139,
        48521,
        8485,
        110,
        33926,
        3941,
        245,
        33926,
        31945,
        8485,
        101,
        21981,
        8485,
        229,
        45938,
        8485,
        103,
        8703,
        223,
        25411,
        17937,
        48521,
        31970,
        21981,
        8485,
        227,
        31945,
        36158,
        25411,
        3941,
        250,
        17937,
        36158,
        50964
      ],
      "temperature": 0.0,
      "avg_logprob": -0.36273528590346826,
      "compression_ratio": 2.1487179487179486,
      "no_speech_prob": 0.5345030426979065,
      "confidence": 0.7,
      "words": [
        {
          "text": "आजात",
          "start": 0.0,
          "end": 0.94,
          "confidence": 0.672
        },
        {
          "text": "कलब",
          "start": 0.94,
          "end": 1.1,
          "confidence": 0.613
        },
        {
          "text": "माधोनिक",
          "start": 1.1,
          "end": 1.6,
          "confidence": 0.433
        },
        {
          "text": "से",
          "start": 1.6,
          "end": 1.7,
          "confidence": 0.477
        },
        {
          "text": "मैंके",
          "start": 1.7,
          "end": 1.9,
          "confidence": 0.386
        },
        {
          "text": "संतर",
          "start": 1.9,
          "end": 2.26,
          "confidence": 0.714
        },
        {
          "text": "मंदल",
          "start": 2.26,
          "end": 2.66,
          "confidence": 0.638
        },
        {
          "text": "अभी",
          "start": 2.66,
          "end": 3.38,
          "confidence": 0.595
        },
        {
          "text": "जो",
          "start": 3.38,
          "end": 3.56,
          "confidence": 0.805
        },
        {
          "text": "हमारी",
          "start": 3.56,
          "end": 3.78,
          "confidence": 0.885
        },
        {
          "text": "भीहर",
          "start": 3.78,
          "end": 4.12,
          "confidence": 0.689
        },
        {
          "text": "मुवल्यमाणी",
          "start": 4.12,
          "end": 4.58,
          "confidence": 0.538
        },
        {
          "text": "के",
          "start": 4.58,
          "end": 4.7,
          "confidence": 0.883
        },
        {
          "text": "माझ्यम",
          "start": 4.7,
          "end": 5.06,
          "confidence": 0.67
        },
        {
          "text": "से",
          "start": 5.06,
          "end": 5.24,
          "confidence": 0.796
        },
        {
          "text": "गली",
          "start": 5.24,
          "end": 5.46,
          "confidence": 0.901
        },
        {
          "text": "गली",
          "start": 5.46,
          "end": 5.72,
          "confidence": 0.854
        },
        {
          "text": "सिंसिंसा",
          "start": 5.72,
          "end": 6.12,
          "confidence": 0.556
        },
        {
          "text": "पुराम",
          "start": 6.12,
          "end": 6.5,
          "confidence": 0.785
        },
        {
          "text": "कर",
          "start": 6.5,
          "end": 6.72,
          "confidence": 0.724
        },
        {
          "text": "ला",
          "start": 6.72,
          "end": 6.82,
          "confidence": 0.721
        },
        {
          "text": "है",
          "start": 6.82,
          "end": 6.88,
          "confidence": 0.825
        },
        {
          "text": "बहुती",
          "start": 6.88,
          "end": 7.14,
          "confidence": 0.749
        },
        {
          "text": "अच्छा",
          "start": 7.14,
          "end": 7.4,
          "confidence": 0.961
        },
        {
          "text": "लगता",
          "start": 7.4,
          "end": 7.84,
          "confidence": 0.951
        },
        {
          "text": "है",
          "start": 7.84,
          "end": 8.06,
          "confidence": 0.902
        },
        {
          "text": "हम",
          "start": 8.06,
          "end": 8.92,
          "confidence": 0.54
        },
        {
          "text": "लोगों",
          "start": 8.92,
          "end": 9.16,
          "confidence": 0.67
        },
        {
          "text": "ने",
          "start": 9.16,
          "end": 9.36,
          "confidence": 0.748
        },
        {
          "text": "इस",
          "start": 9.36,
          "end": 9.64,
          "confidence": 0.948
        },
        {
          "text": "पुराम",
          "start": 9.64,
          "end": 10.02,
          "confidence": 0.949
        },
        {
          "text": "के",
          "start": 10.02,
          "end": 10.2,
          "confidence": 0.836
        },
        {
          "text": "अंतरजात",
          "start": 10.2,
          "end": 11.6,
          "confidence": 0.835
        }
      ]
    }
  ],
  "language": "hi"
}