{
  "text": " इपचेल लेने वालों की संख्याम में अब समय आ गया है इन पच्चों का जिमा सरकारले और गर्फाद पर रूप लगा देते हैं। कौन जानता है?",
  "segments": [
    {
      "id": 0,
      "seek": 0,
      "start": 0.0,
      "end": 10.4,
      "text": " इपचेल लेने वालों की संख्याम में अब समय आ गया है इन पच्चों का जिमा सरकारले और गर्फाद पर रूप लगा देते हैं। कौन जानता है?",
      "tokens": [
        50364,
        8485,
        229,
        3941,
        103,
        3941,
        248,
        21981,
        46758,
        8485,
        110,
        21981,
        35082,
        21981,
        8485,
        113,
        17937,
        46758,
        33926,
        31945,
        31970,
        31881,
        49316,
        31945,
        3941,
        244,
        27099,
        48268,
        17937,
        48521,
        48449,
        21981,
        31945,
        8485,
        227,
        3941,
        105,
        49316,
        48521,
        48268,
        8485,
        228,
        8485,
        245,
        48268,
        17937,
        37139,
        43372,
        8485,
        229,
        35082,
        8485,
        103,
        3941,
        248,
        27099,
        3941,
        248,
        33926,
        31945,
        31970,
        17937,
        8485,
        250,
        33279,
        48521,
        17937,
        49316,
        25411,
        41858,
        17937,
        25411,
        46758,
        21981,
        8485,
        242,
        25411,
        8485,
        245,
        25411,
        27099,
        3941,
        104,
        17937,
        3941,
        99,
        8485,
        103,
        25411,
        8485,
        108,
        8703,
        224,
        3941,
        103,
        8485,
        110,
        3941,
        245,
        17937,
        8485,
        99,
        21981,
        36158,
        21981,
        37139,
        43372,
        31945,
        8703,
        97,
        31970,
        8703,
        234,
        35082,
        8485,
        250,
        17937,
        35082,
        36158,
        17937,
        37139,
        43372,
        30,
        50864
      ],
      "temperature": 0.0,
      "avg_logprob": -0.28795883178710935,
      "compression_ratio": 1.852760736196319,
      "no_speech_prob": 0.2790224552154541,
      "confidence": 0.762,
      "words": [
        {
          "text": "इपचेल",
          "start": 0.0,
          "end": 1.12,
          "confidence": 0.518
        },
        {
          "text": "लेने",
          "start": 1.12,
          "end": 1.5,
          "confidence": 0.862
        },
        {
          "text": "वालों",
          "start": 1.5,
          "end": 1.8,
          "confidence": 0.908
        },
        {
          "text": "की",
          "start": 1.8,
          "end": 1.82,
          "confidence": 0.889
        },
        {
          "text": "संख्याम",
          "start": 1.82,
          "end": 2.44,
          "confidence": 0.606
        },
        {
          "text": "में",
          "start": 2.44,
          "end": 2.82,
          "confidence": 0.749
        },
        {
          "text": "अब",
          "start": 2.82,
          "end": 3.16,
          "confidence": 0.792
        },
        {
          "text": "समय",
          "start": 3.16,
          "end": 3.42,
          "confidence": 0.865
        },
        {
          "text": "आ",
          "start": 3.42,
          "end": 3.54,
          "confidence": 0.887
        },
        {
          "text": "गया",
          "start": 3.54,
          "end": 3.8,
          "confidence": 0.882
        },
        {
          "text": "है",
          "start": 3.8,
          "end": 4.0,
          "confidence": 0.896
        },
        {
          "text": "इन",
          "start": 4.0,
          "end": 4.56,
          "confidence": 0.545
        },
        {
          "text": "पच्चों",
          "start": 4.56,
          "end": 4.98,
          "confidence": 0.839
        },
        {
          "text": "का",
          "start": 4.98,
          "end": 5.58,
          "confidence": 0.857
        },
        {
          "text": "जिमा",
          "start": 5.58,
          "end": 6.34,
          "confidence": 0.797
        },
        {
          "text": "सरकारले",
          "start": 6.34,
          "end": 7.38,
          "confidence": 0.741
        },
        {
          "text": "और",
          "start": 7.38,
          "end": 7.74,
          "confidence": 0.86
        },
        {
          "text": "गर्फाद",
          "start": 7.74,
          "end": 8.24,
          "confidence": 0.662
        },
        {
          "text": "पर",
          "start": 8.24,
          "end": 8.44,
          "confidence": 0.908
        },
        {
          "text": "रूप",
          "start": 8.44,
          "end": 8.6,
          "confidence": 0.657
        },
        {
          "text": "लगा",
          "start": 8.6,
          "end": 8.9,
          "confidence": 0.943
        },
        {
          "text": "देते",
          "start": 8.9,
          "end": 9.26,
          "confidence": 0.894
        },
        {
          "text": "हैं।",
          "start": 9.26,
          "end": 9.64,
          "confidence": 0.635
        },
        {
          "text": "कौन",
          "start": 9.64,
          "end": 9.84,
          "confidence": 0.757
        },
        {
          "text": "जानता",
          "start": 9.84,
          "end": 10.26,
          "confidence": 0.921
        },
        {
          "text": "है?",
          "start": 10.26,
          "end": 10.4,
          "confidence": 0.92
        }
      ]
    }
  ],
  "language": "hi"
}