{
  "text": " कैसे हो मोहन कुछ तो बताओ अरे मेरी छोड़ो अपनी भी छोड़ो अपनी सुनाओ सुनातरू मोहन इस कहानी आ गई धर्मिक पर जाना जाते हैं",
  "segments": [
    {
      "id": 0,
      "seek": 0,
      "start": 0.0,
      "end": 10.08,
      "text": " कैसे हो मोहन कुछ तो बताओ अरे मेरी छोड़ो अपनी भी छोड़ो अपनी सुनाओ सुनातरू मोहन इस कहानी आ गई धर्मिक पर जाना जाते हैं",
      "tokens": [
        50364,
        31970,
        43372,
        45938,
        21981,
        37139,
        33926,
        48449,
        33926,
        44500,
        35082,
        31970,
        8703,
        223,
        3941,
        249,
        8485,
        97,
        33926,
        8485,
        105,
        36158,
        17937,
        3941,
        241,
        8485,
        227,
        25411,
        21981,
        48449,
        21981,
        25411,
        31881,
        8485,
        249,
        33926,
        3941,
        94,
        3941,
        120,
        33926,
        8485,
        227,
        3941,
        103,
        35082,
        31881,
        8485,
        255,
        31881,
        8485,
        249,
        33926,
        3941,
        94,
        3941,
        120,
        33926,
        8485,
        227,
        3941,
        103,
        35082,
        31881,
        49316,
        8703,
        223,
        35082,
        17937,
        3941,
        241,
        49316,
        8703,
        223,
        35082,
        17937,
        36158,
        25411,
        8703,
        224,
        48449,
        33926,
        44500,
        35082,
        8485,
        229,
        45938,
        31970,
        44500,
        17937,
        35082,
        31881,
        8485,
        228,
        8485,
        245,
        3941,
        230,
        8485,
        100,
        25411,
        27099,
        48521,
        33279,
        41858,
        8485,
        103,
        25411,
        8485,
        250,
        17937,
        35082,
        17937,
        8485,
        250,
        17937,
        36158,
        21981,
        37139,
        43372,
        31945,
        50864
      ],
      "temperature": 0.0,
      "avg_logprob": -0.3323569879299257,
      "compression_ratio": 2.0342465753424657,
      "no_speech_prob": 0.4079298675060272,
      "confidence": 0.72,
      "words": [
        {
          "text": "कैसे",
          "start": 0.0,
          "end": 1.36,
          "confidence": 0.711
        },
        {
          "text": "हो",
          "start": 1.36,
          "end": 1.48,
          "confidence": 0.887
        },
        {
          "text": "मोहन",
          "start": 1.48,
          "end": 1.78,
          "confidence": 0.789
        },
        {
          "text": "कुछ",
          "start": 1.78,
          "end": 2.12,
          "confidence": 0.852
        },
        {
          "text": "तो",
          "start": 2.12,
          "end": 2.26,
          "confidence": 0.83
        },
        {
          "text": "बताओ",
          "start": 2.26,
          "end": 3.1,
          "confidence": 0.915
        },
        {
          "text": "अरे",
          "start": 3.1,
          "end": 3.38,
          "confidence": 0.646
        },
        {
          "text": "मेरी",
          "start": 3.38,
          "end": 3.74,
          "confidence": 0.933
        },
        {
          "text": "छोड़ो",
          "start": 3.74,
          "end": 4.18,
          "confidence": 0.876
        },
        {
          "text": "अपनी",
          "start": 4.18,
          "end": 4.6,
          "confidence": 0.898
        },
        {
          "text": "भी",
          "start": 4.6,
          "end": 4.72,
          "confidence": 0.618
        },
        {
          "text": "छोड़ो",
          "start": 4.72,
          "end": 5.14,
          "confidence": 0.965
        },
        {
          "text": "अपनी",
          "start": 5.14,
          "end": 5.7,
          "confidence": 0.906
        },
        {
          "text": "सुनाओ",
          "start": 5.7,
          "end": 5.94,
          "confidence": 0.815
        },
        {
          "text": "सुनातरू",
          "start": 5.94,
          "end": 7.06,
          "confidence": 0.716
        },
        {
          "text": "मोहन",
          "start": 7.06,
          "end": 7.44,
          "confidence": 0.811
        },
        {
          "text": "इस",
          "start": 7.44,
          "end": 7.78,
          "confidence": 0.626
        },
        {
          "text": "कहानी",
          "start": 7.78,
          "end": 8.34,
          "confidence": 0.822
        },
        {
          "text": "आ",
          "start": 8.34,
          "end": 8.98,
          "confidence": 0.891
        },
        {
          "text": "गई",
          "start": 8.98,
          "end": 9.4,
          "confidence": 0.811
        },
        {
          "text": "धर्मिक",
          "start": 9.4,
          "end": 10.0,
          "confidence": 0.611
        },
        {
          "text": "पर",
          "start": 10.0,
          "end": 10.02,
          "confidence": 0.206
        },
        {
          "text": "जाना",
          "start": 10.02,
          "end": 10.04,
          "confidence": 0.272
        },
        {
          "text": "जाते",
          "start": 10.04,
          "end": 10.06,
          "confidence": 0.422
        },
        {
          "text": "हैं",
          "start": 10.06,
          "end": 10.08,
          "confidence": 0.671
        }
      ]
    }
  ],
  "language": "hi"
}