{
  "text": " प्रखन कर्जालाय कक्ष में आयजित किया गया जनकारी में विडियो रविरन जन ने बताया की इस जोजना का लाम कभी भी देखा से नीटे जीवन या पन का वाले परिवार को नहीं दिये जाता है। परिवार के बाद उनकी आसिरितों को भी खड़ाएँ जाता है।",
  "segments": [
    {
      "id": 0,
      "seek": 0,
      "start": 0.0,
      "end": 12.01,
      "text": " प्रखन कर्जालाय कक्ष में आयजित किया गया जनकारी में विडियो रविरन जन ने बताया की इस जोजना का लाम कभी भी देखा से नीटे जीवन या पन का वाले परिवार को नहीं दिये जाता है।",
      "tokens": [
        50364,
        8485,
        103,
        27099,
        25411,
        3941,
        244,
        35082,
        31970,
        25411,
        27099,
        3941,
        250,
        17937,
        46758,
        17937,
        48268,
        31970,
        41858,
        27099,
        3941,
        115,
        48449,
        21981,
        31945,
        8485,
        228,
        48268,
        3941,
        250,
        33279,
        36158,
        31970,
        33279,
        48268,
        17937,
        8485,
        245,
        48268,
        17937,
        8485,
        250,
        35082,
        41858,
        17937,
        25411,
        31881,
        48449,
        21981,
        31945,
        8485,
        113,
        33279,
        3941,
        94,
        33279,
        48268,
        33926,
        8485,
        108,
        3941,
        113,
        33279,
        25411,
        35082,
        8485,
        250,
        35082,
        8485,
        101,
        21981,
        8485,
        105,
        36158,
        17937,
        48268,
        17937,
        31970,
        31881,
        8485,
        229,
        45938,
        8485,
        250,
        33926,
        3941,
        250,
        35082,
        17937,
        31970,
        17937,
        8485,
        110,
        17937,
        48521,
        31970,
        3941,
        255,
        31881,
        8485,
        255,
        31881,
        8485,
        99,
        21981,
        3941,
        244,
        17937,
        49316,
        21981,
        8485,
        101,
        31881,
        3941,
        253,
        21981,
        8485,
        250,
        31881,
        3941,
        113,
        35082,
        8485,
        107,
        17937,
        8485,
        103,
        35082,
        31970,
        17937,
        8485,
        113,
        17937,
        46758,
        21981,
        8485,
        103,
        25411,
        33279,
        3941,
        113,
        17937,
        25411,
        31970,
        33926,
        8485,
        101,
        44500,
        31881,
        31945,
        8485,
        99,
        33279,
        48268,
        21981,
        8485,
        250,
        17937,
        36158,
        17937,
        37139,
        43372,
        8703,
        97,
        50964
      ],
      "temperature": 0.0,
      "avg_logprob": -0.32641855875651044,
      "compression_ratio": 2.370833333333333,
      "no_speech_prob": 0.09977885335683823,
      "confidence": 0.719,
      "words": [
        {
          "text": "प्रखन",
          "start": 0.0,
          "end": 2.48,
          "confidence": 0.456
        },
        {
          "text": "कर्जालाय",
          "start": 2.48,
          "end": 3.06,
          "confidence": 0.753
        },
        {
          "text": "कक्ष",
          "start": 3.06,
          "end": 3.28,
          "confidence": 0.761
        },
        {
          "text": "में",
          "start": 3.28,
          "end": 3.48,
          "confidence": 0.663
        },
        {
          "text": "आयजित",
          "start": 3.48,
          "end": 3.94,
          "confidence": 0.633
        },
        {
          "text": "किया",
          "start": 3.94,
          "end": 4.04,
          "confidence": 0.715
        },
        {
          "text": "गया",
          "start": 4.04,
          "end": 4.26,
          "confidence": 0.887
        },
        {
          "text": "जनकारी",
          "start": 4.26,
          "end": 4.64,
          "confidence": 0.806
        },
        {
          "text": "में",
          "start": 4.64,
          "end": 4.76,
          "confidence": 0.907
        },
        {
          "text": "विडियो",
          "start": 4.76,
          "end": 5.04,
          "confidence": 0.702
        },
        {
          "text": "रविरन",
          "start": 5.04,
          "end": 5.4,
          "confidence": 0.552
        },
        {
          "text": "जन",
          "start": 5.4,
          "end": 5.52,
          "confidence": 0.578
        },
        {
          "text": "ने",
          "start": 5.52,
          "end": 5.64,
          "confidence": 0.667
        },
        {
          "text": "बताया",
          "start": 5.64,
          "end": 6.06,
          "confidence": 0.903
        },
        {
          "text": "की",
          "start": 6.06,
          "end": 6.18,
          "confidence": 0.565
        },
        {
          "text": "इस",
          "start": 6.18,
          "end": 6.7,
          "confidence": 0.57
        },
        {
          "text": "जोजना",
          "start": 6.7,
          "end": 7.18,
          "confidence": 0.877
        },
        {
          "text": "का",
          "start": 7.18,
          "end": 7.22,
          "confidence": 0.873
        },
        {
          "text": "लाम",
          "start": 7.22,
          "end": 7.44,
          "confidence": 0.761
        },
        {
          "text": "कभी",
          "start": 7.44,
          "end": 7.72,
          "confidence": 0.717
        },
        {
          "text": "भी",
          "start": 7.72,
          "end": 7.82,
          "confidence": 0.823
        },
        {
          "text": "देखा",
          "start": 7.82,
          "end": 8.14,
          "confidence": 0.888
        },
        {
          "text": "से",
          "start": 8.14,
          "end": 8.3,
          "confidence": 0.555
        },
        {
          "text": "नीटे",
          "start": 8.3,
          "end": 8.54,
          "confidence": 0.528
        },
        {
          "text": "जीवन",
          "start": 8.54,
          "end": 8.84,
          "confidence": 0.924
        },
        {
          "text": "या",
          "start": 8.84,
          "end": 8.98,
          "confidence": 0.794
        },
        {
          "text": "पन",
          "start": 8.98,
          "end": 9.44,
          "confidence": 0.576
        },
        {
          "text": "का",
          "start": 9.44,
          "end": 9.72,
          "confidence": 0.437
        },
        {
          "text": "वाले",
          "start": 9.72,
          "end": 10.1,
          "confidence": 0.754
        },
        {
          "text": "परिवार",
          "start": 10.1,
          "end": 10.58,
          "confidence": 0.906
        },
        {
          "text": "को",
          "start": 10.58,
          "end": 10.76,
          "confidence": 0.85
        },
        {
          "text": "नहीं",
          "start": 10.76,
          "end": 10.94,
          "confidence": 0.642
        },
        {
          "text": "दिये",
          "start": 10.94,
          "end": 11.1,
          "confidence": 0.751
        },
        {
          "text": "जाता",
          "start": 11.1,
          "end": 11.5,
          "confidence": 0.882
        },
        {
          "text": "है।",
          "start": 11.5,
          "end": 12.01,
          "confidence": 0.651
        }
      ]
    },
    {
      "id": 1,
      "seek": 1200,
      "start": 12.01,
      "end": 17.88,
      "text": " परिवार के बाद उनकी आसिरितों को भी खड़ाएँ जाता है।",
      "tokens": [
        50364,
        8485,
        103,
        25411,
        33279,
        3941,
        113,
        17937,
        25411,
        31970,
        21981,
        8485,
        105,
        17937,
        3941,
        99,
        8485,
        231,
        35082,
        41858,
        31881,
        8485,
        228,
        3941,
        116,
        33279,
        25411,
        33279,
        36158,
        33926,
        31945,
        31970,
        33926,
        8485,
        255,
        31881,
        8485,
        244,
        3941,
        94,
        3941,
        120,
        17937,
        3941,
        237,
        3941,
        223,
        8485,
        250,
        17937,
        36158,
        17937,
        37139,
        43372,
        8703,
        97,
        50664
      ],
      "temperature": 0.0,
      "avg_logprob": -0.5418415398433291,
      "compression_ratio": 1.3578947368421053,
      "no_speech_prob": 0.9894750118255615,
      "confidence": 0.576,
      "words": [
        {
          "text": "परिवार",
          "start": 12.01,
          "end": 13.72,
          "confidence": 0.607
        },
        {
          "text": "के",
          "start": 13.72,
          "end": 14.08,
          "confidence": 0.402
        },
        {
          "text": "बाद",
          "start": 14.08,
          "end": 14.8,
          "confidence": 0.661
        },
        {
          "text": "उनकी",
          "start": 14.8,
          "end": 15.46,
          "confidence": 0.645
        },
        {
          "text": "आसिरितों",
          "start": 15.46,
          "end": 17.16,
          "confidence": 0.514
        },
        {
          "text": "को",
          "start": 17.16,
          "end": 17.34,
          "confidence": 0.854
        },
        {
          "text": "भी",
          "start": 17.34,
          "end": 17.66,
          "confidence": 0.619
        },
        {
          "text": "खड़ाएँ",
          "start": 17.66,
          "end": 17.84,
          "confidence": 0.473
        },
        {
          "text": "जाता",
          "start": 17.84,
          "end": 17.86,
          "confidence": 0.536
        },
        {
          "text": "है।",
          "start": 17.86,
          "end": 17.88,
          "confidence": 0.891
        }
      ]
    }
  ],
  "language": "hi"
}