{
  "text": " प्रक्रिति पाच्चा की मानज जीवन में चारे जो पे चारे उन अपने पहने आप प्रक्रिति संपुलंग बनाये रखने के लिए जीवन में अधिक साधी प्रक्रिति पाच्चा की जीवन में चारे जो पे चारे उन अपने पहने आप प्रक्रिति संपुलंग बनाये रखन",
  "segments": [
    {
      "id": 0,
      "seek": 0,
      "start": 0.0,
      "end": 29.98,
      "text": " प्रक्रिति पाच्चा की मानज जीवन में चारे जो पे चारे उन अपने पहने आप प्रक्रिति संपुलंग बनाये रखने के लिए जीवन में अधिक साधी प्रक्रिति पाच्चा की जीवन में चारे जो पे चारे उन अपने पहने आप प्रक्रिति संपुलंग बनाये रखन",
      "tokens": [
        50364,
        8485,
        103,
        27099,
        25411,
        41858,
        27099,
        25411,
        33279,
        36158,
        33279,
        8485,
        103,
        17937,
        3941,
        248,
        27099,
        3941,
        248,
        17937,
        31970,
        31881,
        48449,
        17937,
        35082,
        3941,
        250,
        8485,
        250,
        31881,
        3941,
        113,
        35082,
        48449,
        21981,
        31945,
        8485,
        248,
        17937,
        25411,
        21981,
        8485,
        250,
        33926,
        8485,
        103,
        21981,
        8485,
        248,
        17937,
        25411,
        21981,
        8485,
        231,
        35082,
        8485,
        227,
        3941,
        103,
        35082,
        21981,
        8485,
        103,
        44500,
        35082,
        21981,
        8485,
        228,
        3941,
        103,
        8485,
        103,
        27099,
        25411,
        41858,
        27099,
        25411,
        33279,
        36158,
        33279,
        49316,
        31945,
        3941,
        103,
        8703,
        223,
        46758,
        31945,
        3941,
        245,
        8485,
        105,
        35082,
        17937,
        48268,
        21981,
        8485,
        108,
        3941,
        244,
        35082,
        21981,
        31970,
        21981,
        8485,
        110,
        33279,
        3941,
        237,
        8485,
        250,
        31881,
        3941,
        113,
        35082,
        48449,
        21981,
        31945,
        8485,
        227,
        3941,
        100,
        33279,
        41858,
        49316,
        17937,
        3941,
        100,
        31881,
        8485,
        103,
        27099,
        25411,
        41858,
        27099,
        25411,
        33279,
        36158,
        33279,
        8485,
        103,
        17937,
        3941,
        248,
        27099,
        3941,
        248,
        17937,
        31970,
        31881,
        8485,
        250,
        31881,
        3941,
        113,
        35082,
        48449,
        21981,
        31945,
        8485,
        248,
        17937,
        25411,
        21981,
        8485,
        250,
        33926,
        8485,
        103,
        21981,
        8485,
        248,
        17937,
        25411,
        21981,
        8485,
        231,
        35082,
        8485,
        227,
        3941,
        103,
        35082,
        21981,
        8485,
        103,
        44500,
        35082,
        21981,
        8485,
        228,
        3941,
        103,
        8485,
        103,
        27099,
        25411,
        41858,
        27099,
        25411,
        33279,
        36158,
        33279,
        49316,
        31945,
        3941,
        103,
        8703,
        223,
        46758,
        31945,
        3941,
        245,
        8485,
        105,
        35082,
        17937,
        48268,
        21981,
        8485,
        108,
        3941,
        244,
        35082
      ],
      "temperature": 0.0,
      "avg_logprob": -0.3168528917100694,
      "compression_ratio": 3.484076433121019,
      "no_speech_prob": 0.4860811233520508,
      "confidence": 0.727,
      "words": [
        {
          "text": "प्रक्रिति",
          "start": 0.0,
          "end": 1.3,
          "confidence": 0.576
        },
        {
          "text": "पाच्चा",
          "start": 1.3,
          "end": 2.08,
          "confidence": 0.629
        },
        {
          "text": "की",
          "start": 2.08,
          "end": 3.02,
          "confidence": 0.349
        },
        {
          "text": "मानज",
          "start": 3.02,
          "end": 3.06,
          "confidence": 0.507
        },
        {
          "text": "जीवन",
          "start": 3.06,
          "end": 3.28,
          "confidence": 0.735
        },
        {
          "text": "में",
          "start": 3.28,
          "end": 3.56,
          "confidence": 0.7
        },
        {
          "text": "चारे",
          "start": 3.56,
          "end": 3.96,
          "confidence": 0.658
        },
        {
          "text": "जो",
          "start": 3.96,
          "end": 4.78,
          "confidence": 0.57
        },
        {
          "text": "पे",
          "start": 4.78,
          "end": 5.14,
          "confidence": 0.721
        },
        {
          "text": "चारे",
          "start": 5.14,
          "end": 5.9,
          "confidence": 0.953
        },
        {
          "text": "उन",
          "start": 5.9,
          "end": 6.32,
          "confidence": 0.627
        },
        {
          "text": "अपने",
          "start": 6.32,
          "end": 6.52,
          "confidence": 0.612
        },
        {
          "text": "पहने",
          "start": 6.52,
          "end": 6.74,
          "confidence": 0.343
        },
        {
          "text": "आप",
          "start": 6.74,
          "end": 6.94,
          "confidence": 0.437
        },
        {
          "text": "प्रक्रिति",
          "start": 6.94,
          "end": 7.36,
          "confidence": 0.785
        },
        {
          "text": "संपुलंग",
          "start": 7.36,
          "end": 8.0,
          "confidence": 0.552
        },
        {
          "text": "बनाये",
          "start": 8.0,
          "end": 8.26,
          "confidence": 0.713
        },
        {
          "text": "रखने",
          "start": 8.26,
          "end": 8.66,
          "confidence": 0.888
        },
        {
          "text": "के",
          "start": 8.66,
          "end": 8.9,
          "confidence": 0.911
        },
        {
          "text": "लिए",
          "start": 8.9,
          "end": 8.94,
          "confidence": 0.954
        },
        {
          "text": "जीवन",
          "start": 8.94,
          "end": 9.94,
          "confidence": 0.944
        },
        {
          "text": "में",
          "start": 9.94,
          "end": 9.96,
          "confidence": 0.957
        },
        {
          "text": "अधिक",
          "start": 9.96,
          "end": 10.56,
          "confidence": 0.925
        },
        {
          "text": "साधी",
          "start": 10.56,
          "end": 10.88,
          "confidence": 0.429
        },
        {
          "text": "प्रक्रिति",
          "start": 10.88,
          "end": 10.98,
          "confidence": 0.638
        },
        {
          "text": "पाच्चा",
          "start": 10.98,
          "end": 11.0,
          "confidence": 0.83
        },
        {
          "text": "की",
          "start": 11.0,
          "end": 11.02,
          "confidence": 0.456
        },
        {
          "text": "जीवन",
          "start": 11.02,
          "end": 11.04,
          "confidence": 0.717
        },
        {
          "text": "में",
          "start": 11.04,
          "end": 11.06,
          "confidence": 0.649
        },
        {
          "text": "चारे",
          "start": 11.06,
          "end": 11.08,
          "confidence": 0.745
        },
        {
          "text": "जो",
          "start": 11.08,
          "end": 11.1,
          "confidence": 0.737
        },
        {
          "text": "पे",
          "start": 11.1,
          "end": 11.12,
          "confidence": 0.938
        },
        {
          "text": "चारे",
          "start": 11.12,
          "end": 11.14,
          "confidence": 0.958
        },
        {
          "text": "उन",
          "start": 11.14,
          "end": 11.16,
          "confidence": 0.92
        },
        {
          "text": "अपने",
          "start": 11.16,
          "end": 11.18,
          "confidence": 0.934
        },
        {
          "text": "पहने",
          "start": 11.18,
          "end": 11.2,
          "confidence": 0.885
        },
        {
          "text": "आप",
          "start": 11.2,
          "end": 11.22,
          "confidence": 0.855
        },
        {
          "text": "प्रक्रिति",
          "start": 11.22,
          "end": 11.24,
          "confidence": 0.906
        },
        {
          "text": "संपुलंग",
          "start": 11.24,
          "end": 11.26,
          "confidence": 0.906
        },
        {
          "text": "बनाये",
          "start": 11.26,
          "end": 11.28,
          "confidence": 0.929
        },
        {
          "text": "रखन",
          "start": 11.28,
          "end": 29.98,
          "confidence": 0.947
        }
      ]
    }
  ],
  "language": "hi"
}