{
  "text": " आपको पत्ती या बहुं को बहुं अपनी पत्ती या बहुं पत्ती या बहुं पत्ती या बहुं पत्ती या बहुं पत्ती या बहुं पत्ती या बहुं पत्ती या बहुं पत्ती या बहुं पत्ती या बहुं पत्ती या बहुं पत्ती या बहुं पत्ती या बहुं प",
  "segments": [
    {
      "id": 0,
      "seek": 0,
      "start": 0.0,
      "end": 29.98,
      "text": " आपको पत्ती या बहुं को बहुं अपनी पत्ती या बहुं पत्ती या बहुं पत्ती या बहुं पत्ती या बहुं पत्ती या बहुं पत्ती या बहुं पत्ती या बहुं पत्ती या बहुं पत्ती या बहुं पत्ती या बहुं पत्ती या बहुं पत्ती या बहुं प",
      "tokens": [
        50364,
        220,
        156,
        97,
        228,
        156,
        97,
        103,
        156,
        97,
        243,
        33926,
        8485,
        103,
        36158,
        27099,
        36158,
        31881,
        8485,
        107,
        17937,
        8485,
        105,
        44500,
        8703,
        223,
        3941,
        224,
        31970,
        33926,
        8485,
        105,
        44500,
        8703,
        223,
        31945,
        8485,
        227,
        3941,
        103,
        35082,
        31881,
        8485,
        103,
        36158,
        27099,
        36158,
        31881,
        8485,
        107,
        17937,
        8485,
        105,
        44500,
        8703,
        223,
        31945,
        8485,
        103,
        36158,
        27099,
        36158,
        31881,
        8485,
        107,
        17937,
        8485,
        105,
        44500,
        8703,
        223,
        31945,
        8485,
        103,
        36158,
        27099,
        36158,
        31881,
        8485,
        107,
        17937,
        8485,
        105,
        44500,
        8703,
        223,
        31945,
        8485,
        103,
        36158,
        27099,
        36158,
        31881,
        8485,
        107,
        17937,
        8485,
        105,
        44500,
        8703,
        223,
        31945,
        8485,
        103,
        36158,
        27099,
        36158,
        31881,
        8485,
        107,
        17937,
        8485,
        105,
        44500,
        8703,
        223,
        31945,
        8485,
        103,
        36158,
        27099,
        36158,
        31881,
        8485,
        107,
        17937,
        8485,
        105,
        44500,
        8703,
        223,
        31945,
        8485,
        103,
        36158,
        27099,
        36158,
        31881,
        8485,
        107,
        17937,
        8485,
        105,
        44500,
        8703,
        223,
        31945,
        8485,
        103,
        36158,
        27099,
        36158,
        31881,
        8485,
        107,
        17937,
        8485,
        105,
        44500,
        8703,
        223,
        31945,
        8485,
        103,
        36158,
        27099,
        36158,
        31881,
        8485,
        107,
        17937,
        8485,
        105,
        44500,
        8703,
        223,
        31945,
        8485,
        103,
        36158,
        27099,
        36158,
        31881,
        8485,
        107,
        17937,
        8485,
        105,
        44500,
        8703,
        223,
        31945,
        8485,
        103,
        36158,
        27099,
        36158,
        31881,
        8485,
        107,
        17937,
        8485,
        105,
        44500,
        8703,
        223,
        31945,
        8485,
        103,
        36158,
        27099,
        36158,
        31881,
        8485,
        107,
        17937,
        8485,
        105,
        44500,
        8703,
        223,
        31945,
        8485,
        103
      ],
      "temperature": 0.0,
      "avg_logprob": -0.2665658908420139,
      "compression_ratio": 7.602941176470588,
      "no_speech_prob": 0.3085484802722931,
      "confidence": 0.764,
      "words": [
        {
          "text": "आपको",
          "start": 0.0,
          "end": 4.96,
          "confidence": 0.602
        },
        {
          "text": "पत्ती",
          "start": 4.96,
          "end": 6.5,
          "confidence": 0.52
        },
        {
          "text": "या",
          "start": 6.5,
          "end": 6.92,
          "confidence": 0.863
        },
        {
          "text": "बहुं",
          "start": 6.92,
          "end": 7.22,
          "confidence": 0.679
        },
        {
          "text": "को",
          "start": 7.22,
          "end": 7.64,
          "confidence": 0.77
        },
        {
          "text": "बहुं",
          "start": 7.64,
          "end": 8.24,
          "confidence": 0.685
        },
        {
          "text": "अपनी",
          "start": 8.24,
          "end": 8.7,
          "confidence": 0.899
        },
        {
          "text": "पत्ती",
          "start": 8.7,
          "end": 8.72,
          "confidence": 0.523
        },
        {
          "text": "या",
          "start": 8.72,
          "end": 8.74,
          "confidence": 0.328
        },
        {
          "text": "बहुं",
          "start": 8.74,
          "end": 8.76,
          "confidence": 0.831
        },
        {
          "text": "पत्ती",
          "start": 8.76,
          "end": 8.78,
          "confidence": 0.508
        },
        {
          "text": "या",
          "start": 8.78,
          "end": 8.8,
          "confidence": 0.409
        },
        {
          "text": "बहुं",
          "start": 8.8,
          "end": 8.82,
          "confidence": 0.813
        },
        {
          "text": "पत्ती",
          "start": 8.82,
          "end": 8.84,
          "confidence": 0.659
        },
        {
          "text": "या",
          "start": 8.84,
          "end": 8.86,
          "confidence": 0.483
        },
        {
          "text": "बहुं",
          "start": 8.86,
          "end": 8.88,
          "confidence": 0.847
        },
        {
          "text": "पत्ती",
          "start": 8.88,
          "end": 8.9,
          "confidence": 0.732
        },
        {
          "text": "या",
          "start": 8.9,
          "end": 8.92,
          "confidence": 0.577
        },
        {
          "text": "बहुं",
          "start": 8.92,
          "end": 8.94,
          "confidence": 0.894
        },
        {
          "text": "पत्ती",
          "start": 8.94,
          "end": 8.96,
          "confidence": 0.791
        },
        {
          "text": "या",
          "start": 8.96,
          "end": 8.98,
          "confidence": 0.649
        },
        {
          "text": "बहुं",
          "start": 8.98,
          "end": 9.0,
          "confidence": 0.916
        },
        {
          "text": "पत्ती",
          "start": 9.0,
          "end": 9.02,
          "confidence": 0.822
        },
        {
          "text": "या",
          "start": 9.02,
          "end": 9.04,
          "confidence": 0.698
        },
        {
          "text": "बहुं",
          "start": 9.04,
          "end": 9.06,
          "confidence": 0.931
        },
        {
          "text": "पत्ती",
          "start": 9.06,
          "end": 9.08,
          "confidence": 0.845
        },
        {
          "text": "या",
          "start": 9.08,
          "end": 9.1,
          "confidence": 0.732
        },
        {
          "text": "बहुं",
          "start": 9.1,
          "end": 9.12,
          "confidence": 0.939
        },
        {
          "text": "पत्ती",
          "start": 9.12,
          "end": 9.14,
          "confidence": 0.854
        },
        {
          "text": "या",
          "start": 9.14,
          "end": 9.16,
          "confidence": 0.752
        },
        {
          "text": "बहुं",
          "start": 9.16,
          "end": 9.18,
          "confidence": 0.945
        },
        {
          "text": "पत्ती",
          "start": 9.18,
          "end": 9.2,
          "confidence": 0.87
        },
        {
          "text": "या",
          "start": 9.2,
          "end": 9.22,
          "confidence": 0.77
        },
        {
          "text": "बहुं",
          "start": 9.22,
          "end": 9.24,
          "confidence": 0.95
        },
        {
          "text": "पत्ती",
          "start": 9.24,
          "end": 9.26,
          "confidence": 0.878
        },
        {
          "text": "या",
          "start": 9.26,
          "end": 9.28,
          "confidence": 0.782
        },
        {
          "text": "बहुं",
          "start": 9.28,
          "end": 9.3,
          "confidence": 0.954
        },
        {
          "text": "पत्ती",
          "start": 9.3,
          "end": 9.32,
          "confidence": 0.886
        },
        {
          "text": "या",
          "start": 9.32,
          "end": 9.34,
          "confidence": 0.795
        },
        {
          "text": "बहुं",
          "start": 9.34,
          "end": 9.36,
          "confidence": 0.958
        },
        {
          "text": "पत्ती",
          "start": 9.36,
          "end": 9.38,
          "confidence": 0.891
        },
        {
          "text": "या",
          "start": 9.38,
          "end": 9.4,
          "confidence": 0.806
        },
        {
          "text": "बहुं",
          "start": 9.4,
          "end": 9.42,
          "confidence": 0.96
        },
        {
          "text": "प",
          "start": 9.42,
          "end": 29.98,
          "confidence": 0.865
        }
      ]
    }
  ],
  "language": "hi"
}