{
  "text": " इन्छे अच्छप्श्ट की तुत्ता मैं बहुत इसबरी जे इंचियार करता रहता हूं, ती मैं कुछ भी कर सकती हूं एपिसोड चुन भावियार नुवाल बाते हूं।",
  "segments": [
    {
      "id": 0,
      "seek": 0,
      "start": 0.0,
      "end": 11.3,
      "text": " इन्छे अच्छप्श्ट की तुत्ता मैं बहुत इसबरी जे इंचियार करता रहता हूं, ती मैं कुछ भी कर सकती हूं एपिसोड चुन भावियार नुवाल बाते हूं।",
      "tokens": [
        50364,
        8485,
        229,
        35082,
        27099,
        3941,
        249,
        21981,
        8485,
        227,
        3941,
        248,
        27099,
        3941,
        249,
        3941,
        103,
        27099,
        3941,
        114,
        27099,
        3941,
        253,
        31970,
        31881,
        8485,
        97,
        8703,
        223,
        36158,
        27099,
        36158,
        17937,
        48449,
        43372,
        31945,
        8485,
        105,
        44500,
        8703,
        223,
        36158,
        8485,
        229,
        45938,
        3941,
        105,
        25411,
        31881,
        8485,
        250,
        21981,
        8485,
        229,
        31945,
        3941,
        248,
        33279,
        48268,
        17937,
        25411,
        31970,
        25411,
        36158,
        17937,
        8485,
        108,
        44500,
        36158,
        17937,
        37139,
        8703,
        224,
        31945,
        11,
        8485,
        97,
        31881,
        48449,
        43372,
        31945,
        31970,
        8703,
        223,
        3941,
        249,
        8485,
        255,
        31881,
        31970,
        25411,
        49316,
        41858,
        36158,
        31881,
        37139,
        8703,
        224,
        31945,
        8485,
        237,
        3941,
        103,
        33279,
        45938,
        33926,
        3941,
        94,
        8485,
        248,
        8703,
        223,
        35082,
        8485,
        255,
        17937,
        3941,
        113,
        33279,
        48268,
        17937,
        25411,
        8485,
        101,
        8703,
        223,
        3941,
        113,
        17937,
        46758,
        8485,
        105,
        17937,
        36158,
        21981,
        37139,
        8703,
        224,
        31945,
        8703,
        97,
        50964
      ],
      "temperature": 0.0,
      "avg_logprob": -0.43585559871646906,
      "compression_ratio": 1.9244186046511629,
      "no_speech_prob": 0.21107961237430573,
      "confidence": 0.649,
      "words": [
        {
          "text": "इन्छे",
          "start": 0.0,
          "end": 0.82,
          "confidence": 0.631
        },
        {
          "text": "अच्छप्श्ट",
          "start": 0.82,
          "end": 2.02,
          "confidence": 0.667
        },
        {
          "text": "की",
          "start": 2.02,
          "end": 2.14,
          "confidence": 0.268
        },
        {
          "text": "तुत्ता",
          "start": 2.14,
          "end": 2.36,
          "confidence": 0.5
        },
        {
          "text": "मैं",
          "start": 2.36,
          "end": 2.92,
          "confidence": 0.84
        },
        {
          "text": "बहुत",
          "start": 2.92,
          "end": 4.28,
          "confidence": 0.922
        },
        {
          "text": "इसबरी",
          "start": 4.28,
          "end": 5.42,
          "confidence": 0.433
        },
        {
          "text": "जे",
          "start": 5.42,
          "end": 5.56,
          "confidence": 0.546
        },
        {
          "text": "इंचियार",
          "start": 5.56,
          "end": 5.98,
          "confidence": 0.596
        },
        {
          "text": "करता",
          "start": 5.98,
          "end": 6.22,
          "confidence": 0.909
        },
        {
          "text": "रहता",
          "start": 6.22,
          "end": 6.52,
          "confidence": 0.841
        },
        {
          "text": "हूं,",
          "start": 6.52,
          "end": 6.8,
          "confidence": 0.821
        },
        {
          "text": "ती",
          "start": 7.14,
          "end": 7.26,
          "confidence": 0.41
        },
        {
          "text": "मैं",
          "start": 7.26,
          "end": 8.04,
          "confidence": 0.936
        },
        {
          "text": "कुछ",
          "start": 8.04,
          "end": 8.48,
          "confidence": 0.869
        },
        {
          "text": "भी",
          "start": 8.48,
          "end": 8.5,
          "confidence": 0.891
        },
        {
          "text": "कर",
          "start": 8.5,
          "end": 8.72,
          "confidence": 0.956
        },
        {
          "text": "सकती",
          "start": 8.72,
          "end": 9.04,
          "confidence": 0.682
        },
        {
          "text": "हूं",
          "start": 9.04,
          "end": 9.22,
          "confidence": 0.873
        },
        {
          "text": "एपिसोड",
          "start": 9.22,
          "end": 9.94,
          "confidence": 0.825
        },
        {
          "text": "चुन",
          "start": 9.94,
          "end": 10.5,
          "confidence": 0.592
        },
        {
          "text": "भावियार",
          "start": 10.5,
          "end": 10.96,
          "confidence": 0.426
        },
        {
          "text": "नुवाल",
          "start": 10.96,
          "end": 11.14,
          "confidence": 0.682
        },
        {
          "text": "बाते",
          "start": 11.14,
          "end": 11.28,
          "confidence": 0.45
        },
        {
          "text": "हूं।",
          "start": 11.28,
          "end": 11.3,
          "confidence": 0.72
        }
      ]
    }
  ],
  "language": "hi"
}