{
  "text": " यदि पात दिली पे जल के आपरतिक्ति की गई होगी तो साइध हमें मालूम नहीं यानि कि आज तक पाईद जलापुर्टी जोजना सोडा की बस",
  "segments": [
    {
      "id": 0,
      "seek": 0,
      "start": 0.0,
      "end": 5.6,
      "text": " यदि पात दिली पे जल के आपरतिक्ति की गई होगी तो साइध हमें मालूम नहीं",
      "tokens": [
        50364,
        8485,
        107,
        3941,
        99,
        33279,
        8485,
        103,
        17937,
        36158,
        8485,
        99,
        33279,
        46758,
        31881,
        8485,
        103,
        21981,
        8485,
        250,
        46758,
        31970,
        21981,
        8485,
        228,
        3941,
        103,
        25411,
        36158,
        33279,
        41858,
        27099,
        36158,
        33279,
        31970,
        31881,
        8485,
        245,
        3941,
        230,
        37139,
        33926,
        3941,
        245,
        31881,
        8485,
        97,
        33926,
        49316,
        17937,
        3941,
        229,
        3941,
        100,
        37139,
        48521,
        21981,
        31945,
        48449,
        17937,
        46758,
        8703,
        224,
        48521,
        8485,
        101,
        44500,
        31881,
        31945,
        50664
      ],
      "temperature": 0.0,
      "avg_logprob": -0.2722873072470388,
      "compression_ratio": 1.8823529411764706,
      "no_speech_prob": 0.23841118812561035,
      "confidence": 0.762,
      "words": [
        {
          "text": "यदि",
          "start": 0.0,
          "end": 0.54,
          "confidence": 0.655
        },
        {
          "text": "पात",
          "start": 0.54,
          "end": 0.96,
          "confidence": 0.674
        },
        {
          "text": "दिली",
          "start": 0.96,
          "end": 1.44,
          "confidence": 0.666
        },
        {
          "text": "पे",
          "start": 1.44,
          "end": 1.66,
          "confidence": 0.792
        },
        {
          "text": "जल",
          "start": 1.66,
          "end": 1.88,
          "confidence": 0.871
        },
        {
          "text": "के",
          "start": 1.88,
          "end": 2.0,
          "confidence": 0.742
        },
        {
          "text": "आपरतिक्ति",
          "start": 2.0,
          "end": 2.72,
          "confidence": 0.663
        },
        {
          "text": "की",
          "start": 2.72,
          "end": 2.92,
          "confidence": 0.891
        },
        {
          "text": "गई",
          "start": 2.92,
          "end": 3.24,
          "confidence": 0.908
        },
        {
          "text": "होगी",
          "start": 3.24,
          "end": 3.98,
          "confidence": 0.904
        },
        {
          "text": "तो",
          "start": 3.98,
          "end": 4.18,
          "confidence": 0.648
        },
        {
          "text": "साइध",
          "start": 4.18,
          "end": 4.46,
          "confidence": 0.737
        },
        {
          "text": "हमें",
          "start": 4.46,
          "end": 4.76,
          "confidence": 0.956
        },
        {
          "text": "मालूम",
          "start": 4.76,
          "end": 5.24,
          "confidence": 0.764
        },
        {
          "text": "नहीं",
          "start": 5.24,
          "end": 5.6,
          "confidence": 0.902
        }
      ]
    },
    {
      "id": 1,
      "seek": 0,
      "start": 5.82,
      "end": 9.4,
      "text": " यानि कि आज तक पाईद जलापुर्टी जोजना सोडा की बस",
      "tokens": [
        50664,
        8485,
        107,
        17937,
        35082,
        33279,
        31970,
        33279,
        8485,
        228,
        3941,
        250,
        8485,
        97,
        41858,
        8485,
        103,
        17937,
        3941,
        230,
        3941,
        99,
        8485,
        250,
        46758,
        17937,
        3941,
        103,
        8703,
        223,
        25411,
        27099,
        3941,
        253,
        31881,
        8485,
        250,
        33926,
        3941,
        250,
        35082,
        17937,
        49316,
        33926,
        3941,
        94,
        17937,
        31970,
        31881,
        8485,
        105,
        45938,
        50864
      ],
      "temperature": 0.0,
      "avg_logprob": -0.2722873072470388,
      "compression_ratio": 1.8823529411764706,
      "no_speech_prob": 0.23841118812561035,
      "confidence": 0.783,
      "words": [
        {
          "text": "यानि",
          "start": 5.82,
          "end": 6.18,
          "confidence": 0.816
        },
        {
          "text": "कि",
          "start": 6.18,
          "end": 6.34,
          "confidence": 0.787
        },
        {
          "text": "आज",
          "start": 6.34,
          "end": 6.84,
          "confidence": 0.959
        },
        {
          "text": "तक",
          "start": 6.84,
          "end": 7.02,
          "confidence": 0.844
        },
        {
          "text": "पाईद",
          "start": 7.02,
          "end": 7.52,
          "confidence": 0.648
        },
        {
          "text": "जलापुर्टी",
          "start": 7.52,
          "end": 8.14,
          "confidence": 0.783
        },
        {
          "text": "जोजना",
          "start": 8.14,
          "end": 8.6,
          "confidence": 0.807
        },
        {
          "text": "सोडा",
          "start": 8.6,
          "end": 9.02,
          "confidence": 0.728
        },
        {
          "text": "की",
          "start": 9.02,
          "end": 9.06,
          "confidence": 0.803
        },
        {
          "text": "बस",
          "start": 9.06,
          "end": 9.4,
          "confidence": 0.823
        }
      ]
    }
  ],
  "language": "hi"
}