{
  "text": " इलाज कराएं कहां कहां अंते पेटे की हुत्ती बर्बादी जेरे की लाली लोगन पाती परतल के दोरान कभी सुप्रमा अधमन भजाती किती किती किरोईतु माथा पिठेतु",
  "segments": [
    {
      "id": 0,
      "seek": 0,
      "start": 0.0,
      "end": 11.8,
      "text": " इलाज कराएं कहां कहां अंते पेटे की हुत्ती बर्बादी जेरे की लाली लोगन पाती परतल के दोरान कभी सुप्रमा अधमन भजाती किती किती किरोईतु माथा पिठेतु",
      "tokens": [
        50364,
        8485,
        229,
        46758,
        17937,
        3941,
        250,
        31970,
        25411,
        17937,
        3941,
        237,
        31945,
        31970,
        44500,
        17937,
        31945,
        31970,
        44500,
        17937,
        31945,
        8485,
        227,
        31945,
        36158,
        21981,
        8485,
        103,
        21981,
        3941,
        253,
        21981,
        31970,
        31881,
        37139,
        8703,
        223,
        36158,
        27099,
        36158,
        31881,
        8485,
        105,
        25411,
        27099,
        3941,
        105,
        17937,
        3941,
        99,
        31881,
        8485,
        250,
        21981,
        25411,
        21981,
        31970,
        31881,
        8485,
        110,
        17937,
        46758,
        31881,
        8485,
        110,
        33926,
        3941,
        245,
        35082,
        8485,
        103,
        17937,
        36158,
        31881,
        8485,
        103,
        25411,
        36158,
        46758,
        31970,
        21981,
        8485,
        99,
        33926,
        25411,
        17937,
        35082,
        31970,
        3941,
        255,
        31881,
        49316,
        8703,
        223,
        3941,
        103,
        27099,
        25411,
        48521,
        17937,
        8485,
        227,
        3941,
        100,
        48521,
        35082,
        8485,
        255,
        3941,
        250,
        17937,
        36158,
        31881,
        31970,
        33279,
        36158,
        31881,
        31970,
        33279,
        36158,
        31881,
        31970,
        33279,
        25411,
        33926,
        3941,
        230,
        36158,
        8703,
        223,
        48449,
        17937,
        3941,
        98,
        17937,
        8485,
        103,
        33279,
        3941,
        254,
        21981,
        36158,
        8703,
        223,
        50964
      ],
      "temperature": 0.0,
      "avg_logprob": -0.4628734849903682,
      "compression_ratio": 2.179640718562874,
      "no_speech_prob": 0.6327362060546875,
      "confidence": 0.628,
      "words": [
        {
          "text": "इलाज",
          "start": 0.0,
          "end": 0.68,
          "confidence": 0.625
        },
        {
          "text": "कराएं",
          "start": 0.68,
          "end": 1.08,
          "confidence": 0.718
        },
        {
          "text": "कहां",
          "start": 1.08,
          "end": 1.48,
          "confidence": 0.805
        },
        {
          "text": "कहां",
          "start": 1.48,
          "end": 2.18,
          "confidence": 0.844
        },
        {
          "text": "अंते",
          "start": 2.18,
          "end": 2.52,
          "confidence": 0.503
        },
        {
          "text": "पेटे",
          "start": 2.52,
          "end": 2.88,
          "confidence": 0.504
        },
        {
          "text": "की",
          "start": 2.88,
          "end": 3.02,
          "confidence": 0.862
        },
        {
          "text": "हुत्ती",
          "start": 3.02,
          "end": 3.34,
          "confidence": 0.559
        },
        {
          "text": "बर्बादी",
          "start": 3.34,
          "end": 4.06,
          "confidence": 0.852
        },
        {
          "text": "जेरे",
          "start": 4.06,
          "end": 4.62,
          "confidence": 0.576
        },
        {
          "text": "की",
          "start": 4.62,
          "end": 4.88,
          "confidence": 0.791
        },
        {
          "text": "लाली",
          "start": 4.88,
          "end": 5.36,
          "confidence": 0.915
        },
        {
          "text": "लोगन",
          "start": 5.36,
          "end": 5.74,
          "confidence": 0.873
        },
        {
          "text": "पाती",
          "start": 5.74,
          "end": 6.26,
          "confidence": 0.747
        },
        {
          "text": "परतल",
          "start": 6.26,
          "end": 6.82,
          "confidence": 0.615
        },
        {
          "text": "के",
          "start": 6.82,
          "end": 6.96,
          "confidence": 0.84
        },
        {
          "text": "दोरान",
          "start": 6.96,
          "end": 7.4,
          "confidence": 0.813
        },
        {
          "text": "कभी",
          "start": 7.4,
          "end": 7.68,
          "confidence": 0.575
        },
        {
          "text": "सुप्रमा",
          "start": 7.68,
          "end": 8.54,
          "confidence": 0.418
        },
        {
          "text": "अधमन",
          "start": 8.54,
          "end": 9.0,
          "confidence": 0.518
        },
        {
          "text": "भजाती",
          "start": 9.0,
          "end": 9.56,
          "confidence": 0.555
        },
        {
          "text": "किती",
          "start": 9.56,
          "end": 9.82,
          "confidence": 0.619
        },
        {
          "text": "किती",
          "start": 9.82,
          "end": 10.22,
          "confidence": 0.605
        },
        {
          "text": "किरोईतु",
          "start": 10.22,
          "end": 10.92,
          "confidence": 0.475
        },
        {
          "text": "माथा",
          "start": 10.92,
          "end": 11.38,
          "confidence": 0.594
        },
        {
          "text": "पिठेतु",
          "start": 11.38,
          "end": 11.8,
          "confidence": 0.556
        }
      ]
    }
  ],
  "language": "hi"
}