{
  "text": " दन्वाज जियम् भंजुदा ओरिनेटर भुतारो प्रसाथसं धाकन मवाल्वानी",
  "segments": [
    {
      "id": 0,
      "seek": 0,
      "start": 0.0,
      "end": 6.38,
      "text": " दन्वाज जियम् भंजुदा ओरिनेटर भुतारो प्रसाथसं धाकन मवाल्वानी",
      "tokens": [
        50364,
        8485,
        99,
        35082,
        27099,
        3941,
        113,
        17937,
        3941,
        250,
        8485,
        250,
        33279,
        48268,
        48521,
        27099,
        8485,
        255,
        31945,
        3941,
        250,
        8703,
        223,
        3941,
        99,
        17937,
        8485,
        241,
        25411,
        33279,
        35082,
        21981,
        3941,
        253,
        25411,
        8485,
        255,
        8703,
        223,
        36158,
        17937,
        25411,
        33926,
        8485,
        103,
        27099,
        25411,
        45938,
        17937,
        3941,
        98,
        45938,
        31945,
        8485,
        100,
        17937,
        41858,
        35082,
        48449,
        3941,
        113,
        17937,
        46758,
        27099,
        3941,
        113,
        17937,
        35082,
        31881,
        50664
      ],
      "temperature": 0.0,
      "avg_logprob": -0.5013204225352113,
      "compression_ratio": 1.4678899082568808,
      "no_speech_prob": 0.34849682450294495,
      "confidence": 0.607,
      "words": [
        {
          "text": "दन्वाज",
          "start": 0.0,
          "end": 1.06,
          "confidence": 0.569
        },
        {
          "text": "जियम्",
          "start": 1.06,
          "end": 1.76,
          "confidence": 0.458
        },
        {
          "text": "भंजुदा",
          "start": 1.76,
          "end": 2.34,
          "confidence": 0.574
        },
        {
          "text": "ओरिनेटर",
          "start": 2.34,
          "end": 3.42,
          "confidence": 0.672
        },
        {
          "text": "भुतारो",
          "start": 3.42,
          "end": 4.0,
          "confidence": 0.767
        },
        {
          "text": "प्रसाथसं",
          "start": 4.0,
          "end": 4.8,
          "confidence": 0.481
        },
        {
          "text": "धाकन",
          "start": 4.8,
          "end": 5.6,
          "confidence": 0.671
        },
        {
          "text": "मवाल्वानी",
          "start": 5.6,
          "end": 6.38,
          "confidence": 0.721
        }
      ]
    }
  ],
  "language": "hi"
}