{
  "text": " ये ताहेजारी का बतवारा बच्चम से पतिज्ञेजारी को और ही वराजे करें। नवुल्प स्थाते सम्माइट होने जाले भारते तमास्री के 585,000 बच्चम को बर्णमदियों से बिश्चाराने का आकरा है।",
  "segments": [
    {
      "id": 0,
      "seek": 0,
      "start": 0.0,
      "end": 4.22,
      "text": " ये ताहेजारी का बतवारा बच्चम से पतिज्ञेजारी को और ही वराजे करें।",
      "tokens": [
        50364,
        8485,
        107,
        21981,
        8485,
        97,
        17937,
        44500,
        21981,
        3941,
        250,
        17937,
        25411,
        31881,
        31970,
        17937,
        8485,
        105,
        36158,
        3941,
        113,
        17937,
        25411,
        17937,
        8485,
        105,
        3941,
        248,
        27099,
        3941,
        248,
        48521,
        49316,
        21981,
        8485,
        103,
        36158,
        33279,
        3941,
        250,
        27099,
        3941,
        252,
        21981,
        3941,
        250,
        17937,
        25411,
        31881,
        31970,
        33926,
        8485,
        242,
        25411,
        37139,
        31881,
        8485,
        113,
        25411,
        17937,
        3941,
        250,
        21981,
        31970,
        25411,
        21981,
        31945,
        8703,
        97,
        50564
      ],
      "temperature": 0.0,
      "avg_logprob": -0.45595343638274627,
      "compression_ratio": 2.1083743842364533,
      "no_speech_prob": 0.13968321681022644,
      "confidence": 0.647,
      "words": [
        {
          "text": "ये",
          "start": 0.0,
          "end": 0.42,
          "confidence": 0.47
        },
        {
          "text": "ताहेजारी",
          "start": 0.42,
          "end": 1.06,
          "confidence": 0.643
        },
        {
          "text": "का",
          "start": 1.06,
          "end": 1.2,
          "confidence": 0.792
        },
        {
          "text": "बतवारा",
          "start": 1.2,
          "end": 1.78,
          "confidence": 0.753
        },
        {
          "text": "बच्चम",
          "start": 1.78,
          "end": 2.06,
          "confidence": 0.688
        },
        {
          "text": "से",
          "start": 2.06,
          "end": 2.22,
          "confidence": 0.443
        },
        {
          "text": "पतिज्ञेजारी",
          "start": 2.22,
          "end": 3.0,
          "confidence": 0.662
        },
        {
          "text": "को",
          "start": 3.0,
          "end": 3.1,
          "confidence": 0.848
        },
        {
          "text": "और",
          "start": 3.1,
          "end": 3.34,
          "confidence": 0.569
        },
        {
          "text": "ही",
          "start": 3.34,
          "end": 3.44,
          "confidence": 0.57
        },
        {
          "text": "वराजे",
          "start": 3.44,
          "end": 3.88,
          "confidence": 0.535
        },
        {
          "text": "करें।",
          "start": 3.88,
          "end": 4.22,
          "confidence": 0.728
        }
      ]
    },
    {
      "id": 1,
      "seek": 0,
      "start": 4.64,
      "end": 11.96,
      "text": " नवुल्प स्थाते सम्माइट होने जाले भारते तमास्री के 585,000 बच्चम को बर्णमदियों से बिश्चाराने का आकरा है।",
      "tokens": [
        50564,
        8485,
        101,
        3941,
        113,
        8703,
        223,
        46758,
        27099,
        3941,
        103,
        49316,
        27099,
        3941,
        98,
        17937,
        36158,
        21981,
        49316,
        48521,
        27099,
        48521,
        17937,
        3941,
        229,
        3941,
        253,
        37139,
        33926,
        35082,
        21981,
        8485,
        250,
        17937,
        46758,
        21981,
        8485,
        255,
        17937,
        25411,
        36158,
        21981,
        8485,
        97,
        48521,
        17937,
        45938,
        27099,
        25411,
        31881,
        31970,
        21981,
        1025,
        19287,
        11,
        1360,
        8485,
        105,
        3941,
        248,
        27099,
        3941,
        248,
        48521,
        31970,
        33926,
        8485,
        105,
        25411,
        27099,
        3941,
        96,
        48521,
        3941,
        99,
        33279,
        48268,
        33926,
        31945,
        49316,
        21981,
        8485,
        105,
        33279,
        3941,
        114,
        27099,
        3941,
        248,
        17937,
        25411,
        17937,
        35082,
        21981,
        31970,
        17937,
        8485,
        228,
        41858,
        25411,
        17937,
        37139,
        43372,
        8703,
        97,
        50964
      ],
      "temperature": 0.0,
      "avg_logprob": -0.45595343638274627,
      "compression_ratio": 2.1083743842364533,
      "no_speech_prob": 0.13968321681022644,
      "confidence": 0.623,
      "words": [
        {
          "text": "नवुल्प",
          "start": 4.64,
          "end": 5.16,
          "confidence": 0.578
        },
        {
          "text": "स्थाते",
          "start": 5.16,
          "end": 5.52,
          "confidence": 0.379
        },
        {
          "text": "सम्माइट",
          "start": 5.52,
          "end": 6.02,
          "confidence": 0.566
        },
        {
          "text": "होने",
          "start": 6.02,
          "end": 6.26,
          "confidence": 0.808
        },
        {
          "text": "जाले",
          "start": 6.26,
          "end": 6.58,
          "confidence": 0.767
        },
        {
          "text": "भारते",
          "start": 6.58,
          "end": 7.04,
          "confidence": 0.814
        },
        {
          "text": "तमास्री",
          "start": 7.04,
          "end": 7.58,
          "confidence": 0.594
        },
        {
          "text": "के",
          "start": 7.58,
          "end": 7.78,
          "confidence": 0.794
        },
        {
          "text": "585,000",
          "start": 7.78,
          "end": 9.26,
          "confidence": 0.615
        },
        {
          "text": "बच्चम",
          "start": 9.26,
          "end": 9.54,
          "confidence": 0.871
        },
        {
          "text": "को",
          "start": 9.54,
          "end": 9.72,
          "confidence": 0.587
        },
        {
          "text": "बर्णमदियों",
          "start": 9.72,
          "end": 10.32,
          "confidence": 0.519
        },
        {
          "text": "से",
          "start": 10.32,
          "end": 10.46,
          "confidence": 0.905
        },
        {
          "text": "बिश्चाराने",
          "start": 10.46,
          "end": 11.0,
          "confidence": 0.511
        },
        {
          "text": "का",
          "start": 11.0,
          "end": 11.1,
          "confidence": 0.893
        },
        {
          "text": "आकरा",
          "start": 11.1,
          "end": 11.58,
          "confidence": 0.745
        },
        {
          "text": "है।",
          "start": 11.58,
          "end": 11.96,
          "confidence": 0.89
        }
      ]
    }
  ],
  "language": "hi"
}