{
  "text": " वस्तु को अठारा साल से पहले पहले सादी नहीं करना, लेकिन बाल विवा, समाज के लिए अपराद हैं, बच्ची सारीरिक और मांसिक लूप से प्यार नहीं होता है और लड़की प्यार नहीं होता है.",
  "segments": [
    {
      "id": 0,
      "seek": 0,
      "start": 0.0,
      "end": 11.66,
      "text": " वस्तु को अठारा साल से पहले पहले सादी नहीं करना, लेकिन बाल विवा, समाज के लिए अपराद हैं, बच्ची सारीरिक और मांसिक लूप से प्यार नहीं होता है और लड़की प्यार नहीं होता है.",
      "tokens": [
        50364,
        8485,
        113,
        45938,
        27099,
        36158,
        8703,
        223,
        31970,
        33926,
        8485,
        227,
        3941,
        254,
        17937,
        25411,
        17937,
        49316,
        17937,
        46758,
        49316,
        21981,
        8485,
        103,
        44500,
        46758,
        21981,
        8485,
        103,
        44500,
        46758,
        21981,
        49316,
        17937,
        3941,
        99,
        31881,
        8485,
        101,
        44500,
        31881,
        31945,
        31970,
        25411,
        35082,
        17937,
        11,
        8485,
        110,
        21981,
        41858,
        33279,
        35082,
        8485,
        105,
        17937,
        46758,
        8485,
        113,
        33279,
        3941,
        113,
        17937,
        11,
        49316,
        48521,
        17937,
        3941,
        250,
        31970,
        21981,
        8485,
        110,
        33279,
        3941,
        237,
        8485,
        227,
        3941,
        103,
        25411,
        17937,
        3941,
        99,
        37139,
        43372,
        31945,
        11,
        8485,
        105,
        3941,
        248,
        27099,
        3941,
        248,
        31881,
        49316,
        17937,
        25411,
        31881,
        25411,
        33279,
        41858,
        8485,
        242,
        25411,
        48449,
        17937,
        31945,
        45938,
        33279,
        41858,
        8485,
        110,
        8703,
        224,
        3941,
        103,
        49316,
        21981,
        8485,
        103,
        27099,
        48268,
        17937,
        25411,
        8485,
        101,
        44500,
        31881,
        31945,
        37139,
        33926,
        36158,
        17937,
        37139,
        43372,
        8485,
        242,
        25411,
        8485,
        110,
        3941,
        94,
        3941,
        120,
        41858,
        31881,
        8485,
        103,
        27099,
        48268,
        17937,
        25411,
        8485,
        101,
        44500,
        31881,
        31945,
        37139,
        33926,
        36158,
        17937,
        37139,
        43372,
        13,
        50964
      ],
      "temperature": 0.0,
      "avg_logprob": -0.27019689196632024,
      "compression_ratio": 2.1927083333333335,
      "no_speech_prob": 0.5306993126869202,
      "confidence": 0.78,
      "words": [
        {
          "text": "वस्तु",
          "start": 0.0,
          "end": 0.84,
          "confidence": 0.652
        },
        {
          "text": "को",
          "start": 0.84,
          "end": 0.94,
          "confidence": 0.717
        },
        {
          "text": "अठारा",
          "start": 0.94,
          "end": 1.34,
          "confidence": 0.814
        },
        {
          "text": "साल",
          "start": 1.34,
          "end": 1.52,
          "confidence": 0.841
        },
        {
          "text": "से",
          "start": 1.52,
          "end": 1.72,
          "confidence": 0.786
        },
        {
          "text": "पहले",
          "start": 1.72,
          "end": 2.1,
          "confidence": 0.896
        },
        {
          "text": "पहले",
          "start": 2.1,
          "end": 2.46,
          "confidence": 0.703
        },
        {
          "text": "सादी",
          "start": 2.46,
          "end": 2.86,
          "confidence": 0.746
        },
        {
          "text": "नहीं",
          "start": 2.86,
          "end": 3.1,
          "confidence": 0.908
        },
        {
          "text": "करना,",
          "start": 3.1,
          "end": 3.42,
          "confidence": 0.938
        },
        {
          "text": "लेकिन",
          "start": 3.56,
          "end": 3.76,
          "confidence": 0.787
        },
        {
          "text": "बाल",
          "start": 3.76,
          "end": 4.06,
          "confidence": 0.869
        },
        {
          "text": "विवा,",
          "start": 4.06,
          "end": 4.4,
          "confidence": 0.9
        },
        {
          "text": "समाज",
          "start": 4.88,
          "end": 5.22,
          "confidence": 0.895
        },
        {
          "text": "के",
          "start": 5.22,
          "end": 5.42,
          "confidence": 0.72
        },
        {
          "text": "लिए",
          "start": 5.42,
          "end": 5.66,
          "confidence": 0.919
        },
        {
          "text": "अपराद",
          "start": 5.66,
          "end": 6.48,
          "confidence": 0.878
        },
        {
          "text": "हैं,",
          "start": 6.48,
          "end": 7.32,
          "confidence": 0.746
        },
        {
          "text": "बच्ची",
          "start": 7.32,
          "end": 7.82,
          "confidence": 0.937
        },
        {
          "text": "सारीरिक",
          "start": 7.82,
          "end": 8.52,
          "confidence": 0.633
        },
        {
          "text": "और",
          "start": 8.52,
          "end": 8.64,
          "confidence": 0.92
        },
        {
          "text": "मांसिक",
          "start": 8.64,
          "end": 9.08,
          "confidence": 0.752
        },
        {
          "text": "लूप",
          "start": 9.08,
          "end": 9.28,
          "confidence": 0.556
        },
        {
          "text": "से",
          "start": 9.28,
          "end": 9.48,
          "confidence": 0.849
        },
        {
          "text": "प्यार",
          "start": 9.48,
          "end": 9.96,
          "confidence": 0.638
        },
        {
          "text": "नहीं",
          "start": 9.96,
          "end": 10.28,
          "confidence": 0.954
        },
        {
          "text": "होता",
          "start": 10.28,
          "end": 10.44,
          "confidence": 0.853
        },
        {
          "text": "है",
          "start": 10.44,
          "end": 10.76,
          "confidence": 0.555
        },
        {
          "text": "और",
          "start": 10.76,
          "end": 11.04,
          "confidence": 0.71
        },
        {
          "text": "लड़की",
          "start": 11.04,
          "end": 11.42,
          "confidence": 0.894
        },
        {
          "text": "प्यार",
          "start": 11.42,
          "end": 11.6,
          "confidence": 0.526
        },
        {
          "text": "नहीं",
          "start": 11.6,
          "end": 11.62,
          "confidence": 0.709
        },
        {
          "text": "होता",
          "start": 11.62,
          "end": 11.64,
          "confidence": 0.763
        },
        {
          "text": "है.",
          "start": 11.64,
          "end": 11.66,
          "confidence": 0.877
        }
      ]
    }
  ],
  "language": "hi"
}