{
  "text": " जिसे उनको पढ़ने से रोक लिया जाता है, एक्योंकि आगे जाकर उसके लाइक लर्के अधिक खर्च से पढ़ते हैं।",
  "segments": [
    {
      "id": 0,
      "seek": 0,
      "start": 0.0,
      "end": 10.3,
      "text": " जिसे उनको पढ़ने से रोक लिया जाता है, एक्योंकि आगे जाकर उसके लाइक लर्के अधिक खर्च से पढ़ते हैं।",
      "tokens": [
        50364,
        8485,
        250,
        33279,
        45938,
        21981,
        8485,
        231,
        35082,
        41858,
        33926,
        8485,
        103,
        3941,
        95,
        3941,
        120,
        35082,
        21981,
        49316,
        21981,
        8485,
        108,
        33926,
        41858,
        8485,
        110,
        33279,
        48268,
        17937,
        8485,
        250,
        17937,
        36158,
        17937,
        37139,
        43372,
        11,
        8485,
        237,
        41858,
        27099,
        48268,
        33926,
        31945,
        41858,
        33279,
        8485,
        228,
        3941,
        245,
        21981,
        8485,
        250,
        17937,
        41858,
        25411,
        8485,
        231,
        45938,
        41858,
        21981,
        8485,
        110,
        17937,
        3941,
        229,
        41858,
        8485,
        110,
        25411,
        27099,
        41858,
        21981,
        8485,
        227,
        3941,
        100,
        33279,
        41858,
        8485,
        244,
        25411,
        27099,
        3941,
        248,
        49316,
        21981,
        8485,
        103,
        3941,
        95,
        3941,
        120,
        36158,
        21981,
        37139,
        43372,
        31945,
        8703,
        97,
        50964
      ],
      "temperature": 0.0,
      "avg_logprob": -0.31440149696127884,
      "compression_ratio": 1.7553956834532374,
      "no_speech_prob": 0.4810408055782318,
      "confidence": 0.747,
      "words": [
        {
          "text": "जिसे",
          "start": 0.0,
          "end": 0.58,
          "confidence": 0.875
        },
        {
          "text": "उनको",
          "start": 0.58,
          "end": 3.6,
          "confidence": 0.828
        },
        {
          "text": "पढ़ने",
          "start": 3.6,
          "end": 4.12,
          "confidence": 0.927
        },
        {
          "text": "से",
          "start": 4.12,
          "end": 4.26,
          "confidence": 0.866
        },
        {
          "text": "रोक",
          "start": 4.26,
          "end": 4.5,
          "confidence": 0.786
        },
        {
          "text": "लिया",
          "start": 4.5,
          "end": 4.7,
          "confidence": 0.809
        },
        {
          "text": "जाता",
          "start": 4.7,
          "end": 5.08,
          "confidence": 0.916
        },
        {
          "text": "है,",
          "start": 5.08,
          "end": 5.36,
          "confidence": 0.948
        },
        {
          "text": "एक्योंकि",
          "start": 5.84,
          "end": 5.94,
          "confidence": 0.594
        },
        {
          "text": "आगे",
          "start": 5.94,
          "end": 6.36,
          "confidence": 0.949
        },
        {
          "text": "जाकर",
          "start": 6.36,
          "end": 6.76,
          "confidence": 0.873
        },
        {
          "text": "उसके",
          "start": 6.76,
          "end": 7.76,
          "confidence": 0.918
        },
        {
          "text": "लाइक",
          "start": 7.76,
          "end": 8.02,
          "confidence": 0.777
        },
        {
          "text": "लर्के",
          "start": 8.02,
          "end": 8.54,
          "confidence": 0.683
        },
        {
          "text": "अधिक",
          "start": 8.54,
          "end": 9.68,
          "confidence": 0.859
        },
        {
          "text": "खर्च",
          "start": 9.68,
          "end": 10.08,
          "confidence": 0.516
        },
        {
          "text": "से",
          "start": 10.08,
          "end": 10.26,
          "confidence": 0.468
        },
        {
          "text": "पढ़ते",
          "start": 10.26,
          "end": 10.28,
          "confidence": 0.465
        },
        {
          "text": "हैं।",
          "start": 10.28,
          "end": 10.3,
          "confidence": 0.757
        }
      ]
    }
  ],
  "language": "hi"
}