{
  "text": " उपर में बैटा हुआ आ रहा था कोई और वो लगभा करिबन 10-12 साल के लड़का आ और बहुत छोड़ा ही चक्च पा लेकिन वो देखा कि वो बच्चे डूप लग जहांब से उसने पर प्रशाँच पर देखा था.",
  "segments": [
    {
      "id": 0,
      "seek": 0,
      "start": 0.0,
      "end": 11.92,
      "text": " उपर में बैटा हुआ आ रहा था कोई और वो लगभा करिबन 10-12 साल के लड़का आ और बहुत छोड़ा ही चक्च पा लेकिन वो देखा कि वो बच्चे डूप लग जहांब से उसने पर प्रशाँच पर देखा था.",
      "tokens": [
        50364,
        8485,
        231,
        3941,
        103,
        25411,
        48449,
        21981,
        31945,
        8485,
        105,
        43372,
        3941,
        253,
        17937,
        37139,
        8703,
        223,
        3941,
        228,
        8485,
        228,
        8485,
        108,
        44500,
        17937,
        8485,
        98,
        17937,
        31970,
        33926,
        3941,
        230,
        8485,
        242,
        25411,
        8485,
        113,
        33926,
        8485,
        110,
        3941,
        245,
        3941,
        255,
        17937,
        31970,
        25411,
        33279,
        3941,
        105,
        35082,
        1266,
        12,
        4762,
        49316,
        17937,
        46758,
        31970,
        21981,
        8485,
        110,
        3941,
        94,
        3941,
        120,
        41858,
        17937,
        8485,
        228,
        8485,
        242,
        25411,
        8485,
        105,
        44500,
        8703,
        223,
        36158,
        8485,
        249,
        33926,
        3941,
        94,
        3941,
        120,
        17937,
        37139,
        31881,
        8485,
        248,
        41858,
        27099,
        3941,
        248,
        8485,
        103,
        17937,
        8485,
        110,
        21981,
        41858,
        33279,
        35082,
        8485,
        113,
        33926,
        8485,
        99,
        21981,
        3941,
        244,
        17937,
        31970,
        33279,
        8485,
        113,
        33926,
        8485,
        105,
        3941,
        248,
        27099,
        3941,
        248,
        21981,
        8485,
        94,
        8703,
        224,
        3941,
        103,
        8485,
        110,
        3941,
        245,
        8485,
        250,
        44500,
        17937,
        31945,
        3941,
        105,
        49316,
        21981,
        8485,
        231,
        45938,
        35082,
        21981,
        8485,
        103,
        25411,
        8485,
        103,
        27099,
        25411,
        3941,
        114,
        17937,
        3941,
        223,
        3941,
        248,
        8485,
        103,
        25411,
        8485,
        99,
        21981,
        3941,
        244,
        17937,
        8485,
        98,
        17937,
        13,
        50964
      ],
      "temperature": 0.0,
      "avg_logprob": -0.4649841905306171,
      "compression_ratio": 1.9509803921568627,
      "no_speech_prob": 0.358411580324173,
      "confidence": 0.634,
      "words": [
        {
          "text": "उपर",
          "start": 0.0,
          "end": 0.68,
          "confidence": 0.655
        },
        {
          "text": "में",
          "start": 0.68,
          "end": 0.74,
          "confidence": 0.882
        },
        {
          "text": "बैटा",
          "start": 0.74,
          "end": 1.16,
          "confidence": 0.789
        },
        {
          "text": "हुआ",
          "start": 1.16,
          "end": 1.44,
          "confidence": 0.816
        },
        {
          "text": "आ",
          "start": 1.44,
          "end": 2.46,
          "confidence": 0.92
        },
        {
          "text": "रहा",
          "start": 2.46,
          "end": 2.66,
          "confidence": 0.804
        },
        {
          "text": "था",
          "start": 2.66,
          "end": 3.06,
          "confidence": 0.912
        },
        {
          "text": "कोई",
          "start": 3.06,
          "end": 3.22,
          "confidence": 0.92
        },
        {
          "text": "और",
          "start": 3.22,
          "end": 4.14,
          "confidence": 0.601
        },
        {
          "text": "वो",
          "start": 4.14,
          "end": 4.28,
          "confidence": 0.816
        },
        {
          "text": "लगभा",
          "start": 4.28,
          "end": 4.66,
          "confidence": 0.685
        },
        {
          "text": "करिबन",
          "start": 4.66,
          "end": 5.14,
          "confidence": 0.437
        },
        {
          "text": "10-12",
          "start": 5.14,
          "end": 5.96,
          "confidence": 0.649
        },
        {
          "text": "साल",
          "start": 5.96,
          "end": 6.18,
          "confidence": 0.731
        },
        {
          "text": "के",
          "start": 6.18,
          "end": 6.3,
          "confidence": 0.484
        },
        {
          "text": "लड़का",
          "start": 6.3,
          "end": 7.0,
          "confidence": 0.786
        },
        {
          "text": "आ",
          "start": 7.0,
          "end": 7.06,
          "confidence": 0.879
        },
        {
          "text": "और",
          "start": 7.06,
          "end": 7.34,
          "confidence": 0.687
        },
        {
          "text": "बहुत",
          "start": 7.34,
          "end": 7.6,
          "confidence": 0.861
        },
        {
          "text": "छोड़ा",
          "start": 7.6,
          "end": 7.96,
          "confidence": 0.823
        },
        {
          "text": "ही",
          "start": 7.96,
          "end": 8.06,
          "confidence": 0.624
        },
        {
          "text": "चक्च",
          "start": 8.06,
          "end": 8.4,
          "confidence": 0.454
        },
        {
          "text": "पा",
          "start": 8.4,
          "end": 8.58,
          "confidence": 0.369
        },
        {
          "text": "लेकिन",
          "start": 8.58,
          "end": 9.22,
          "confidence": 0.703
        },
        {
          "text": "वो",
          "start": 9.22,
          "end": 9.58,
          "confidence": 0.81
        },
        {
          "text": "देखा",
          "start": 9.58,
          "end": 9.88,
          "confidence": 0.922
        },
        {
          "text": "कि",
          "start": 9.88,
          "end": 10.04,
          "confidence": 0.506
        },
        {
          "text": "वो",
          "start": 10.04,
          "end": 10.16,
          "confidence": 0.796
        },
        {
          "text": "बच्चे",
          "start": 10.16,
          "end": 10.58,
          "confidence": 0.771
        },
        {
          "text": "डूप",
          "start": 10.58,
          "end": 10.82,
          "confidence": 0.829
        },
        {
          "text": "लग",
          "start": 10.82,
          "end": 10.94,
          "confidence": 0.511
        },
        {
          "text": "जहांब",
          "start": 10.94,
          "end": 11.38,
          "confidence": 0.55
        },
        {
          "text": "से",
          "start": 11.38,
          "end": 11.56,
          "confidence": 0.608
        },
        {
          "text": "उसने",
          "start": 11.56,
          "end": 11.82,
          "confidence": 0.843
        },
        {
          "text": "पर",
          "start": 11.82,
          "end": 11.84,
          "confidence": 0.249
        },
        {
          "text": "प्रशाँच",
          "start": 11.84,
          "end": 11.86,
          "confidence": 0.306
        },
        {
          "text": "पर",
          "start": 11.86,
          "end": 11.88,
          "confidence": 0.256
        },
        {
          "text": "देखा",
          "start": 11.88,
          "end": 11.9,
          "confidence": 0.472
        },
        {
          "text": "था.",
          "start": 11.9,
          "end": 11.92,
          "confidence": 0.484
        }
      ]
    }
  ],
  "language": "hi"
}