{
  "text": " परन्तो का भुतनाने जब पिछनों को अपने अफ़ांड दूट पिला रहे थे मागने के लेथ अवे भगवान की चमजकार निकाया के साथ साथ जो है कि उनका बाद प्रशाद नहीं लेता था।",
  "segments": [
    {
      "id": 0,
      "seek": 0,
      "start": 0.0,
      "end": 10.86,
      "text": " परन्तो का भुतनाने जब पिछनों को अपने अफ़ांड दूट पिला रहे थे मागने के लेथ अवे भगवान की चमजकार निकाया के साथ साथ जो है कि उनका बाद प्रशाद नहीं लेता था।",
      "tokens": [
        50364,
        8485,
        103,
        25411,
        35082,
        27099,
        36158,
        33926,
        31970,
        17937,
        8485,
        255,
        8703,
        223,
        36158,
        35082,
        17937,
        35082,
        21981,
        8485,
        250,
        3941,
        105,
        8485,
        103,
        33279,
        3941,
        249,
        35082,
        33926,
        31945,
        31970,
        33926,
        8485,
        227,
        3941,
        103,
        35082,
        21981,
        8485,
        227,
        3941,
        104,
        3941,
        120,
        17937,
        31945,
        3941,
        94,
        8485,
        99,
        8703,
        224,
        3941,
        253,
        8485,
        103,
        33279,
        46758,
        17937,
        8485,
        108,
        44500,
        21981,
        8485,
        98,
        21981,
        48449,
        17937,
        3941,
        245,
        35082,
        21981,
        31970,
        21981,
        8485,
        110,
        21981,
        3941,
        98,
        8485,
        227,
        3941,
        113,
        21981,
        8485,
        255,
        3941,
        245,
        3941,
        113,
        17937,
        35082,
        31970,
        31881,
        8485,
        248,
        48521,
        3941,
        250,
        41858,
        17937,
        25411,
        8485,
        101,
        33279,
        41858,
        17937,
        48268,
        17937,
        31970,
        21981,
        49316,
        17937,
        3941,
        98,
        49316,
        17937,
        3941,
        98,
        8485,
        250,
        33926,
        37139,
        43372,
        31970,
        33279,
        8485,
        231,
        35082,
        41858,
        17937,
        8485,
        105,
        17937,
        3941,
        99,
        8485,
        103,
        27099,
        25411,
        3941,
        114,
        17937,
        3941,
        99,
        8485,
        101,
        44500,
        31881,
        31945,
        8485,
        110,
        21981,
        36158,
        17937,
        8485,
        98,
        17937,
        8703,
        97,
        50964
      ],
      "temperature": 0.0,
      "avg_logprob": -0.562930943775762,
      "compression_ratio": 2.053763440860215,
      "no_speech_prob": 0.6840180158615112,
      "confidence": 0.569,
      "words": [
        {
          "text": "परन्तो",
          "start": 0.0,
          "end": 1.52,
          "confidence": 0.53
        },
        {
          "text": "का",
          "start": 1.52,
          "end": 1.78,
          "confidence": 0.467
        },
        {
          "text": "भुतनाने",
          "start": 1.78,
          "end": 2.62,
          "confidence": 0.569
        },
        {
          "text": "जब",
          "start": 2.62,
          "end": 2.82,
          "confidence": 0.933
        },
        {
          "text": "पिछनों",
          "start": 2.82,
          "end": 3.66,
          "confidence": 0.506
        },
        {
          "text": "को",
          "start": 3.66,
          "end": 3.74,
          "confidence": 0.848
        },
        {
          "text": "अपने",
          "start": 3.74,
          "end": 4.24,
          "confidence": 0.852
        },
        {
          "text": "अफ़ांड",
          "start": 4.24,
          "end": 4.56,
          "confidence": 0.51
        },
        {
          "text": "दूट",
          "start": 4.56,
          "end": 4.9,
          "confidence": 0.468
        },
        {
          "text": "पिला",
          "start": 4.9,
          "end": 5.18,
          "confidence": 0.807
        },
        {
          "text": "रहे",
          "start": 5.18,
          "end": 5.4,
          "confidence": 0.906
        },
        {
          "text": "थे",
          "start": 5.4,
          "end": 5.62,
          "confidence": 0.8
        },
        {
          "text": "मागने",
          "start": 5.62,
          "end": 6.12,
          "confidence": 0.587
        },
        {
          "text": "के",
          "start": 6.12,
          "end": 6.3,
          "confidence": 0.899
        },
        {
          "text": "लेथ",
          "start": 6.3,
          "end": 6.72,
          "confidence": 0.548
        },
        {
          "text": "अवे",
          "start": 6.72,
          "end": 6.98,
          "confidence": 0.563
        },
        {
          "text": "भगवान",
          "start": 6.98,
          "end": 7.44,
          "confidence": 0.696
        },
        {
          "text": "की",
          "start": 7.44,
          "end": 7.6,
          "confidence": 0.619
        },
        {
          "text": "चमजकार",
          "start": 7.6,
          "end": 8.28,
          "confidence": 0.635
        },
        {
          "text": "निकाया",
          "start": 8.28,
          "end": 8.84,
          "confidence": 0.68
        },
        {
          "text": "के",
          "start": 8.84,
          "end": 9.06,
          "confidence": 0.508
        },
        {
          "text": "साथ",
          "start": 9.06,
          "end": 9.52,
          "confidence": 0.924
        },
        {
          "text": "साथ",
          "start": 9.52,
          "end": 9.9,
          "confidence": 0.676
        },
        {
          "text": "जो",
          "start": 9.9,
          "end": 10.2,
          "confidence": 0.593
        },
        {
          "text": "है",
          "start": 10.2,
          "end": 10.22,
          "confidence": 0.738
        },
        {
          "text": "कि",
          "start": 10.22,
          "end": 10.52,
          "confidence": 0.617
        },
        {
          "text": "उनका",
          "start": 10.52,
          "end": 10.76,
          "confidence": 0.912
        },
        {
          "text": "बाद",
          "start": 10.76,
          "end": 10.78,
          "confidence": 0.466
        },
        {
          "text": "प्रशाद",
          "start": 10.78,
          "end": 10.8,
          "confidence": 0.209
        },
        {
          "text": "नहीं",
          "start": 10.8,
          "end": 10.82,
          "confidence": 0.374
        },
        {
          "text": "लेता",
          "start": 10.82,
          "end": 10.84,
          "confidence": 0.339
        },
        {
          "text": "था।",
          "start": 10.84,
          "end": 10.86,
          "confidence": 0.444
        }
      ]
    }
  ],
  "language": "hi"
}