{
  "text": " भारजी पती के उम्र का दोस्त पत्मी पर कली नहीं लगाया जा सकता और न लगाना तरहिए. ये पुरानी परम्पात तुहस्त हो रही है. समाज में भी.",
  "segments": [
    {
      "id": 0,
      "seek": 0,
      "start": 0.0,
      "end": 11.44,
      "text": " भारजी पती के उम्र का दोस्त पत्मी पर कली नहीं लगाया जा सकता और न लगाना तरहिए. ये पुरानी परम्पात तुहस्त हो रही है. समाज में भी.",
      "tokens": [
        50364,
        8485,
        255,
        17937,
        25411,
        3941,
        250,
        31881,
        8485,
        103,
        36158,
        31881,
        31970,
        21981,
        8485,
        231,
        48521,
        27099,
        25411,
        31970,
        17937,
        8485,
        99,
        33926,
        45938,
        27099,
        36158,
        8485,
        103,
        36158,
        27099,
        48521,
        31881,
        8485,
        103,
        25411,
        31970,
        46758,
        31881,
        8485,
        101,
        44500,
        31881,
        31945,
        8485,
        110,
        3941,
        245,
        17937,
        48268,
        17937,
        8485,
        250,
        17937,
        49316,
        41858,
        36158,
        17937,
        8485,
        242,
        25411,
        8485,
        101,
        8485,
        110,
        3941,
        245,
        17937,
        35082,
        17937,
        8485,
        97,
        25411,
        44500,
        33279,
        3941,
        237,
        13,
        8485,
        107,
        21981,
        8485,
        103,
        8703,
        223,
        25411,
        17937,
        35082,
        31881,
        8485,
        103,
        25411,
        48521,
        27099,
        3941,
        103,
        17937,
        36158,
        8485,
        97,
        8703,
        223,
        44500,
        45938,
        27099,
        36158,
        37139,
        33926,
        8485,
        108,
        44500,
        31881,
        37139,
        43372,
        13,
        49316,
        48521,
        17937,
        3941,
        250,
        48449,
        21981,
        31945,
        8485,
        255,
        31881,
        13,
        50964
      ],
      "temperature": 0.0,
      "avg_logprob": -0.2984651669051296,
      "compression_ratio": 1.9937106918238994,
      "no_speech_prob": 0.3901040852069855,
      "confidence": 0.765,
      "words": [
        {
          "text": "भारजी",
          "start": 0.0,
          "end": 0.98,
          "confidence": 0.594
        },
        {
          "text": "पती",
          "start": 0.98,
          "end": 1.48,
          "confidence": 0.86
        },
        {
          "text": "के",
          "start": 1.48,
          "end": 1.64,
          "confidence": 0.838
        },
        {
          "text": "उम्र",
          "start": 1.64,
          "end": 1.94,
          "confidence": 0.723
        },
        {
          "text": "का",
          "start": 1.94,
          "end": 1.96,
          "confidence": 0.719
        },
        {
          "text": "दोस्त",
          "start": 1.96,
          "end": 2.34,
          "confidence": 0.773
        },
        {
          "text": "पत्मी",
          "start": 2.34,
          "end": 2.72,
          "confidence": 0.762
        },
        {
          "text": "पर",
          "start": 2.72,
          "end": 3.28,
          "confidence": 0.948
        },
        {
          "text": "कली",
          "start": 3.28,
          "end": 3.64,
          "confidence": 0.499
        },
        {
          "text": "नहीं",
          "start": 3.64,
          "end": 3.9,
          "confidence": 0.915
        },
        {
          "text": "लगाया",
          "start": 3.9,
          "end": 4.38,
          "confidence": 0.881
        },
        {
          "text": "जा",
          "start": 4.38,
          "end": 4.42,
          "confidence": 0.843
        },
        {
          "text": "सकता",
          "start": 4.42,
          "end": 5.22,
          "confidence": 0.949
        },
        {
          "text": "और",
          "start": 5.22,
          "end": 5.76,
          "confidence": 0.884
        },
        {
          "text": "न",
          "start": 5.76,
          "end": 6.2,
          "confidence": 0.913
        },
        {
          "text": "लगाना",
          "start": 6.2,
          "end": 6.8,
          "confidence": 0.835
        },
        {
          "text": "तरहिए.",
          "start": 6.8,
          "end": 7.16,
          "confidence": 0.629
        },
        {
          "text": "ये",
          "start": 7.6,
          "end": 7.74,
          "confidence": 0.635
        },
        {
          "text": "पुरानी",
          "start": 7.74,
          "end": 8.2,
          "confidence": 0.871
        },
        {
          "text": "परम्पात",
          "start": 8.2,
          "end": 8.78,
          "confidence": 0.603
        },
        {
          "text": "तुहस्त",
          "start": 8.78,
          "end": 9.78,
          "confidence": 0.571
        },
        {
          "text": "हो",
          "start": 9.78,
          "end": 9.9,
          "confidence": 0.915
        },
        {
          "text": "रही",
          "start": 9.9,
          "end": 10.18,
          "confidence": 0.921
        },
        {
          "text": "है.",
          "start": 10.18,
          "end": 10.58,
          "confidence": 0.867
        },
        {
          "text": "समाज",
          "start": 10.82,
          "end": 11.12,
          "confidence": 0.828
        },
        {
          "text": "में",
          "start": 11.12,
          "end": 11.26,
          "confidence": 0.958
        },
        {
          "text": "भी.",
          "start": 11.26,
          "end": 11.44,
          "confidence": 0.941
        }
      ]
    }
  ],
  "language": "hi"
}