{
  "text": " परतू स्वास्ति भीवाग में और कोई कड़म नहीं उठाये हैं नाहीं उस स्वास्ति केंडर में दवा डॉक्टर नाज़ परी उपलग रहती हैं।",
  "segments": [
    {
      "id": 0,
      "seek": 0,
      "start": 0.0,
      "end": 9.48,
      "text": " परतू स्वास्ति भीवाग में और कोई कड़म नहीं उठाये हैं नाहीं उस स्वास्ति केंडर में दवा डॉक्टर नाज़ परी उपलग रहती हैं।",
      "tokens": [
        50364,
        220,
        156,
        97,
        103,
        156,
        97,
        108,
        156,
        97,
        97,
        8703,
        224,
        49316,
        27099,
        3941,
        113,
        17937,
        45938,
        27099,
        36158,
        33279,
        8485,
        255,
        31881,
        3941,
        113,
        17937,
        3941,
        245,
        48449,
        21981,
        31945,
        8485,
        242,
        25411,
        31970,
        33926,
        3941,
        230,
        31970,
        3941,
        94,
        3941,
        120,
        48521,
        8485,
        101,
        44500,
        31881,
        31945,
        8485,
        231,
        3941,
        254,
        17937,
        48268,
        21981,
        37139,
        43372,
        31945,
        8485,
        101,
        17937,
        44500,
        31881,
        31945,
        8485,
        231,
        45938,
        49316,
        27099,
        3941,
        113,
        17937,
        45938,
        27099,
        36158,
        33279,
        31970,
        21981,
        31945,
        3941,
        94,
        25411,
        48449,
        21981,
        31945,
        8485,
        99,
        3941,
        113,
        17937,
        8485,
        94,
        8703,
        231,
        41858,
        27099,
        3941,
        253,
        25411,
        8485,
        101,
        17937,
        3941,
        250,
        3941,
        120,
        8485,
        103,
        25411,
        31881,
        8485,
        231,
        3941,
        103,
        46758,
        3941,
        245,
        8485,
        108,
        44500,
        36158,
        31881,
        37139,
        43372,
        31945,
        8703,
        97,
        50814
      ],
      "temperature": 0.0,
      "avg_logprob": -0.36383362972375116,
      "compression_ratio": 1.966887417218543,
      "no_speech_prob": 0.5724831223487854,
      "confidence": 0.698,
      "words": [
        {
          "text": "परतू",
          "start": 0.0,
          "end": 2.12,
          "confidence": 0.533
        },
        {
          "text": "स्वास्ति",
          "start": 2.12,
          "end": 2.62,
          "confidence": 0.746
        },
        {
          "text": "भीवाग",
          "start": 2.62,
          "end": 2.92,
          "confidence": 0.799
        },
        {
          "text": "में",
          "start": 2.92,
          "end": 3.14,
          "confidence": 0.871
        },
        {
          "text": "और",
          "start": 3.14,
          "end": 3.44,
          "confidence": 0.45
        },
        {
          "text": "कोई",
          "start": 3.44,
          "end": 3.62,
          "confidence": 0.852
        },
        {
          "text": "कड़म",
          "start": 3.62,
          "end": 4.1,
          "confidence": 0.682
        },
        {
          "text": "नहीं",
          "start": 4.1,
          "end": 4.4,
          "confidence": 0.915
        },
        {
          "text": "उठाये",
          "start": 4.4,
          "end": 4.88,
          "confidence": 0.867
        },
        {
          "text": "हैं",
          "start": 4.88,
          "end": 5.16,
          "confidence": 0.637
        },
        {
          "text": "नाहीं",
          "start": 5.16,
          "end": 5.58,
          "confidence": 0.699
        },
        {
          "text": "उस",
          "start": 5.58,
          "end": 5.76,
          "confidence": 0.733
        },
        {
          "text": "स्वास्ति",
          "start": 5.76,
          "end": 6.24,
          "confidence": 0.862
        },
        {
          "text": "केंडर",
          "start": 6.24,
          "end": 6.42,
          "confidence": 0.698
        },
        {
          "text": "में",
          "start": 6.42,
          "end": 6.66,
          "confidence": 0.917
        },
        {
          "text": "दवा",
          "start": 6.66,
          "end": 7.12,
          "confidence": 0.635
        },
        {
          "text": "डॉक्टर",
          "start": 7.12,
          "end": 7.78,
          "confidence": 0.659
        },
        {
          "text": "नाज़",
          "start": 7.78,
          "end": 8.28,
          "confidence": 0.518
        },
        {
          "text": "परी",
          "start": 8.28,
          "end": 8.62,
          "confidence": 0.374
        },
        {
          "text": "उपलग",
          "start": 8.62,
          "end": 9.1,
          "confidence": 0.822
        },
        {
          "text": "रहती",
          "start": 9.1,
          "end": 9.36,
          "confidence": 0.768
        },
        {
          "text": "हैं।",
          "start": 9.36,
          "end": 9.48,
          "confidence": 0.705
        }
      ]
    }
  ],
  "language": "hi"
}