{
  "text": " पूजा करने को होने वाली परणानीयों को बैटक में रखा, पूजा में होने वाली कवी बेवधानों का निरान करने का अस्वासंद्धी दिया गया.",
  "segments": [
    {
      "id": 0,
      "seek": 0,
      "start": 0.0,
      "end": 7.48,
      "text": " पूजा करने को होने वाली परणानीयों को बैटक में रखा, पूजा में होने वाली कवी बेवधानों का निरान करने का अस्वासंद्धी दिया गया.",
      "tokens": [
        50364,
        8485,
        103,
        8703,
        224,
        3941,
        250,
        17937,
        31970,
        25411,
        35082,
        21981,
        31970,
        33926,
        37139,
        33926,
        35082,
        21981,
        8485,
        113,
        17937,
        46758,
        31881,
        8485,
        103,
        25411,
        3941,
        96,
        17937,
        35082,
        31881,
        48268,
        33926,
        31945,
        31970,
        33926,
        8485,
        105,
        43372,
        3941,
        253,
        41858,
        48449,
        21981,
        31945,
        8485,
        108,
        3941,
        244,
        17937,
        11,
        8485,
        103,
        8703,
        224,
        3941,
        250,
        17937,
        48449,
        21981,
        31945,
        37139,
        33926,
        35082,
        21981,
        8485,
        113,
        17937,
        46758,
        31881,
        31970,
        3941,
        113,
        31881,
        8485,
        105,
        21981,
        3941,
        113,
        3941,
        100,
        17937,
        35082,
        33926,
        31945,
        31970,
        17937,
        8485,
        101,
        33279,
        25411,
        17937,
        35082,
        31970,
        25411,
        35082,
        21981,
        31970,
        17937,
        8485,
        227,
        45938,
        27099,
        3941,
        113,
        17937,
        45938,
        31945,
        3941,
        99,
        27099,
        3941,
        100,
        31881,
        8485,
        99,
        33279,
        48268,
        17937,
        8485,
        245,
        48268,
        17937,
        13,
        50714
      ],
      "temperature": 0.0,
      "avg_logprob": -0.3909599364749969,
      "compression_ratio": 2.066225165562914,
      "no_speech_prob": 0.6996386647224426,
      "confidence": 0.691,
      "words": [
        {
          "text": "पूजा",
          "start": 0.0,
          "end": 1.24,
          "confidence": 0.628
        },
        {
          "text": "करने",
          "start": 1.24,
          "end": 1.56,
          "confidence": 0.547
        },
        {
          "text": "को",
          "start": 1.56,
          "end": 1.62,
          "confidence": 0.497
        },
        {
          "text": "होने",
          "start": 1.62,
          "end": 1.86,
          "confidence": 0.796
        },
        {
          "text": "वाली",
          "start": 1.86,
          "end": 2.04,
          "confidence": 0.807
        },
        {
          "text": "परणानीयों",
          "start": 2.04,
          "end": 2.54,
          "confidence": 0.398
        },
        {
          "text": "को",
          "start": 2.54,
          "end": 2.66,
          "confidence": 0.829
        },
        {
          "text": "बैटक",
          "start": 2.66,
          "end": 3.04,
          "confidence": 0.689
        },
        {
          "text": "में",
          "start": 3.04,
          "end": 3.16,
          "confidence": 0.834
        },
        {
          "text": "रखा,",
          "start": 3.16,
          "end": 3.36,
          "confidence": 0.871
        },
        {
          "text": "पूजा",
          "start": 3.5,
          "end": 3.74,
          "confidence": 0.882
        },
        {
          "text": "में",
          "start": 3.74,
          "end": 3.98,
          "confidence": 0.918
        },
        {
          "text": "होने",
          "start": 3.98,
          "end": 4.18,
          "confidence": 0.844
        },
        {
          "text": "वाली",
          "start": 4.18,
          "end": 4.32,
          "confidence": 0.895
        },
        {
          "text": "कवी",
          "start": 4.32,
          "end": 4.5,
          "confidence": 0.4
        },
        {
          "text": "बेवधानों",
          "start": 4.5,
          "end": 4.92,
          "confidence": 0.74
        },
        {
          "text": "का",
          "start": 4.92,
          "end": 5.04,
          "confidence": 0.73
        },
        {
          "text": "निरान",
          "start": 5.04,
          "end": 5.4,
          "confidence": 0.795
        },
        {
          "text": "करने",
          "start": 5.4,
          "end": 5.76,
          "confidence": 0.937
        },
        {
          "text": "का",
          "start": 5.76,
          "end": 5.88,
          "confidence": 0.882
        },
        {
          "text": "अस्वासंद्धी",
          "start": 5.88,
          "end": 7.18,
          "confidence": 0.557
        },
        {
          "text": "दिया",
          "start": 7.18,
          "end": 7.38,
          "confidence": 0.887
        },
        {
          "text": "गया.",
          "start": 7.38,
          "end": 7.48,
          "confidence": 0.911
        }
      ]
    }
  ],
  "language": "hi"
}