{
  "text": " नाले ज्यां हैं जिसे निकल दंग अपने सडको पर जमा हैं, इसके सफाई लेकर किसी परकार की पयावत होती ही नहीं कि तिक्ती हैं।",
  "segments": [
    {
      "id": 0,
      "seek": 0,
      "start": 0.0,
      "end": 8.64,
      "text": " नाले ज्यां हैं जिसे निकल दंग अपने सडको पर जमा हैं, इसके सफाई लेकर किसी परकार की पयावत होती ही नहीं कि तिक्ती हैं।",
      "tokens": [
        50364,
        220,
        156,
        97,
        101,
        17937,
        46758,
        21981,
        8485,
        250,
        27099,
        48268,
        17937,
        31945,
        37139,
        43372,
        31945,
        8485,
        250,
        33279,
        45938,
        21981,
        8485,
        101,
        33279,
        41858,
        46758,
        8485,
        99,
        31945,
        3941,
        245,
        8485,
        227,
        3941,
        103,
        35082,
        21981,
        49316,
        3941,
        94,
        3941,
        243,
        33926,
        8485,
        103,
        25411,
        8485,
        250,
        48521,
        17937,
        37139,
        43372,
        31945,
        11,
        8485,
        229,
        45938,
        41858,
        21981,
        49316,
        3941,
        104,
        17937,
        3941,
        230,
        8485,
        110,
        21981,
        41858,
        25411,
        31970,
        33279,
        45938,
        31881,
        8485,
        103,
        25411,
        41858,
        17937,
        25411,
        31970,
        31881,
        8485,
        103,
        48268,
        17937,
        3941,
        113,
        36158,
        37139,
        33926,
        36158,
        31881,
        37139,
        31881,
        8485,
        101,
        44500,
        31881,
        31945,
        31970,
        33279,
        8485,
        97,
        33279,
        41858,
        27099,
        36158,
        31881,
        37139,
        43372,
        31945,
        8703,
        97,
        50814
      ],
      "temperature": 0.0,
      "avg_logprob": -0.3558042477338742,
      "compression_ratio": 1.9271523178807948,
      "no_speech_prob": 0.393790066242218,
      "confidence": 0.714,
      "words": [
        {
          "text": "नाले",
          "start": 0.0,
          "end": 0.58,
          "confidence": 0.723
        },
        {
          "text": "ज्यां",
          "start": 0.58,
          "end": 0.96,
          "confidence": 0.667
        },
        {
          "text": "हैं",
          "start": 0.96,
          "end": 1.12,
          "confidence": 0.516
        },
        {
          "text": "जिसे",
          "start": 1.12,
          "end": 1.48,
          "confidence": 0.582
        },
        {
          "text": "निकल",
          "start": 1.48,
          "end": 2.1,
          "confidence": 0.808
        },
        {
          "text": "दंग",
          "start": 2.1,
          "end": 2.66,
          "confidence": 0.565
        },
        {
          "text": "अपने",
          "start": 2.66,
          "end": 3.0,
          "confidence": 0.752
        },
        {
          "text": "सडको",
          "start": 3.0,
          "end": 3.48,
          "confidence": 0.739
        },
        {
          "text": "पर",
          "start": 3.48,
          "end": 3.72,
          "confidence": 0.789
        },
        {
          "text": "जमा",
          "start": 3.72,
          "end": 4.0,
          "confidence": 0.659
        },
        {
          "text": "हैं,",
          "start": 4.0,
          "end": 4.18,
          "confidence": 0.735
        },
        {
          "text": "इसके",
          "start": 4.2,
          "end": 4.38,
          "confidence": 0.753
        },
        {
          "text": "सफाई",
          "start": 4.38,
          "end": 4.94,
          "confidence": 0.675
        },
        {
          "text": "लेकर",
          "start": 4.94,
          "end": 5.28,
          "confidence": 0.912
        },
        {
          "text": "किसी",
          "start": 5.28,
          "end": 5.6,
          "confidence": 0.826
        },
        {
          "text": "परकार",
          "start": 5.6,
          "end": 6.04,
          "confidence": 0.812
        },
        {
          "text": "की",
          "start": 6.04,
          "end": 6.16,
          "confidence": 0.68
        },
        {
          "text": "पयावत",
          "start": 6.16,
          "end": 6.62,
          "confidence": 0.686
        },
        {
          "text": "होती",
          "start": 6.62,
          "end": 7.1,
          "confidence": 0.877
        },
        {
          "text": "ही",
          "start": 7.1,
          "end": 7.2,
          "confidence": 0.761
        },
        {
          "text": "नहीं",
          "start": 7.2,
          "end": 7.52,
          "confidence": 0.945
        },
        {
          "text": "कि",
          "start": 7.52,
          "end": 7.66,
          "confidence": 0.626
        },
        {
          "text": "तिक्ती",
          "start": 7.66,
          "end": 8.06,
          "confidence": 0.597
        },
        {
          "text": "हैं।",
          "start": 8.06,
          "end": 8.64,
          "confidence": 0.631
        }
      ]
    }
  ],
  "language": "hi"
}