{
  "text": " ब्रह्साचा सुचाचार बन गया है, सवीद अगर विशकोरी निघरान नूच द्वारा उसी को पकड़ा जा रहा है जिसको पब्लिक पड़ गये हो और उसे पकड़ बाया हो.",
  "segments": [
    {
      "id": 0,
      "seek": 0,
      "start": 0.0,
      "end": 11.28,
      "text": " ब्रह्साचा सुचाचार बन गया है, सवीद अगर विशकोरी निघरान नूच द्वारा उसी को पकड़ा जा रहा है जिसको पब्लिक पड़ गये हो और उसे पकड़ बाया हो.",
      "tokens": [
        50364,
        8485,
        105,
        27099,
        25411,
        44500,
        27099,
        45938,
        17937,
        3941,
        248,
        17937,
        49316,
        8703,
        223,
        3941,
        248,
        17937,
        3941,
        248,
        17937,
        25411,
        8485,
        105,
        35082,
        8485,
        245,
        48268,
        17937,
        37139,
        43372,
        11,
        49316,
        3941,
        113,
        31881,
        3941,
        99,
        8485,
        227,
        3941,
        245,
        25411,
        8485,
        113,
        33279,
        3941,
        114,
        41858,
        33926,
        25411,
        31881,
        8485,
        101,
        33279,
        3941,
        246,
        25411,
        17937,
        35082,
        8485,
        101,
        8703,
        224,
        3941,
        248,
        8485,
        99,
        27099,
        3941,
        113,
        17937,
        25411,
        17937,
        8485,
        231,
        45938,
        31881,
        31970,
        33926,
        8485,
        103,
        41858,
        3941,
        94,
        3941,
        120,
        17937,
        8485,
        250,
        17937,
        8485,
        108,
        44500,
        17937,
        37139,
        43372,
        8485,
        250,
        33279,
        45938,
        41858,
        33926,
        8485,
        103,
        3941,
        105,
        27099,
        46758,
        33279,
        41858,
        8485,
        103,
        3941,
        94,
        3941,
        120,
        8485,
        245,
        48268,
        21981,
        37139,
        33926,
        8485,
        242,
        25411,
        8485,
        231,
        45938,
        21981,
        8485,
        103,
        41858,
        3941,
        94,
        3941,
        120,
        8485,
        105,
        17937,
        48268,
        17937,
        37139,
        33926,
        13,
        50964
      ],
      "temperature": 0.0,
      "avg_logprob": -0.33124023229897426,
      "compression_ratio": 1.9479768786127167,
      "no_speech_prob": 0.45108094811439514,
      "confidence": 0.733,
      "words": [
        {
          "text": "ब्रह्साचा",
          "start": 0.0,
          "end": 0.84,
          "confidence": 0.537
        },
        {
          "text": "सुचाचार",
          "start": 0.84,
          "end": 1.6,
          "confidence": 0.636
        },
        {
          "text": "बन",
          "start": 1.6,
          "end": 1.76,
          "confidence": 0.896
        },
        {
          "text": "गया",
          "start": 1.76,
          "end": 1.94,
          "confidence": 0.909
        },
        {
          "text": "है,",
          "start": 1.94,
          "end": 2.2,
          "confidence": 0.904
        },
        {
          "text": "सवीद",
          "start": 2.56,
          "end": 2.88,
          "confidence": 0.662
        },
        {
          "text": "अगर",
          "start": 2.88,
          "end": 3.24,
          "confidence": 0.787
        },
        {
          "text": "विशकोरी",
          "start": 3.24,
          "end": 3.66,
          "confidence": 0.65
        },
        {
          "text": "निघरान",
          "start": 3.66,
          "end": 4.16,
          "confidence": 0.638
        },
        {
          "text": "नूच",
          "start": 4.16,
          "end": 4.32,
          "confidence": 0.347
        },
        {
          "text": "द्वारा",
          "start": 4.32,
          "end": 4.84,
          "confidence": 0.874
        },
        {
          "text": "उसी",
          "start": 4.84,
          "end": 5.52,
          "confidence": 0.767
        },
        {
          "text": "को",
          "start": 5.52,
          "end": 5.86,
          "confidence": 0.694
        },
        {
          "text": "पकड़ा",
          "start": 5.86,
          "end": 6.24,
          "confidence": 0.845
        },
        {
          "text": "जा",
          "start": 6.24,
          "end": 6.44,
          "confidence": 0.96
        },
        {
          "text": "रहा",
          "start": 6.44,
          "end": 6.68,
          "confidence": 0.936
        },
        {
          "text": "है",
          "start": 6.68,
          "end": 6.92,
          "confidence": 0.947
        },
        {
          "text": "जिसको",
          "start": 6.92,
          "end": 7.54,
          "confidence": 0.669
        },
        {
          "text": "पब्लिक",
          "start": 7.54,
          "end": 8.42,
          "confidence": 0.645
        },
        {
          "text": "पड़",
          "start": 8.42,
          "end": 9.2,
          "confidence": 0.907
        },
        {
          "text": "गये",
          "start": 9.2,
          "end": 9.38,
          "confidence": 0.713
        },
        {
          "text": "हो",
          "start": 9.38,
          "end": 9.6,
          "confidence": 0.924
        },
        {
          "text": "और",
          "start": 9.6,
          "end": 10.22,
          "confidence": 0.905
        },
        {
          "text": "उसे",
          "start": 10.22,
          "end": 10.46,
          "confidence": 0.925
        },
        {
          "text": "पकड़",
          "start": 10.46,
          "end": 10.8,
          "confidence": 0.975
        },
        {
          "text": "बाया",
          "start": 10.8,
          "end": 11.06,
          "confidence": 0.879
        },
        {
          "text": "हो.",
          "start": 11.06,
          "end": 11.28,
          "confidence": 0.916
        }
      ]
    }
  ],
  "language": "hi"
}