{
  "text": " पुने वाले उन सर्कार या पाकी का समर्थक होते हैं आम महरिज नहीं इसलिए उनको लाव नहीं मिल पाता है धन्यवाद.",
  "segments": [
    {
      "id": 0,
      "seek": 0,
      "start": 0.0,
      "end": 9.3,
      "text": " पुने वाले उन सर्कार या पाकी का समर्थक होते हैं आम महरिज नहीं इसलिए उनको लाव नहीं मिल पाता है धन्यवाद.",
      "tokens": [
        50364,
        8485,
        103,
        8703,
        223,
        35082,
        21981,
        8485,
        113,
        17937,
        46758,
        21981,
        8485,
        231,
        35082,
        49316,
        25411,
        27099,
        41858,
        17937,
        25411,
        8485,
        107,
        17937,
        8485,
        103,
        17937,
        41858,
        31881,
        31970,
        17937,
        49316,
        48521,
        25411,
        27099,
        3941,
        98,
        41858,
        37139,
        33926,
        36158,
        21981,
        37139,
        43372,
        31945,
        8485,
        228,
        48521,
        48449,
        44500,
        25411,
        33279,
        3941,
        250,
        8485,
        101,
        44500,
        31881,
        31945,
        8485,
        229,
        45938,
        46758,
        33279,
        3941,
        237,
        8485,
        231,
        35082,
        41858,
        33926,
        8485,
        110,
        17937,
        3941,
        113,
        8485,
        101,
        44500,
        31881,
        31945,
        48449,
        33279,
        46758,
        8485,
        103,
        17937,
        36158,
        17937,
        37139,
        43372,
        8485,
        100,
        35082,
        27099,
        48268,
        3941,
        113,
        17937,
        3941,
        99,
        13,
        50864
      ],
      "temperature": 0.0,
      "avg_logprob": -0.2434226549588717,
      "compression_ratio": 1.7876712328767124,
      "no_speech_prob": 0.5841256380081177,
      "confidence": 0.793,
      "words": [
        {
          "text": "पुने",
          "start": 0.0,
          "end": 0.76,
          "confidence": 0.62
        },
        {
          "text": "वाले",
          "start": 0.76,
          "end": 1.1,
          "confidence": 0.859
        },
        {
          "text": "उन",
          "start": 1.1,
          "end": 1.26,
          "confidence": 0.923
        },
        {
          "text": "सर्कार",
          "start": 1.26,
          "end": 1.76,
          "confidence": 0.807
        },
        {
          "text": "या",
          "start": 1.76,
          "end": 1.94,
          "confidence": 0.86
        },
        {
          "text": "पाकी",
          "start": 1.94,
          "end": 2.3,
          "confidence": 0.795
        },
        {
          "text": "का",
          "start": 2.3,
          "end": 2.54,
          "confidence": 0.874
        },
        {
          "text": "समर्थक",
          "start": 2.54,
          "end": 3.14,
          "confidence": 0.736
        },
        {
          "text": "होते",
          "start": 3.14,
          "end": 3.74,
          "confidence": 0.747
        },
        {
          "text": "हैं",
          "start": 3.74,
          "end": 4.26,
          "confidence": 0.955
        },
        {
          "text": "आम",
          "start": 4.26,
          "end": 4.96,
          "confidence": 0.64
        },
        {
          "text": "महरिज",
          "start": 4.96,
          "end": 5.4,
          "confidence": 0.55
        },
        {
          "text": "नहीं",
          "start": 5.4,
          "end": 5.76,
          "confidence": 0.904
        },
        {
          "text": "इसलिए",
          "start": 5.76,
          "end": 6.32,
          "confidence": 0.796
        },
        {
          "text": "उनको",
          "start": 6.32,
          "end": 6.8,
          "confidence": 0.952
        },
        {
          "text": "लाव",
          "start": 6.8,
          "end": 7.08,
          "confidence": 0.881
        },
        {
          "text": "नहीं",
          "start": 7.08,
          "end": 7.32,
          "confidence": 0.936
        },
        {
          "text": "मिल",
          "start": 7.32,
          "end": 7.58,
          "confidence": 0.774
        },
        {
          "text": "पाता",
          "start": 7.58,
          "end": 7.98,
          "confidence": 0.922
        },
        {
          "text": "है",
          "start": 7.98,
          "end": 8.14,
          "confidence": 0.945
        },
        {
          "text": "धन्यवाद.",
          "start": 8.14,
          "end": 9.3,
          "confidence": 0.731
        }
      ]
    }
  ],
  "language": "hi"
}