{
  "text": " अब दी इन सब बातों से हमनों को बोती अच्छा लगता है जब की हम लोग पर परणादा पर लगता है",
  "segments": [
    {
      "id": 0,
      "seek": 0,
      "start": 0.0,
      "end": 6.08,
      "text": " अब दी इन सब बातों से हमनों को बोती अच्छा लगता है जब की हम लोग पर परणादा पर लगता है",
      "tokens": [
        50364,
        8485,
        227,
        3941,
        105,
        8485,
        99,
        31881,
        8485,
        229,
        35082,
        49316,
        3941,
        105,
        8485,
        105,
        17937,
        36158,
        33926,
        31945,
        49316,
        21981,
        37139,
        48521,
        35082,
        33926,
        31945,
        31970,
        33926,
        8485,
        105,
        33926,
        36158,
        31881,
        8485,
        227,
        3941,
        248,
        27099,
        3941,
        249,
        17937,
        8485,
        110,
        3941,
        245,
        36158,
        17937,
        37139,
        43372,
        8485,
        250,
        3941,
        105,
        31970,
        31881,
        37139,
        48521,
        8485,
        110,
        33926,
        3941,
        245,
        8485,
        103,
        25411,
        8485,
        103,
        25411,
        3941,
        96,
        17937,
        3941,
        99,
        17937,
        8485,
        103,
        25411,
        8485,
        110,
        3941,
        245,
        36158,
        17937,
        37139,
        43372,
        50714
      ],
      "temperature": 0.0,
      "avg_logprob": -0.5861111987720836,
      "compression_ratio": 1.73109243697479,
      "no_speech_prob": 0.7402938008308411,
      "confidence": 0.566,
      "words": [
        {
          "text": "अब",
          "start": 0.0,
          "end": 0.58,
          "confidence": 0.342
        },
        {
          "text": "दी",
          "start": 0.58,
          "end": 0.86,
          "confidence": 0.454
        },
        {
          "text": "इन",
          "start": 0.86,
          "end": 1.62,
          "confidence": 0.647
        },
        {
          "text": "सब",
          "start": 1.62,
          "end": 1.88,
          "confidence": 0.869
        },
        {
          "text": "बातों",
          "start": 1.88,
          "end": 2.14,
          "confidence": 0.961
        },
        {
          "text": "से",
          "start": 2.14,
          "end": 2.32,
          "confidence": 0.912
        },
        {
          "text": "हमनों",
          "start": 2.32,
          "end": 2.88,
          "confidence": 0.803
        },
        {
          "text": "को",
          "start": 2.88,
          "end": 3.0,
          "confidence": 0.757
        },
        {
          "text": "बोती",
          "start": 3.0,
          "end": 3.24,
          "confidence": 0.481
        },
        {
          "text": "अच्छा",
          "start": 3.24,
          "end": 3.56,
          "confidence": 0.811
        },
        {
          "text": "लगता",
          "start": 3.56,
          "end": 3.92,
          "confidence": 0.934
        },
        {
          "text": "है",
          "start": 3.92,
          "end": 4.08,
          "confidence": 0.927
        },
        {
          "text": "जब",
          "start": 4.08,
          "end": 5.16,
          "confidence": 0.669
        },
        {
          "text": "की",
          "start": 5.16,
          "end": 5.26,
          "confidence": 0.428
        },
        {
          "text": "हम",
          "start": 5.26,
          "end": 5.44,
          "confidence": 0.906
        },
        {
          "text": "लोग",
          "start": 5.44,
          "end": 5.68,
          "confidence": 0.769
        },
        {
          "text": "पर",
          "start": 5.68,
          "end": 6.0,
          "confidence": 0.238
        },
        {
          "text": "परणादा",
          "start": 6.0,
          "end": 6.02,
          "confidence": 0.213
        },
        {
          "text": "पर",
          "start": 6.02,
          "end": 6.04,
          "confidence": 0.239
        },
        {
          "text": "लगता",
          "start": 6.04,
          "end": 6.06,
          "confidence": 0.483
        },
        {
          "text": "है",
          "start": 6.06,
          "end": 6.08,
          "confidence": 0.885
        }
      ]
    }
  ],
  "language": "hi"
}