{
  "text": " मैं मुहम्मद बुद्धपर हुछें, हलारे बुद्धित्ति कोडिनेटर मॉबाईल वानी, मुहर्डन का लिए उठ्वाव शुरू हो चुका है, बहुत मिट्टी रखाने के बाद आज 36 पासिया हुई और कल 7 मीट्टी होगी.",
  "segments": [
    {
      "id": 0,
      "seek": 0,
      "start": 0.0,
      "end": 9.64,
      "text": " मैं मुहम्मद बुद्धपर हुछें, हलारे बुद्धित्ति कोडिनेटर मॉबाईल वानी, मुहर्डन का लिए उठ्वाव शुरू हो चुका है, बहुत मिट्टी रखाने के बाद आज 36 पासिया हुई और कल 7 मीट्टी होगी.",
      "tokens": [
        50364,
        48449,
        43372,
        31945,
        48449,
        8703,
        223,
        44500,
        48521,
        27099,
        48521,
        3941,
        99,
        8485,
        105,
        8703,
        223,
        3941,
        99,
        27099,
        3941,
        100,
        3941,
        103,
        25411,
        37139,
        8703,
        223,
        3941,
        249,
        21981,
        31945,
        11,
        37139,
        46758,
        17937,
        25411,
        21981,
        8485,
        105,
        8703,
        223,
        3941,
        99,
        27099,
        3941,
        100,
        33279,
        36158,
        27099,
        36158,
        33279,
        31970,
        33926,
        3941,
        94,
        33279,
        35082,
        21981,
        3941,
        253,
        25411,
        48449,
        8703,
        231,
        3941,
        105,
        17937,
        3941,
        230,
        46758,
        8485,
        113,
        17937,
        35082,
        31881,
        11,
        48449,
        8703,
        223,
        44500,
        25411,
        27099,
        3941,
        94,
        35082,
        31970,
        17937,
        8485,
        110,
        33279,
        3941,
        237,
        8485,
        231,
        3941,
        254,
        27099,
        3941,
        113,
        17937,
        3941,
        113,
        8485,
        114,
        8703,
        223,
        25411,
        8703,
        224,
        37139,
        33926,
        8485,
        248,
        8703,
        223,
        41858,
        17937,
        37139,
        43372,
        11,
        8485,
        105,
        44500,
        8703,
        223,
        36158,
        48449,
        33279,
        3941,
        253,
        27099,
        3941,
        253,
        31881,
        8485,
        108,
        3941,
        244,
        17937,
        35082,
        21981,
        31970,
        21981,
        8485,
        105,
        17937,
        3941,
        99,
        8485,
        228,
        3941,
        250,
        8652,
        8485,
        103,
        17937,
        45938,
        33279,
        48268,
        17937,
        37139,
        8703,
        223,
        3941,
        230,
        8485,
        242,
        25411,
        31970,
        46758,
        1614,
        48449,
        31881,
        3941,
        253,
        27099,
        3941,
        253,
        31881,
        37139,
        33926,
        3941,
        245,
        31881,
        13,
        50864
      ],
      "temperature": 0.0,
      "avg_logprob": -0.4036694384635763,
      "compression_ratio": 1.940909090909091,
      "no_speech_prob": 0.41086864471435547,
      "confidence": 0.681,
      "words": [
        {
          "text": "मैं",
          "start": 0.0,
          "end": 0.58,
          "confidence": 0.713
        },
        {
          "text": "मुहम्मद",
          "start": 0.58,
          "end": 1.0,
          "confidence": 0.626
        },
        {
          "text": "बुद्धपर",
          "start": 1.0,
          "end": 1.48,
          "confidence": 0.734
        },
        {
          "text": "हुछें,",
          "start": 1.48,
          "end": 1.74,
          "confidence": 0.589
        },
        {
          "text": "हलारे",
          "start": 1.82,
          "end": 2.04,
          "confidence": 0.426
        },
        {
          "text": "बुद्धित्ति",
          "start": 2.04,
          "end": 2.42,
          "confidence": 0.684
        },
        {
          "text": "कोडिनेटर",
          "start": 2.42,
          "end": 2.82,
          "confidence": 0.806
        },
        {
          "text": "मॉबाईल",
          "start": 2.82,
          "end": 3.12,
          "confidence": 0.689
        },
        {
          "text": "वानी,",
          "start": 3.12,
          "end": 3.36,
          "confidence": 0.622
        },
        {
          "text": "मुहर्डन",
          "start": 3.4,
          "end": 3.78,
          "confidence": 0.681
        },
        {
          "text": "का",
          "start": 3.78,
          "end": 3.94,
          "confidence": 0.544
        },
        {
          "text": "लिए",
          "start": 3.94,
          "end": 4.08,
          "confidence": 0.689
        },
        {
          "text": "उठ्वाव",
          "start": 4.08,
          "end": 4.4,
          "confidence": 0.687
        },
        {
          "text": "शुरू",
          "start": 4.4,
          "end": 4.66,
          "confidence": 0.734
        },
        {
          "text": "हो",
          "start": 4.66,
          "end": 4.76,
          "confidence": 0.7
        },
        {
          "text": "चुका",
          "start": 4.76,
          "end": 5.02,
          "confidence": 0.801
        },
        {
          "text": "है,",
          "start": 5.02,
          "end": 5.1,
          "confidence": 0.758
        },
        {
          "text": "बहुत",
          "start": 5.12,
          "end": 5.28,
          "confidence": 0.474
        },
        {
          "text": "मिट्टी",
          "start": 5.28,
          "end": 5.66,
          "confidence": 0.658
        },
        {
          "text": "रखाने",
          "start": 5.66,
          "end": 6.02,
          "confidence": 0.894
        },
        {
          "text": "के",
          "start": 6.02,
          "end": 6.1,
          "confidence": 0.855
        },
        {
          "text": "बाद",
          "start": 6.1,
          "end": 6.34,
          "confidence": 0.891
        },
        {
          "text": "आज",
          "start": 6.34,
          "end": 7.44,
          "confidence": 0.846
        },
        {
          "text": "36",
          "start": 7.44,
          "end": 7.74,
          "confidence": 0.232
        },
        {
          "text": "पासिया",
          "start": 7.74,
          "end": 8.3,
          "confidence": 0.593
        },
        {
          "text": "हुई",
          "start": 8.3,
          "end": 8.5,
          "confidence": 0.815
        },
        {
          "text": "और",
          "start": 8.5,
          "end": 8.74,
          "confidence": 0.759
        },
        {
          "text": "कल",
          "start": 8.74,
          "end": 8.92,
          "confidence": 0.753
        },
        {
          "text": "7",
          "start": 8.92,
          "end": 9.12,
          "confidence": 0.431
        },
        {
          "text": "मीट्टी",
          "start": 9.12,
          "end": 9.36,
          "confidence": 0.54
        },
        {
          "text": "होगी.",
          "start": 9.36,
          "end": 9.64,
          "confidence": 0.835
        }
      ]
    }
  ],
  "language": "hi"
}