{
  "text": " अच्छे ज़ाओं को जिस्तार होना पड़ता है और ये लेकर जैसे बिदली में काभी प्रशाँचा है",
  "segments": [
    {
      "id": 0,
      "seek": 0,
      "start": 0.0,
      "end": 4.92,
      "text": " अच्छे ज़ाओं को जिस्तार होना पड़ता है और ये लेकर जैसे बिदली में काभी प्रशाँचा है",
      "tokens": [
        50364,
        8485,
        227,
        3941,
        248,
        27099,
        3941,
        249,
        21981,
        8485,
        250,
        3941,
        120,
        17937,
        3941,
        241,
        31945,
        31970,
        33926,
        8485,
        250,
        33279,
        45938,
        27099,
        36158,
        17937,
        25411,
        37139,
        33926,
        35082,
        17937,
        8485,
        103,
        3941,
        94,
        3941,
        120,
        36158,
        17937,
        37139,
        43372,
        8485,
        242,
        25411,
        8485,
        107,
        21981,
        8485,
        110,
        21981,
        41858,
        25411,
        8485,
        250,
        43372,
        45938,
        21981,
        8485,
        105,
        33279,
        3941,
        99,
        46758,
        31881,
        48449,
        21981,
        31945,
        31970,
        17937,
        3941,
        255,
        31881,
        8485,
        103,
        27099,
        25411,
        3941,
        114,
        17937,
        3941,
        223,
        3941,
        248,
        17937,
        37139,
        43372,
        50664
      ],
      "temperature": 0.0,
      "avg_logprob": -0.5900790041143243,
      "compression_ratio": 1.6428571428571428,
      "no_speech_prob": 0.863932728767395,
      "confidence": 0.551,
      "words": [
        {
          "text": "अच्छे",
          "start": 0.0,
          "end": 0.5,
          "confidence": 0.546
        },
        {
          "text": "ज़ाओं",
          "start": 0.5,
          "end": 1.66,
          "confidence": 0.402
        },
        {
          "text": "को",
          "start": 1.66,
          "end": 1.68,
          "confidence": 0.578
        },
        {
          "text": "जिस्तार",
          "start": 1.68,
          "end": 2.1,
          "confidence": 0.654
        },
        {
          "text": "होना",
          "start": 2.1,
          "end": 2.32,
          "confidence": 0.761
        },
        {
          "text": "पड़ता",
          "start": 2.32,
          "end": 2.68,
          "confidence": 0.829
        },
        {
          "text": "है",
          "start": 2.68,
          "end": 2.76,
          "confidence": 0.763
        },
        {
          "text": "और",
          "start": 2.76,
          "end": 3.02,
          "confidence": 0.809
        },
        {
          "text": "ये",
          "start": 3.02,
          "end": 3.1,
          "confidence": 0.699
        },
        {
          "text": "लेकर",
          "start": 3.1,
          "end": 3.36,
          "confidence": 0.638
        },
        {
          "text": "जैसे",
          "start": 3.36,
          "end": 3.72,
          "confidence": 0.687
        },
        {
          "text": "बिदली",
          "start": 3.72,
          "end": 4.16,
          "confidence": 0.517
        },
        {
          "text": "में",
          "start": 4.16,
          "end": 4.3,
          "confidence": 0.709
        },
        {
          "text": "काभी",
          "start": 4.3,
          "end": 4.7,
          "confidence": 0.644
        },
        {
          "text": "प्रशाँचा",
          "start": 4.7,
          "end": 4.9,
          "confidence": 0.295
        },
        {
          "text": "है",
          "start": 4.9,
          "end": 4.92,
          "confidence": 0.289
        }
      ]
    }
  ],
  "language": "hi"
}