{
  "text": " जो काथ के लिए सरावन्दी एक बड़ा कदम है। इस मुण्ड पे पर जेर भी उतिरेशित जिला देश संकत सोधरी जरीव नेचा।",
  "segments": [
    {
      "id": 0,
      "seek": 0,
      "start": 0.0,
      "end": 2.83,
      "text": " जो काथ के लिए सरावन्दी एक बड़ा कदम है।",
      "tokens": [
        50364,
        8485,
        250,
        33926,
        31970,
        17937,
        3941,
        98,
        31970,
        21981,
        8485,
        110,
        33279,
        3941,
        237,
        49316,
        25411,
        17937,
        3941,
        113,
        35082,
        27099,
        3941,
        99,
        31881,
        8485,
        237,
        41858,
        8485,
        105,
        3941,
        94,
        3941,
        120,
        17937,
        31970,
        3941,
        99,
        48521,
        37139,
        43372,
        8703,
        97,
        50514
      ],
      "temperature": 0.0,
      "avg_logprob": -0.4755942966627038,
      "compression_ratio": 1.7086092715231789,
      "no_speech_prob": 0.599570095539093,
      "confidence": 0.726,
      "words": [
        {
          "text": "जो",
          "start": 0.0,
          "end": 0.48,
          "confidence": 0.442
        },
        {
          "text": "काथ",
          "start": 0.48,
          "end": 0.7,
          "confidence": 0.441
        },
        {
          "text": "के",
          "start": 0.7,
          "end": 0.8,
          "confidence": 0.637
        },
        {
          "text": "लिए",
          "start": 0.8,
          "end": 0.9,
          "confidence": 0.93
        },
        {
          "text": "सरावन्दी",
          "start": 0.9,
          "end": 1.62,
          "confidence": 0.782
        },
        {
          "text": "एक",
          "start": 1.62,
          "end": 1.96,
          "confidence": 0.913
        },
        {
          "text": "बड़ा",
          "start": 1.96,
          "end": 2.3,
          "confidence": 0.909
        },
        {
          "text": "कदम",
          "start": 2.3,
          "end": 2.64,
          "confidence": 0.733
        },
        {
          "text": "है।",
          "start": 2.64,
          "end": 2.83,
          "confidence": 0.638
        }
      ]
    },
    {
      "id": 1,
      "seek": 0,
      "start": 2.83,
      "end": 7.48,
      "text": " इस मुण्ड पे पर जेर भी उतिरेशित जिला देश संकत सोधरी जरीव नेचा।",
      "tokens": [
        50514,
        8485,
        229,
        45938,
        48449,
        8703,
        223,
        3941,
        96,
        27099,
        3941,
        94,
        8485,
        103,
        21981,
        8485,
        103,
        25411,
        8485,
        250,
        21981,
        25411,
        8485,
        255,
        31881,
        8485,
        231,
        36158,
        33279,
        25411,
        21981,
        3941,
        114,
        33279,
        36158,
        8485,
        250,
        33279,
        46758,
        17937,
        8485,
        99,
        21981,
        3941,
        114,
        49316,
        31945,
        41858,
        36158,
        49316,
        33926,
        3941,
        100,
        25411,
        31881,
        8485,
        250,
        25411,
        31881,
        3941,
        113,
        8485,
        101,
        21981,
        3941,
        248,
        17937,
        8703,
        97,
        50714
      ],
      "temperature": 0.0,
      "avg_logprob": -0.4755942966627038,
      "compression_ratio": 1.7086092715231789,
      "no_speech_prob": 0.599570095539093,
      "confidence": 0.564,
      "words": [
        {
          "text": "इस",
          "start": 2.83,
          "end": 3.06,
          "confidence": 0.699
        },
        {
          "text": "मुण्ड",
          "start": 3.06,
          "end": 3.22,
          "confidence": 0.525
        },
        {
          "text": "पे",
          "start": 3.22,
          "end": 3.36,
          "confidence": 0.636
        },
        {
          "text": "पर",
          "start": 3.36,
          "end": 3.52,
          "confidence": 0.725
        },
        {
          "text": "जेर",
          "start": 3.52,
          "end": 3.72,
          "confidence": 0.423
        },
        {
          "text": "भी",
          "start": 3.72,
          "end": 3.8,
          "confidence": 0.606
        },
        {
          "text": "उतिरेशित",
          "start": 3.8,
          "end": 4.42,
          "confidence": 0.424
        },
        {
          "text": "जिला",
          "start": 4.42,
          "end": 4.76,
          "confidence": 0.564
        },
        {
          "text": "देश",
          "start": 4.76,
          "end": 5.06,
          "confidence": 0.749
        },
        {
          "text": "संकत",
          "start": 5.06,
          "end": 5.56,
          "confidence": 0.523
        },
        {
          "text": "सोधरी",
          "start": 5.56,
          "end": 5.92,
          "confidence": 0.64
        },
        {
          "text": "जरीव",
          "start": 5.92,
          "end": 6.32,
          "confidence": 0.524
        },
        {
          "text": "नेचा।",
          "start": 6.32,
          "end": 7.48,
          "confidence": 0.653
        }
      ]
    }
  ],
  "language": "hi"
}