{
  "text": " सो महिना बिड़ जाने के बाद भी ओसाहार स्वागनवारी केंद्रू माक्रिमा ताथ बच्चों को दिया जाना हैं उर्टी नहीं की गई हैं।",
  "segments": [
    {
      "id": 0,
      "seek": 0,
      "start": 0.0,
      "end": 8.48,
      "text": " सो महिना बिड़ जाने के बाद भी ओसाहार स्वागनवारी केंद्रू माक्रिमा ताथ बच्चों को दिया जाना हैं उर्टी नहीं की गई हैं।",
      "tokens": [
        50364,
        49316,
        33926,
        48449,
        44500,
        33279,
        35082,
        17937,
        8485,
        105,
        33279,
        3941,
        94,
        3941,
        120,
        8485,
        250,
        17937,
        35082,
        21981,
        31970,
        21981,
        8485,
        105,
        17937,
        3941,
        99,
        8485,
        255,
        31881,
        8485,
        241,
        45938,
        17937,
        44500,
        17937,
        25411,
        49316,
        27099,
        3941,
        113,
        17937,
        3941,
        245,
        35082,
        3941,
        113,
        17937,
        25411,
        31881,
        31970,
        21981,
        31945,
        3941,
        99,
        27099,
        25411,
        8703,
        224,
        48449,
        17937,
        41858,
        27099,
        25411,
        33279,
        48521,
        17937,
        8485,
        97,
        17937,
        3941,
        98,
        8485,
        105,
        3941,
        248,
        27099,
        3941,
        248,
        33926,
        31945,
        31970,
        33926,
        8485,
        99,
        33279,
        48268,
        17937,
        8485,
        250,
        17937,
        35082,
        17937,
        37139,
        43372,
        31945,
        8485,
        231,
        25411,
        27099,
        3941,
        253,
        31881,
        8485,
        101,
        44500,
        31881,
        31945,
        31970,
        31881,
        8485,
        245,
        3941,
        230,
        37139,
        43372,
        31945,
        8703,
        97,
        50764
      ],
      "temperature": 0.0,
      "avg_logprob": -0.36648975719105115,
      "compression_ratio": 1.89171974522293,
      "no_speech_prob": 0.017761429771780968,
      "confidence": 0.692,
      "words": [
        {
          "text": "सो",
          "start": 0.0,
          "end": 0.48,
          "confidence": 0.458
        },
        {
          "text": "महिना",
          "start": 0.48,
          "end": 0.84,
          "confidence": 0.789
        },
        {
          "text": "बिड़",
          "start": 0.84,
          "end": 1.04,
          "confidence": 0.676
        },
        {
          "text": "जाने",
          "start": 1.04,
          "end": 1.38,
          "confidence": 0.906
        },
        {
          "text": "के",
          "start": 1.38,
          "end": 1.58,
          "confidence": 0.897
        },
        {
          "text": "बाद",
          "start": 1.58,
          "end": 1.86,
          "confidence": 0.928
        },
        {
          "text": "भी",
          "start": 1.86,
          "end": 2.4,
          "confidence": 0.934
        },
        {
          "text": "ओसाहार",
          "start": 2.4,
          "end": 3.22,
          "confidence": 0.446
        },
        {
          "text": "स्वागनवारी",
          "start": 3.22,
          "end": 4.16,
          "confidence": 0.687
        },
        {
          "text": "केंद्रू",
          "start": 4.16,
          "end": 4.56,
          "confidence": 0.721
        },
        {
          "text": "माक्रिमा",
          "start": 4.56,
          "end": 5.08,
          "confidence": 0.646
        },
        {
          "text": "ताथ",
          "start": 5.08,
          "end": 5.62,
          "confidence": 0.438
        },
        {
          "text": "बच्चों",
          "start": 5.62,
          "end": 6.06,
          "confidence": 0.709
        },
        {
          "text": "को",
          "start": 6.06,
          "end": 6.12,
          "confidence": 0.881
        },
        {
          "text": "दिया",
          "start": 6.12,
          "end": 6.38,
          "confidence": 0.871
        },
        {
          "text": "जाना",
          "start": 6.38,
          "end": 6.7,
          "confidence": 0.941
        },
        {
          "text": "हैं",
          "start": 6.7,
          "end": 7.16,
          "confidence": 0.672
        },
        {
          "text": "उर्टी",
          "start": 7.16,
          "end": 7.38,
          "confidence": 0.605
        },
        {
          "text": "नहीं",
          "start": 7.38,
          "end": 7.78,
          "confidence": 0.82
        },
        {
          "text": "की",
          "start": 7.78,
          "end": 7.92,
          "confidence": 0.786
        },
        {
          "text": "गई",
          "start": 7.92,
          "end": 8.18,
          "confidence": 0.838
        },
        {
          "text": "हैं।",
          "start": 8.18,
          "end": 8.48,
          "confidence": 0.417
        }
      ]
    }
  ],
  "language": "hi"
}