{
  "text": " खतकार दिकाद सुरंक साथ में श्यामला लोडी, ग्राँपंचा, ट्रेटी इम्मज, फुरत तैसी दिखानी अदाना जिलाड शुक्री मत्री देखें।",
  "segments": [
    {
      "id": 0,
      "seek": 0,
      "start": 0.0,
      "end": 7.76,
      "text": " खतकार दिकाद सुरंक साथ में श्यामला लोडी, ग्राँपंचा, ट्रेटी इम्मज, फुरत तैसी दिखानी अदाना जिलाड शुक्री मत्री देखें।",
      "tokens": [
        50364,
        220,
        156,
        97,
        244,
        156,
        97,
        97,
        156,
        97,
        243,
        17937,
        25411,
        8485,
        99,
        33279,
        41858,
        17937,
        3941,
        99,
        49316,
        8703,
        223,
        25411,
        31945,
        41858,
        49316,
        17937,
        3941,
        98,
        48449,
        21981,
        31945,
        8485,
        114,
        27099,
        48268,
        17937,
        48521,
        46758,
        17937,
        8485,
        110,
        33926,
        3941,
        94,
        31881,
        11,
        8485,
        245,
        27099,
        25411,
        17937,
        3941,
        223,
        3941,
        103,
        31945,
        3941,
        248,
        17937,
        11,
        8485,
        253,
        27099,
        25411,
        21981,
        3941,
        253,
        31881,
        8485,
        229,
        48521,
        27099,
        48521,
        3941,
        250,
        11,
        8485,
        104,
        8703,
        223,
        25411,
        36158,
        8485,
        97,
        43372,
        45938,
        31881,
        8485,
        99,
        33279,
        3941,
        244,
        17937,
        35082,
        31881,
        8485,
        227,
        3941,
        99,
        17937,
        35082,
        17937,
        8485,
        250,
        33279,
        46758,
        17937,
        3941,
        94,
        8485,
        114,
        8703,
        223,
        41858,
        27099,
        25411,
        31881,
        48449,
        36158,
        27099,
        25411,
        31881,
        8485,
        99,
        21981,
        3941,
        244,
        21981,
        31945,
        8703,
        97,
        50764
      ],
      "temperature": 0.0,
      "avg_logprob": -0.5083776968496817,
      "compression_ratio": 1.8571428571428572,
      "no_speech_prob": 0.3756659924983978,
      "confidence": 0.606,
      "words": [
        {
          "text": "खतकार",
          "start": 0.0,
          "end": 0.92,
          "confidence": 0.588
        },
        {
          "text": "दिकाद",
          "start": 0.92,
          "end": 1.34,
          "confidence": 0.47
        },
        {
          "text": "सुरंक",
          "start": 1.34,
          "end": 1.64,
          "confidence": 0.625
        },
        {
          "text": "साथ",
          "start": 1.64,
          "end": 2.84,
          "confidence": 0.585
        },
        {
          "text": "में",
          "start": 2.84,
          "end": 3.12,
          "confidence": 0.503
        },
        {
          "text": "श्यामला",
          "start": 3.12,
          "end": 3.64,
          "confidence": 0.706
        },
        {
          "text": "लोडी,",
          "start": 3.64,
          "end": 4.0,
          "confidence": 0.789
        },
        {
          "text": "ग्राँपंचा,",
          "start": 4.08,
          "end": 4.68,
          "confidence": 0.697
        },
        {
          "text": "ट्रेटी",
          "start": 4.74,
          "end": 5.04,
          "confidence": 0.667
        },
        {
          "text": "इम्मज,",
          "start": 5.04,
          "end": 5.42,
          "confidence": 0.568
        },
        {
          "text": "फुरत",
          "start": 5.48,
          "end": 5.7,
          "confidence": 0.565
        },
        {
          "text": "तैसी",
          "start": 5.7,
          "end": 5.92,
          "confidence": 0.426
        },
        {
          "text": "दिखानी",
          "start": 5.92,
          "end": 6.3,
          "confidence": 0.611
        },
        {
          "text": "अदाना",
          "start": 6.3,
          "end": 6.66,
          "confidence": 0.575
        },
        {
          "text": "जिलाड",
          "start": 6.66,
          "end": 6.86,
          "confidence": 0.615
        },
        {
          "text": "शुक्री",
          "start": 6.86,
          "end": 7.2,
          "confidence": 0.662
        },
        {
          "text": "मत्री",
          "start": 7.2,
          "end": 7.56,
          "confidence": 0.486
        },
        {
          "text": "देखें।",
          "start": 7.56,
          "end": 7.76,
          "confidence": 0.64
        }
      ]
    }
  ],
  "language": "hi"
}