{
  "text": " उन्हों बॉल को मॉबाल से दूर रहना चाहते नहीं। जब इस मॉबाल से दूर किया चाहता है, तो तो पापने कहा आ गया? मम्मे पापने मेरे बदे का डिक्शार है, और जब वही मॉबाल दे जाये, तो वह कहते हैं.",
  "segments": [
    {
      "id": 0,
      "seek": 0,
      "start": 0.0,
      "end": 3.0,
      "text": " उन्हों बॉल को मॉबाल से दूर रहना चाहते नहीं।",
      "tokens": [
        50364,
        8485,
        231,
        35082,
        27099,
        44500,
        33926,
        31945,
        8485,
        105,
        8703,
        231,
        46758,
        31970,
        33926,
        48449,
        8703,
        231,
        3941,
        105,
        17937,
        46758,
        49316,
        21981,
        8485,
        99,
        8703,
        224,
        25411,
        8485,
        108,
        44500,
        35082,
        17937,
        8485,
        248,
        17937,
        44500,
        36158,
        21981,
        8485,
        101,
        44500,
        31881,
        31945,
        8703,
        97,
        50514
      ],
      "temperature": 0.0,
      "avg_logprob": -0.4051728197323379,
      "compression_ratio": 2.2373737373737375,
      "no_speech_prob": 0.426756888628006,
      "confidence": 0.628,
      "words": [
        {
          "text": "उन्हों",
          "start": 0.0,
          "end": 0.72,
          "confidence": 0.49
        },
        {
          "text": "बॉल",
          "start": 0.72,
          "end": 0.74,
          "confidence": 0.335
        },
        {
          "text": "को",
          "start": 0.74,
          "end": 0.92,
          "confidence": 0.468
        },
        {
          "text": "मॉबाल",
          "start": 0.92,
          "end": 1.28,
          "confidence": 0.672
        },
        {
          "text": "से",
          "start": 1.28,
          "end": 1.38,
          "confidence": 0.813
        },
        {
          "text": "दूर",
          "start": 1.38,
          "end": 1.62,
          "confidence": 0.887
        },
        {
          "text": "रहना",
          "start": 1.62,
          "end": 1.88,
          "confidence": 0.781
        },
        {
          "text": "चाहते",
          "start": 1.88,
          "end": 2.18,
          "confidence": 0.726
        },
        {
          "text": "नहीं।",
          "start": 2.18,
          "end": 3.0,
          "confidence": 0.701
        }
      ]
    },
    {
      "id": 1,
      "seek": 0,
      "start": 3.0,
      "end": 6.14,
      "text": " जब इस मॉबाल से दूर किया चाहता है, तो तो पापने कहा आ गया?",
      "tokens": [
        50514,
        8485,
        250,
        3941,
        105,
        8485,
        229,
        45938,
        48449,
        8703,
        231,
        3941,
        105,
        17937,
        46758,
        49316,
        21981,
        8485,
        99,
        8703,
        224,
        25411,
        31970,
        33279,
        48268,
        17937,
        8485,
        248,
        17937,
        44500,
        36158,
        17937,
        37139,
        43372,
        11,
        8485,
        97,
        33926,
        8485,
        97,
        33926,
        8485,
        103,
        17937,
        3941,
        103,
        35082,
        21981,
        31970,
        44500,
        17937,
        8485,
        228,
        8485,
        245,
        48268,
        17937,
        30,
        50664
      ],
      "temperature": 0.0,
      "avg_logprob": -0.4051728197323379,
      "compression_ratio": 2.2373737373737375,
      "no_speech_prob": 0.426756888628006,
      "confidence": 0.672,
      "words": [
        {
          "text": "जब",
          "start": 3.0,
          "end": 3.14,
          "confidence": 0.502
        },
        {
          "text": "इस",
          "start": 3.14,
          "end": 3.32,
          "confidence": 0.632
        },
        {
          "text": "मॉबाल",
          "start": 3.32,
          "end": 3.7,
          "confidence": 0.835
        },
        {
          "text": "से",
          "start": 3.7,
          "end": 3.82,
          "confidence": 0.818
        },
        {
          "text": "दूर",
          "start": 3.82,
          "end": 4.02,
          "confidence": 0.939
        },
        {
          "text": "किया",
          "start": 4.02,
          "end": 4.2,
          "confidence": 0.609
        },
        {
          "text": "चाहता",
          "start": 4.2,
          "end": 4.4,
          "confidence": 0.796
        },
        {
          "text": "है,",
          "start": 4.4,
          "end": 4.42,
          "confidence": 0.952
        },
        {
          "text": "तो",
          "start": 4.58,
          "end": 4.6,
          "confidence": 0.857
        },
        {
          "text": "तो",
          "start": 4.6,
          "end": 4.74,
          "confidence": 0.3
        },
        {
          "text": "पापने",
          "start": 4.74,
          "end": 5.42,
          "confidence": 0.401
        },
        {
          "text": "कहा",
          "start": 5.42,
          "end": 5.68,
          "confidence": 0.865
        },
        {
          "text": "आ",
          "start": 5.68,
          "end": 5.76,
          "confidence": 0.594
        },
        {
          "text": "गया?",
          "start": 5.76,
          "end": 6.14,
          "confidence": 0.915
        }
      ]
    },
    {
      "id": 2,
      "seek": 0,
      "start": 6.62,
      "end": 11.16,
      "text": " मम्मे पापने मेरे बदे का डिक्शार है, और जब वही मॉबाल दे जाये, तो वह कहते हैं.",
      "tokens": [
        50664,
        48449,
        48521,
        27099,
        48521,
        21981,
        8485,
        103,
        17937,
        3941,
        103,
        35082,
        21981,
        48449,
        21981,
        25411,
        21981,
        8485,
        105,
        3941,
        99,
        21981,
        31970,
        17937,
        8485,
        94,
        33279,
        41858,
        27099,
        3941,
        114,
        17937,
        25411,
        37139,
        43372,
        11,
        8485,
        242,
        25411,
        8485,
        250,
        3941,
        105,
        8485,
        113,
        44500,
        31881,
        48449,
        8703,
        231,
        3941,
        105,
        17937,
        46758,
        8485,
        99,
        21981,
        8485,
        250,
        17937,
        48268,
        21981,
        11,
        8485,
        97,
        33926,
        8485,
        113,
        44500,
        31970,
        44500,
        36158,
        21981,
        37139,
        43372,
        31945,
        13,
        50914
      ],
      "temperature": 0.0,
      "avg_logprob": -0.4051728197323379,
      "compression_ratio": 2.2373737373737375,
      "no_speech_prob": 0.426756888628006,
      "confidence": 0.719,
      "words": [
        {
          "text": "मम्मे",
          "start": 6.62,
          "end": 6.94,
          "confidence": 0.678
        },
        {
          "text": "पापने",
          "start": 6.94,
          "end": 7.32,
          "confidence": 0.717
        },
        {
          "text": "मेरे",
          "start": 7.32,
          "end": 7.48,
          "confidence": 0.872
        },
        {
          "text": "बदे",
          "start": 7.48,
          "end": 7.76,
          "confidence": 0.654
        },
        {
          "text": "का",
          "start": 7.76,
          "end": 7.8,
          "confidence": 0.691
        },
        {
          "text": "डिक्शार",
          "start": 7.8,
          "end": 8.3,
          "confidence": 0.65
        },
        {
          "text": "है,",
          "start": 8.3,
          "end": 8.58,
          "confidence": 0.889
        },
        {
          "text": "और",
          "start": 8.74,
          "end": 8.84,
          "confidence": 0.754
        },
        {
          "text": "जब",
          "start": 8.84,
          "end": 8.98,
          "confidence": 0.632
        },
        {
          "text": "वही",
          "start": 8.98,
          "end": 9.2,
          "confidence": 0.681
        },
        {
          "text": "मॉबाल",
          "start": 9.2,
          "end": 9.72,
          "confidence": 0.879
        },
        {
          "text": "दे",
          "start": 9.72,
          "end": 9.82,
          "confidence": 0.778
        },
        {
          "text": "जाये,",
          "start": 9.82,
          "end": 10.2,
          "confidence": 0.528
        },
        {
          "text": "तो",
          "start": 10.46,
          "end": 10.58,
          "confidence": 0.891
        },
        {
          "text": "वह",
          "start": 10.58,
          "end": 10.7,
          "confidence": 0.693
        },
        {
          "text": "कहते",
          "start": 10.7,
          "end": 11.06,
          "confidence": 0.77
        },
        {
          "text": "हैं.",
          "start": 11.06,
          "end": 11.16,
          "confidence": 0.773
        }
      ]
    }
  ],
  "language": "hi"
}