{
  "text": " और जाथ चल रही है। बावजुर जी कोईला कावेद उत्खणान में तस्तरी बद्धशूत जारी है।",
  "segments": [
    {
      "id": 0,
      "seek": 0,
      "start": 0.0,
      "end": 7.48,
      "text": " और जाथ चल रही है। बावजुर जी कोईला कावेद उत्खणान में तस्तरी बद्धशूत जारी है।",
      "tokens": [
        50364,
        8485,
        242,
        25411,
        8485,
        250,
        17937,
        3941,
        98,
        8485,
        248,
        46758,
        8485,
        108,
        44500,
        31881,
        37139,
        43372,
        8703,
        97,
        8485,
        105,
        17937,
        3941,
        113,
        3941,
        250,
        8703,
        223,
        25411,
        8485,
        250,
        31881,
        31970,
        33926,
        3941,
        230,
        46758,
        17937,
        31970,
        17937,
        3941,
        113,
        21981,
        3941,
        99,
        8485,
        231,
        36158,
        27099,
        3941,
        244,
        3941,
        96,
        17937,
        35082,
        48449,
        21981,
        31945,
        8485,
        97,
        45938,
        27099,
        36158,
        25411,
        31881,
        8485,
        105,
        3941,
        99,
        27099,
        3941,
        100,
        3941,
        114,
        8703,
        224,
        36158,
        8485,
        250,
        17937,
        25411,
        31881,
        37139,
        43372,
        8703,
        97,
        50714
      ],
      "temperature": 0.0,
      "avg_logprob": -0.3763962649227528,
      "compression_ratio": 1.6147540983606556,
      "no_speech_prob": 0.8856327533721924,
      "confidence": 0.687,
      "words": [
        {
          "text": "और",
          "start": 0.0,
          "end": 1.78,
          "confidence": 0.391
        },
        {
          "text": "जाथ",
          "start": 1.78,
          "end": 2.18,
          "confidence": 0.538
        },
        {
          "text": "चल",
          "start": 2.18,
          "end": 2.38,
          "confidence": 0.795
        },
        {
          "text": "रही",
          "start": 2.38,
          "end": 2.74,
          "confidence": 0.933
        },
        {
          "text": "है।",
          "start": 2.74,
          "end": 3.18,
          "confidence": 0.709
        },
        {
          "text": "बावजुर",
          "start": 3.18,
          "end": 3.7,
          "confidence": 0.801
        },
        {
          "text": "जी",
          "start": 3.7,
          "end": 3.82,
          "confidence": 0.659
        },
        {
          "text": "कोईला",
          "start": 3.82,
          "end": 4.24,
          "confidence": 0.769
        },
        {
          "text": "कावेद",
          "start": 4.24,
          "end": 4.64,
          "confidence": 0.716
        },
        {
          "text": "उत्खणान",
          "start": 4.64,
          "end": 5.18,
          "confidence": 0.639
        },
        {
          "text": "में",
          "start": 5.18,
          "end": 5.28,
          "confidence": 0.481
        },
        {
          "text": "तस्तरी",
          "start": 5.28,
          "end": 5.8,
          "confidence": 0.611
        },
        {
          "text": "बद्धशूत",
          "start": 5.8,
          "end": 6.5,
          "confidence": 0.652
        },
        {
          "text": "जारी",
          "start": 6.5,
          "end": 6.78,
          "confidence": 0.885
        },
        {
          "text": "है।",
          "start": 6.78,
          "end": 7.48,
          "confidence": 0.815
        }
      ]
    }
  ],
  "language": "hi"
}