{
  "text": " लिकिन उस महातर निचेव करने का अगर तो कोई रथा में प्या है, वहाँ पर बहुत ज्खार जोडाता है, इसलिए मैं गरामवानिके दुबारा सर्कार से हमोड करना चाहता हूं।",
  "segments": [
    {
      "id": 0,
      "seek": 0,
      "start": 0.0,
      "end": 10.66,
      "text": " लिकिन उस महातर निचेव करने का अगर तो कोई रथा में प्या है, वहाँ पर बहुत ज्खार जोडाता है, इसलिए मैं गरामवानिके दुबारा सर्कार से हमोड करना चाहता हूं।",
      "tokens": [
        50364,
        8485,
        110,
        33279,
        41858,
        33279,
        35082,
        8485,
        231,
        45938,
        48449,
        44500,
        17937,
        36158,
        25411,
        8485,
        101,
        33279,
        3941,
        248,
        21981,
        3941,
        113,
        31970,
        25411,
        35082,
        21981,
        31970,
        17937,
        8485,
        227,
        3941,
        245,
        25411,
        8485,
        97,
        33926,
        31970,
        33926,
        3941,
        230,
        8485,
        108,
        3941,
        98,
        17937,
        48449,
        21981,
        31945,
        8485,
        103,
        27099,
        48268,
        17937,
        37139,
        43372,
        11,
        8485,
        113,
        44500,
        17937,
        3941,
        223,
        8485,
        103,
        25411,
        8485,
        105,
        44500,
        8703,
        223,
        36158,
        8485,
        250,
        27099,
        3941,
        244,
        17937,
        25411,
        8485,
        250,
        33926,
        3941,
        94,
        17937,
        36158,
        17937,
        37139,
        43372,
        11,
        8485,
        229,
        45938,
        46758,
        33279,
        3941,
        237,
        48449,
        43372,
        31945,
        8485,
        245,
        25411,
        17937,
        48521,
        3941,
        113,
        17937,
        35082,
        33279,
        41858,
        21981,
        8485,
        99,
        8703,
        223,
        3941,
        105,
        17937,
        25411,
        17937,
        49316,
        25411,
        27099,
        41858,
        17937,
        25411,
        49316,
        21981,
        37139,
        48521,
        33926,
        3941,
        94,
        31970,
        25411,
        35082,
        17937,
        8485,
        248,
        17937,
        44500,
        36158,
        17937,
        37139,
        8703,
        224,
        31945,
        8703,
        97,
        50914
      ],
      "temperature": 0.0,
      "avg_logprob": -0.38990665736951324,
      "compression_ratio": 1.9946808510638299,
      "no_speech_prob": 0.07126092910766602,
      "confidence": 0.687,
      "words": [
        {
          "text": "लिकिन",
          "start": 0.0,
          "end": 0.64,
          "confidence": 0.613
        },
        {
          "text": "उस",
          "start": 0.64,
          "end": 1.1,
          "confidence": 0.674
        },
        {
          "text": "महातर",
          "start": 1.1,
          "end": 1.62,
          "confidence": 0.602
        },
        {
          "text": "निचेव",
          "start": 1.62,
          "end": 2.02,
          "confidence": 0.452
        },
        {
          "text": "करने",
          "start": 2.02,
          "end": 2.46,
          "confidence": 0.791
        },
        {
          "text": "का",
          "start": 2.46,
          "end": 2.56,
          "confidence": 0.896
        },
        {
          "text": "अगर",
          "start": 2.56,
          "end": 2.78,
          "confidence": 0.617
        },
        {
          "text": "तो",
          "start": 2.78,
          "end": 2.9,
          "confidence": 0.789
        },
        {
          "text": "कोई",
          "start": 2.9,
          "end": 3.12,
          "confidence": 0.801
        },
        {
          "text": "रथा",
          "start": 3.12,
          "end": 3.46,
          "confidence": 0.61
        },
        {
          "text": "में",
          "start": 3.46,
          "end": 3.64,
          "confidence": 0.62
        },
        {
          "text": "प्या",
          "start": 3.64,
          "end": 4.28,
          "confidence": 0.554
        },
        {
          "text": "है,",
          "start": 4.28,
          "end": 4.5,
          "confidence": 0.713
        },
        {
          "text": "वहाँ",
          "start": 4.8,
          "end": 4.86,
          "confidence": 0.845
        },
        {
          "text": "पर",
          "start": 4.86,
          "end": 4.98,
          "confidence": 0.816
        },
        {
          "text": "बहुत",
          "start": 4.98,
          "end": 5.46,
          "confidence": 0.876
        },
        {
          "text": "ज्खार",
          "start": 5.46,
          "end": 5.76,
          "confidence": 0.598
        },
        {
          "text": "जोडाता",
          "start": 5.76,
          "end": 6.42,
          "confidence": 0.644
        },
        {
          "text": "है,",
          "start": 6.42,
          "end": 6.74,
          "confidence": 0.927
        },
        {
          "text": "इसलिए",
          "start": 7.2,
          "end": 7.5,
          "confidence": 0.769
        },
        {
          "text": "मैं",
          "start": 7.5,
          "end": 7.7,
          "confidence": 0.837
        },
        {
          "text": "गरामवानिके",
          "start": 7.7,
          "end": 8.5,
          "confidence": 0.606
        },
        {
          "text": "दुबारा",
          "start": 8.5,
          "end": 8.84,
          "confidence": 0.767
        },
        {
          "text": "सर्कार",
          "start": 8.84,
          "end": 9.32,
          "confidence": 0.712
        },
        {
          "text": "से",
          "start": 9.32,
          "end": 9.38,
          "confidence": 0.789
        },
        {
          "text": "हमोड",
          "start": 9.38,
          "end": 9.68,
          "confidence": 0.447
        },
        {
          "text": "करना",
          "start": 9.68,
          "end": 10.08,
          "confidence": 0.925
        },
        {
          "text": "चाहता",
          "start": 10.08,
          "end": 10.46,
          "confidence": 0.904
        },
        {
          "text": "हूं।",
          "start": 10.46,
          "end": 10.66,
          "confidence": 0.768
        }
      ]
    }
  ],
  "language": "hi"
}