{
  "text": " जेद को पना सकता है जर्व सरूप पच्चे है इश्वर्षन है महा पाप।",
  "segments": [
    {
      "id": 0,
      "seek": 0,
      "start": 0.0,
      "end": 4.98,
      "text": " जेद को पना सकता है जर्व सरूप पच्चे है इश्वर्षन है महा पाप।",
      "tokens": [
        50364,
        8485,
        250,
        21981,
        3941,
        99,
        31970,
        33926,
        8485,
        103,
        35082,
        17937,
        49316,
        41858,
        36158,
        17937,
        37139,
        43372,
        8485,
        250,
        3941,
        108,
        27099,
        3941,
        113,
        49316,
        25411,
        8703,
        224,
        3941,
        103,
        8485,
        103,
        3941,
        248,
        27099,
        3941,
        248,
        21981,
        37139,
        43372,
        8485,
        229,
        3941,
        114,
        27099,
        3941,
        113,
        25411,
        27099,
        3941,
        115,
        35082,
        37139,
        43372,
        48449,
        44500,
        17937,
        8485,
        103,
        17937,
        3941,
        103,
        8703,
        97,
        50614
      ],
      "temperature": 0.0,
      "avg_logprob": -0.39648955615598763,
      "compression_ratio": 1.5463917525773196,
      "no_speech_prob": 0.6018927693367004,
      "confidence": 0.687,
      "words": [
        {
          "text": "जेद",
          "start": 0.0,
          "end": 0.46,
          "confidence": 0.473
        },
        {
          "text": "को",
          "start": 0.46,
          "end": 0.58,
          "confidence": 0.756
        },
        {
          "text": "पना",
          "start": 0.58,
          "end": 0.96,
          "confidence": 0.664
        },
        {
          "text": "सकता",
          "start": 0.96,
          "end": 1.5,
          "confidence": 0.518
        },
        {
          "text": "है",
          "start": 1.5,
          "end": 1.52,
          "confidence": 0.937
        },
        {
          "text": "जर्व",
          "start": 1.52,
          "end": 1.96,
          "confidence": 0.569
        },
        {
          "text": "सरूप",
          "start": 1.96,
          "end": 2.4,
          "confidence": 0.769
        },
        {
          "text": "पच्चे",
          "start": 2.4,
          "end": 2.88,
          "confidence": 0.663
        },
        {
          "text": "है",
          "start": 2.88,
          "end": 2.98,
          "confidence": 0.888
        },
        {
          "text": "इश्वर्षन",
          "start": 2.98,
          "end": 3.68,
          "confidence": 0.781
        },
        {
          "text": "है",
          "start": 3.68,
          "end": 3.86,
          "confidence": 0.864
        },
        {
          "text": "महा",
          "start": 3.86,
          "end": 4.18,
          "confidence": 0.858
        },
        {
          "text": "पाप।",
          "start": 4.18,
          "end": 4.98,
          "confidence": 0.689
        }
      ]
    }
  ],
  "language": "hi"
}