{
  "text": " तो उसके परते में जित उसके परती करते हैं।",
  "segments": [
    {
      "id": 0,
      "seek": 0,
      "start": 0.0,
      "end": 3.28,
      "text": " तो उसके परते में जित उसके परती करते हैं।",
      "tokens": [
        50364,
        8485,
        97,
        33926,
        8485,
        231,
        45938,
        41858,
        21981,
        8485,
        103,
        25411,
        36158,
        21981,
        48449,
        21981,
        31945,
        8485,
        250,
        33279,
        36158,
        8485,
        231,
        45938,
        41858,
        21981,
        8485,
        103,
        25411,
        36158,
        31881,
        31970,
        25411,
        36158,
        21981,
        37139,
        43372,
        31945,
        8703,
        97,
        50514
      ],
      "temperature": 0.0,
      "avg_logprob": -0.35069061460949125,
      "compression_ratio": 1.4647887323943662,
      "no_speech_prob": 0.6462121605873108,
      "confidence": 0.709,
      "words": [
        {
          "text": "तो",
          "start": 0.0,
          "end": 0.54,
          "confidence": 0.541
        },
        {
          "text": "उसके",
          "start": 0.54,
          "end": 0.84,
          "confidence": 0.685
        },
        {
          "text": "परते",
          "start": 0.84,
          "end": 1.2,
          "confidence": 0.684
        },
        {
          "text": "में",
          "start": 1.2,
          "end": 1.42,
          "confidence": 0.833
        },
        {
          "text": "जित",
          "start": 1.42,
          "end": 1.5,
          "confidence": 0.655
        },
        {
          "text": "उसके",
          "start": 1.5,
          "end": 1.98,
          "confidence": 0.651
        },
        {
          "text": "परती",
          "start": 1.98,
          "end": 2.34,
          "confidence": 0.702
        },
        {
          "text": "करते",
          "start": 2.34,
          "end": 2.7,
          "confidence": 0.934
        },
        {
          "text": "हैं।",
          "start": 2.7,
          "end": 3.28,
          "confidence": 0.767
        }
      ]
    }
  ],
  "language": "hi"
}