{
  "text": " तो नज़ात तो कोई डबल बेड लेकर आया। इसी दोरां खेलु समान के लिए तोपा देने वाली, अनाथ आसन में रहने वाली के परतिखर कोई प्रश्वान पर देखा रहा है।",
  "segments": [
    {
      "id": 0,
      "seek": 0,
      "start": 0.0,
      "end": 3.48,
      "text": " तो नज़ात तो कोई डबल बेड लेकर आया।",
      "tokens": [
        50364,
        8485,
        97,
        33926,
        8485,
        101,
        3941,
        250,
        3941,
        120,
        17937,
        36158,
        8485,
        97,
        33926,
        31970,
        33926,
        3941,
        230,
        8485,
        94,
        3941,
        105,
        46758,
        8485,
        105,
        21981,
        3941,
        94,
        8485,
        110,
        21981,
        41858,
        25411,
        8485,
        228,
        48268,
        17937,
        8703,
        97,
        50514
      ],
      "temperature": 0.0,
      "avg_logprob": -0.45238524406187,
      "compression_ratio": 1.945054945054945,
      "no_speech_prob": 0.48792287707328796,
      "confidence": 0.686,
      "words": [
        {
          "text": "तो",
          "start": 0.0,
          "end": 0.28,
          "confidence": 0.384
        },
        {
          "text": "नज़ात",
          "start": 0.28,
          "end": 0.86,
          "confidence": 0.522
        },
        {
          "text": "तो",
          "start": 0.86,
          "end": 1.78,
          "confidence": 0.526
        },
        {
          "text": "कोई",
          "start": 1.78,
          "end": 2.1,
          "confidence": 0.899
        },
        {
          "text": "डबल",
          "start": 2.1,
          "end": 2.54,
          "confidence": 0.835
        },
        {
          "text": "बेड",
          "start": 2.54,
          "end": 2.82,
          "confidence": 0.86
        },
        {
          "text": "लेकर",
          "start": 2.82,
          "end": 3.04,
          "confidence": 0.804
        },
        {
          "text": "आया।",
          "start": 3.04,
          "end": 3.48,
          "confidence": 0.774
        }
      ]
    },
    {
      "id": 1,
      "seek": 0,
      "start": 4.0,
      "end": 7.84,
      "text": " इसी दोरां खेलु समान के लिए तोपा देने वाली,",
      "tokens": [
        50514,
        8485,
        229,
        45938,
        31881,
        8485,
        99,
        33926,
        25411,
        17937,
        31945,
        8485,
        244,
        21981,
        46758,
        8703,
        223,
        49316,
        48521,
        17937,
        35082,
        31970,
        21981,
        8485,
        110,
        33279,
        3941,
        237,
        8485,
        97,
        33926,
        3941,
        103,
        17937,
        8485,
        99,
        21981,
        35082,
        21981,
        8485,
        113,
        17937,
        46758,
        31881,
        11,
        50764
      ],
      "temperature": 0.0,
      "avg_logprob": -0.45238524406187,
      "compression_ratio": 1.945054945054945,
      "no_speech_prob": 0.48792287707328796,
      "confidence": 0.762,
      "words": [
        {
          "text": "इसी",
          "start": 4.0,
          "end": 4.2,
          "confidence": 0.812
        },
        {
          "text": "दोरां",
          "start": 4.2,
          "end": 5.34,
          "confidence": 0.749
        },
        {
          "text": "खेलु",
          "start": 5.34,
          "end": 5.82,
          "confidence": 0.515
        },
        {
          "text": "समान",
          "start": 5.82,
          "end": 6.24,
          "confidence": 0.761
        },
        {
          "text": "के",
          "start": 6.24,
          "end": 6.7,
          "confidence": 0.621
        },
        {
          "text": "लिए",
          "start": 6.7,
          "end": 6.84,
          "confidence": 0.869
        },
        {
          "text": "तोपा",
          "start": 6.84,
          "end": 7.18,
          "confidence": 0.826
        },
        {
          "text": "देने",
          "start": 7.18,
          "end": 7.52,
          "confidence": 0.875
        },
        {
          "text": "वाली,",
          "start": 7.52,
          "end": 7.84,
          "confidence": 0.894
        }
      ]
    },
    {
      "id": 2,
      "seek": 0,
      "start": 8.54,
      "end": 12.56,
      "text": " अनाथ आसन में रहने वाली के परतिखर कोई प्रश्वान पर देखा रहा है।",
      "tokens": [
        50764,
        8485,
        227,
        35082,
        17937,
        3941,
        98,
        8485,
        228,
        45938,
        35082,
        48449,
        21981,
        31945,
        8485,
        108,
        44500,
        35082,
        21981,
        8485,
        113,
        17937,
        46758,
        31881,
        31970,
        21981,
        8485,
        103,
        25411,
        36158,
        33279,
        3941,
        244,
        25411,
        31970,
        33926,
        3941,
        230,
        8485,
        103,
        27099,
        25411,
        3941,
        114,
        27099,
        3941,
        113,
        17937,
        35082,
        8485,
        103,
        25411,
        8485,
        99,
        21981,
        3941,
        244,
        17937,
        8485,
        108,
        44500,
        17937,
        37139,
        43372,
        8703,
        97,
        50964
      ],
      "temperature": 0.0,
      "avg_logprob": -0.45238524406187,
      "compression_ratio": 1.945054945054945,
      "no_speech_prob": 0.48792287707328796,
      "confidence": 0.548,
      "words": [
        {
          "text": "अनाथ",
          "start": 8.54,
          "end": 8.94,
          "confidence": 0.714
        },
        {
          "text": "आसन",
          "start": 8.94,
          "end": 9.4,
          "confidence": 0.692
        },
        {
          "text": "में",
          "start": 9.4,
          "end": 9.58,
          "confidence": 0.817
        },
        {
          "text": "रहने",
          "start": 9.58,
          "end": 9.88,
          "confidence": 0.891
        },
        {
          "text": "वाली",
          "start": 9.88,
          "end": 10.16,
          "confidence": 0.932
        },
        {
          "text": "के",
          "start": 10.16,
          "end": 10.7,
          "confidence": 0.61
        },
        {
          "text": "परतिखर",
          "start": 10.7,
          "end": 11.26,
          "confidence": 0.689
        },
        {
          "text": "कोई",
          "start": 11.26,
          "end": 11.56,
          "confidence": 0.929
        },
        {
          "text": "प्रश्वान",
          "start": 11.56,
          "end": 12.48,
          "confidence": 0.289
        },
        {
          "text": "पर",
          "start": 12.48,
          "end": 12.5,
          "confidence": 0.215
        },
        {
          "text": "देखा",
          "start": 12.5,
          "end": 12.52,
          "confidence": 0.324
        },
        {
          "text": "रहा",
          "start": 12.52,
          "end": 12.54,
          "confidence": 0.424
        },
        {
          "text": "है।",
          "start": 12.54,
          "end": 12.56,
          "confidence": 0.713
        }
      ]
    }
  ],
  "language": "hi"
}