{
  "text": " हम सबी सवमत हो गये कि ज़दी किती भी जाक्या कम गये कि तक हों, हम सबी भाई-भाई हैं तिलिए भेड बहुत चाहूं. हम लोग एक साथ खाना परण किया.",
  "segments": [
    {
      "id": 0,
      "seek": 0,
      "start": 0.0,
      "end": 8.76,
      "text": " हम सबी सवमत हो गये कि ज़दी किती भी जाक्या कम गये कि तक हों, हम सबी भाई-भाई हैं तिलिए भेड बहुत चाहूं. हम लोग एक साथ खाना परण किया.",
      "tokens": [
        50364,
        37139,
        48521,
        49316,
        3941,
        105,
        31881,
        49316,
        3941,
        113,
        48521,
        36158,
        37139,
        33926,
        8485,
        245,
        48268,
        21981,
        31970,
        33279,
        8485,
        250,
        3941,
        120,
        3941,
        99,
        31881,
        31970,
        33279,
        36158,
        31881,
        8485,
        255,
        31881,
        8485,
        250,
        17937,
        41858,
        27099,
        48268,
        17937,
        31970,
        48521,
        8485,
        245,
        48268,
        21981,
        31970,
        33279,
        8485,
        97,
        41858,
        37139,
        33926,
        31945,
        11,
        37139,
        48521,
        49316,
        3941,
        105,
        31881,
        8485,
        255,
        17937,
        3941,
        230,
        12,
        3941,
        255,
        17937,
        3941,
        230,
        37139,
        43372,
        31945,
        8485,
        97,
        33279,
        46758,
        33279,
        3941,
        237,
        8485,
        255,
        21981,
        3941,
        94,
        8485,
        105,
        44500,
        8703,
        223,
        36158,
        8485,
        248,
        17937,
        44500,
        8703,
        224,
        31945,
        13,
        37139,
        48521,
        8485,
        110,
        33926,
        3941,
        245,
        8485,
        237,
        41858,
        49316,
        17937,
        3941,
        98,
        8485,
        244,
        17937,
        35082,
        17937,
        8485,
        103,
        25411,
        3941,
        96,
        31970,
        33279,
        48268,
        17937,
        13,
        50814
      ],
      "temperature": 0.0,
      "avg_logprob": -0.37783787662821605,
      "compression_ratio": 1.9337349397590362,
      "no_speech_prob": 0.12108119577169418,
      "confidence": 0.704,
      "words": [
        {
          "text": "हम",
          "start": 0.0,
          "end": 0.56,
          "confidence": 0.834
        },
        {
          "text": "सबी",
          "start": 0.56,
          "end": 0.94,
          "confidence": 0.752
        },
        {
          "text": "सवमत",
          "start": 0.94,
          "end": 1.38,
          "confidence": 0.501
        },
        {
          "text": "हो",
          "start": 1.38,
          "end": 1.62,
          "confidence": 0.81
        },
        {
          "text": "गये",
          "start": 1.62,
          "end": 1.68,
          "confidence": 0.701
        },
        {
          "text": "कि",
          "start": 1.68,
          "end": 1.8,
          "confidence": 0.746
        },
        {
          "text": "ज़दी",
          "start": 1.8,
          "end": 2.12,
          "confidence": 0.523
        },
        {
          "text": "किती",
          "start": 2.12,
          "end": 2.48,
          "confidence": 0.835
        },
        {
          "text": "भी",
          "start": 2.48,
          "end": 2.58,
          "confidence": 0.805
        },
        {
          "text": "जाक्या",
          "start": 2.58,
          "end": 3.02,
          "confidence": 0.633
        },
        {
          "text": "कम",
          "start": 3.02,
          "end": 3.24,
          "confidence": 0.585
        },
        {
          "text": "गये",
          "start": 3.24,
          "end": 3.48,
          "confidence": 0.76
        },
        {
          "text": "कि",
          "start": 3.48,
          "end": 3.52,
          "confidence": 0.848
        },
        {
          "text": "तक",
          "start": 3.52,
          "end": 3.8,
          "confidence": 0.417
        },
        {
          "text": "हों,",
          "start": 3.8,
          "end": 4.16,
          "confidence": 0.571
        },
        {
          "text": "हम",
          "start": 4.4,
          "end": 4.54,
          "confidence": 0.862
        },
        {
          "text": "सबी",
          "start": 4.54,
          "end": 4.86,
          "confidence": 0.868
        },
        {
          "text": "भाई-भाई",
          "start": 4.86,
          "end": 5.32,
          "confidence": 0.883
        },
        {
          "text": "हैं",
          "start": 5.32,
          "end": 5.52,
          "confidence": 0.94
        },
        {
          "text": "तिलिए",
          "start": 5.52,
          "end": 5.7,
          "confidence": 0.532
        },
        {
          "text": "भेड",
          "start": 5.7,
          "end": 5.9,
          "confidence": 0.809
        },
        {
          "text": "बहुत",
          "start": 5.9,
          "end": 6.14,
          "confidence": 0.766
        },
        {
          "text": "चाहूं.",
          "start": 6.14,
          "end": 6.56,
          "confidence": 0.433
        },
        {
          "text": "हम",
          "start": 7.08,
          "end": 7.26,
          "confidence": 0.628
        },
        {
          "text": "लोग",
          "start": 7.26,
          "end": 7.52,
          "confidence": 0.935
        },
        {
          "text": "एक",
          "start": 7.52,
          "end": 7.68,
          "confidence": 0.933
        },
        {
          "text": "साथ",
          "start": 7.68,
          "end": 7.88,
          "confidence": 0.842
        },
        {
          "text": "खाना",
          "start": 7.88,
          "end": 8.2,
          "confidence": 0.783
        },
        {
          "text": "परण",
          "start": 8.2,
          "end": 8.48,
          "confidence": 0.662
        },
        {
          "text": "किया.",
          "start": 8.48,
          "end": 8.76,
          "confidence": 0.891
        }
      ]
    }
  ],
  "language": "hi"
}