{
  "text": " दवा के जवड़क पर दवा मिलती नहीं और जब दवा और डोक्टर नहीं तो फिर किसानों का पकल यहां आना वेकार की बात होगी और याप पर लोग नहीं आते.",
  "segments": [
    {
      "id": 0,
      "seek": 0,
      "start": 0.0,
      "end": 10.44,
      "text": " दवा के जवड़क पर दवा मिलती नहीं और जब दवा और डोक्टर नहीं तो फिर किसानों का पकल यहां आना वेकार की बात होगी और याप पर लोग नहीं आते.",
      "tokens": [
        50364,
        8485,
        99,
        3941,
        113,
        17937,
        31970,
        21981,
        8485,
        250,
        3941,
        113,
        3941,
        94,
        3941,
        120,
        41858,
        8485,
        103,
        25411,
        8485,
        99,
        3941,
        113,
        17937,
        48449,
        33279,
        46758,
        36158,
        31881,
        8485,
        101,
        44500,
        31881,
        31945,
        8485,
        242,
        25411,
        8485,
        250,
        3941,
        105,
        8485,
        99,
        3941,
        113,
        17937,
        8485,
        242,
        25411,
        8485,
        94,
        33926,
        41858,
        27099,
        3941,
        253,
        25411,
        8485,
        101,
        44500,
        31881,
        31945,
        8485,
        97,
        33926,
        8485,
        104,
        33279,
        25411,
        31970,
        33279,
        45938,
        17937,
        35082,
        33926,
        31945,
        31970,
        17937,
        8485,
        103,
        41858,
        46758,
        8485,
        107,
        44500,
        17937,
        31945,
        8485,
        228,
        35082,
        17937,
        8485,
        113,
        21981,
        41858,
        17937,
        25411,
        31970,
        31881,
        8485,
        105,
        17937,
        36158,
        37139,
        33926,
        3941,
        245,
        31881,
        8485,
        242,
        25411,
        8485,
        107,
        17937,
        3941,
        103,
        8485,
        103,
        25411,
        8485,
        110,
        33926,
        3941,
        245,
        8485,
        101,
        44500,
        31881,
        31945,
        8485,
        228,
        36158,
        21981,
        13,
        50864
      ],
      "temperature": 0.0,
      "avg_logprob": -0.24460704831311303,
      "compression_ratio": 1.9877300613496933,
      "no_speech_prob": 0.2308378666639328,
      "confidence": 0.799,
      "words": [
        {
          "text": "दवा",
          "start": 0.0,
          "end": 0.62,
          "confidence": 0.662
        },
        {
          "text": "के",
          "start": 0.62,
          "end": 0.82,
          "confidence": 0.828
        },
        {
          "text": "जवड़क",
          "start": 0.82,
          "end": 1.16,
          "confidence": 0.646
        },
        {
          "text": "पर",
          "start": 1.16,
          "end": 1.34,
          "confidence": 0.8
        },
        {
          "text": "दवा",
          "start": 1.34,
          "end": 1.54,
          "confidence": 0.967
        },
        {
          "text": "मिलती",
          "start": 1.54,
          "end": 1.94,
          "confidence": 0.901
        },
        {
          "text": "नहीं",
          "start": 1.94,
          "end": 2.18,
          "confidence": 0.881
        },
        {
          "text": "और",
          "start": 2.18,
          "end": 2.78,
          "confidence": 0.681
        },
        {
          "text": "जब",
          "start": 2.78,
          "end": 2.94,
          "confidence": 0.95
        },
        {
          "text": "दवा",
          "start": 2.94,
          "end": 3.32,
          "confidence": 0.962
        },
        {
          "text": "और",
          "start": 3.32,
          "end": 3.56,
          "confidence": 0.904
        },
        {
          "text": "डोक्टर",
          "start": 3.56,
          "end": 3.86,
          "confidence": 0.664
        },
        {
          "text": "नहीं",
          "start": 3.86,
          "end": 4.2,
          "confidence": 0.93
        },
        {
          "text": "तो",
          "start": 4.2,
          "end": 4.38,
          "confidence": 0.71
        },
        {
          "text": "फिर",
          "start": 4.38,
          "end": 4.76,
          "confidence": 0.837
        },
        {
          "text": "किसानों",
          "start": 4.76,
          "end": 5.78,
          "confidence": 0.854
        },
        {
          "text": "का",
          "start": 5.78,
          "end": 5.86,
          "confidence": 0.874
        },
        {
          "text": "पकल",
          "start": 5.86,
          "end": 6.22,
          "confidence": 0.611
        },
        {
          "text": "यहां",
          "start": 6.22,
          "end": 6.62,
          "confidence": 0.862
        },
        {
          "text": "आना",
          "start": 6.62,
          "end": 7.14,
          "confidence": 0.903
        },
        {
          "text": "वेकार",
          "start": 7.14,
          "end": 7.9,
          "confidence": 0.759
        },
        {
          "text": "की",
          "start": 7.9,
          "end": 7.96,
          "confidence": 0.824
        },
        {
          "text": "बात",
          "start": 7.96,
          "end": 8.14,
          "confidence": 0.95
        },
        {
          "text": "होगी",
          "start": 8.14,
          "end": 8.46,
          "confidence": 0.875
        },
        {
          "text": "और",
          "start": 8.46,
          "end": 9.12,
          "confidence": 0.699
        },
        {
          "text": "याप",
          "start": 9.12,
          "end": 9.34,
          "confidence": 0.657
        },
        {
          "text": "पर",
          "start": 9.34,
          "end": 9.68,
          "confidence": 0.598
        },
        {
          "text": "लोग",
          "start": 9.68,
          "end": 9.94,
          "confidence": 0.769
        },
        {
          "text": "नहीं",
          "start": 9.94,
          "end": 10.16,
          "confidence": 0.95
        },
        {
          "text": "आते.",
          "start": 10.16,
          "end": 10.44,
          "confidence": 0.882
        }
      ]
    }
  ],
  "language": "hi"
}