{
  "text": " कौंसे बच्चा हमारे देश का काइनदार होगा? ये तो जन की बात है कि चाउ बर्छ के बाद बच्चों को काईनदार करने के लिए देश कर लोगों के रसोई घार से लेकर समझ करने के लिए जन की बात है.",
  "segments": [
    {
      "id": 0,
      "seek": 0,
      "start": 0.0,
      "end": 2.9,
      "text": " कौंसे बच्चा हमारे देश का काइनदार होगा?",
      "tokens": [
        50364,
        31970,
        8703,
        234,
        31945,
        45938,
        21981,
        8485,
        105,
        3941,
        248,
        27099,
        3941,
        248,
        17937,
        37139,
        48521,
        17937,
        25411,
        21981,
        8485,
        99,
        21981,
        3941,
        114,
        31970,
        17937,
        31970,
        17937,
        3941,
        229,
        35082,
        3941,
        99,
        17937,
        25411,
        37139,
        33926,
        3941,
        245,
        17937,
        30,
        50514
      ],
      "temperature": 0.0,
      "avg_logprob": -0.39090667724609374,
      "compression_ratio": 2.6395939086294415,
      "no_speech_prob": 0.6917160749435425,
      "confidence": 0.773,
      "words": [
        {
          "text": "कौंसे",
          "start": 0.0,
          "end": 0.82,
          "confidence": 0.525
        },
        {
          "text": "बच्चा",
          "start": 0.82,
          "end": 1.24,
          "confidence": 0.899
        },
        {
          "text": "हमारे",
          "start": 1.24,
          "end": 1.56,
          "confidence": 0.967
        },
        {
          "text": "देश",
          "start": 1.56,
          "end": 1.86,
          "confidence": 0.942
        },
        {
          "text": "का",
          "start": 1.86,
          "end": 2.02,
          "confidence": 0.785
        },
        {
          "text": "काइनदार",
          "start": 2.02,
          "end": 2.6,
          "confidence": 0.624
        },
        {
          "text": "होगा?",
          "start": 2.6,
          "end": 2.9,
          "confidence": 0.922
        }
      ]
    },
    {
      "id": 1,
      "seek": 300,
      "start": 3.0,
      "end": 11.66,
      "text": " ये तो जन की बात है कि चाउ बर्छ के बाद बच्चों को काईनदार करने के लिए देश कर लोगों के रसोई घार से लेकर समझ करने के लिए जन की बात है.",
      "tokens": [
        50364,
        8485,
        107,
        21981,
        8485,
        97,
        33926,
        8485,
        250,
        3941,
        101,
        31970,
        31881,
        8485,
        105,
        17937,
        36158,
        37139,
        43372,
        31970,
        33279,
        8485,
        248,
        17937,
        3941,
        231,
        8485,
        105,
        25411,
        27099,
        3941,
        249,
        31970,
        21981,
        8485,
        105,
        17937,
        3941,
        99,
        8485,
        105,
        3941,
        248,
        27099,
        3941,
        248,
        33926,
        31945,
        31970,
        33926,
        31970,
        17937,
        3941,
        230,
        35082,
        3941,
        99,
        17937,
        25411,
        31970,
        25411,
        35082,
        21981,
        31970,
        21981,
        8485,
        110,
        33279,
        3941,
        237,
        8485,
        99,
        21981,
        3941,
        114,
        31970,
        25411,
        8485,
        110,
        33926,
        3941,
        245,
        33926,
        31945,
        31970,
        21981,
        8485,
        108,
        45938,
        33926,
        3941,
        230,
        8485,
        246,
        17937,
        25411,
        49316,
        21981,
        8485,
        110,
        21981,
        41858,
        25411,
        49316,
        48521,
        3941,
        251,
        31970,
        25411,
        35082,
        21981,
        31970,
        21981,
        8485,
        110,
        33279,
        3941,
        237,
        8485,
        250,
        3941,
        101,
        31970,
        31881,
        8485,
        105,
        17937,
        36158,
        37139,
        43372,
        13,
        50864
      ],
      "temperature": 0.0,
      "avg_logprob": -0.32832342162168116,
      "compression_ratio": 2.1176470588235294,
      "no_speech_prob": 0.9127687811851501,
      "confidence": 0.731,
      "words": [
        {
          "text": "ये",
          "start": 3.0,
          "end": 3.62,
          "confidence": 0.793
        },
        {
          "text": "तो",
          "start": 3.62,
          "end": 3.74,
          "confidence": 0.911
        },
        {
          "text": "जन",
          "start": 3.74,
          "end": 4.14,
          "confidence": 0.644
        },
        {
          "text": "की",
          "start": 4.14,
          "end": 4.32,
          "confidence": 0.615
        },
        {
          "text": "बात",
          "start": 4.32,
          "end": 4.66,
          "confidence": 0.952
        },
        {
          "text": "है",
          "start": 4.66,
          "end": 5.02,
          "confidence": 0.93
        },
        {
          "text": "कि",
          "start": 5.02,
          "end": 5.34,
          "confidence": 0.674
        },
        {
          "text": "चाउ",
          "start": 5.34,
          "end": 5.56,
          "confidence": 0.456
        },
        {
          "text": "बर्छ",
          "start": 5.56,
          "end": 5.84,
          "confidence": 0.685
        },
        {
          "text": "के",
          "start": 5.84,
          "end": 6.02,
          "confidence": 0.778
        },
        {
          "text": "बाद",
          "start": 6.02,
          "end": 6.18,
          "confidence": 0.816
        },
        {
          "text": "बच्चों",
          "start": 6.18,
          "end": 6.58,
          "confidence": 0.923
        },
        {
          "text": "को",
          "start": 6.58,
          "end": 7.24,
          "confidence": 0.883
        },
        {
          "text": "काईनदार",
          "start": 7.24,
          "end": 7.84,
          "confidence": 0.601
        },
        {
          "text": "करने",
          "start": 7.84,
          "end": 8.18,
          "confidence": 0.938
        },
        {
          "text": "के",
          "start": 8.18,
          "end": 8.26,
          "confidence": 0.912
        },
        {
          "text": "लिए",
          "start": 8.26,
          "end": 8.7,
          "confidence": 0.947
        },
        {
          "text": "देश",
          "start": 8.7,
          "end": 9.32,
          "confidence": 0.836
        },
        {
          "text": "कर",
          "start": 9.32,
          "end": 9.46,
          "confidence": 0.833
        },
        {
          "text": "लोगों",
          "start": 9.46,
          "end": 9.9,
          "confidence": 0.918
        },
        {
          "text": "के",
          "start": 9.9,
          "end": 10.0,
          "confidence": 0.89
        },
        {
          "text": "रसोई",
          "start": 10.0,
          "end": 10.38,
          "confidence": 0.671
        },
        {
          "text": "घार",
          "start": 10.38,
          "end": 10.64,
          "confidence": 0.587
        },
        {
          "text": "से",
          "start": 10.64,
          "end": 10.78,
          "confidence": 0.812
        },
        {
          "text": "लेकर",
          "start": 10.78,
          "end": 11.1,
          "confidence": 0.898
        },
        {
          "text": "समझ",
          "start": 11.1,
          "end": 11.52,
          "confidence": 0.367
        },
        {
          "text": "करने",
          "start": 11.52,
          "end": 11.54,
          "confidence": 0.52
        },
        {
          "text": "के",
          "start": 11.54,
          "end": 11.56,
          "confidence": 0.782
        },
        {
          "text": "लिए",
          "start": 11.56,
          "end": 11.58,
          "confidence": 0.926
        },
        {
          "text": "जन",
          "start": 11.58,
          "end": 11.6,
          "confidence": 0.321
        },
        {
          "text": "की",
          "start": 11.6,
          "end": 11.62,
          "confidence": 0.486
        },
        {
          "text": "बात",
          "start": 11.62,
          "end": 11.64,
          "confidence": 0.926
        },
        {
          "text": "है.",
          "start": 11.64,
          "end": 11.66,
          "confidence": 0.889
        }
      ]
    }
  ],
  "language": "hi"
}