{
  "text": " जिल की बात उसे दे रही मार्ख मार्ख से कोई बनेगी नहीं बात पलायन छोड़ी करें जिल की बात रिकारड बना ऐसा पलायन ने",
  "segments": [
    {
      "id": 0,
      "seek": 0,
      "start": 0.0,
      "end": 1.9,
      "text": " जिल की बात उसे दे रही मार्ख",
      "tokens": [
        50364,
        220,
        156,
        97,
        250,
        33279,
        46758,
        31970,
        31881,
        8485,
        105,
        17937,
        36158,
        8485,
        231,
        45938,
        21981,
        8485,
        99,
        21981,
        8485,
        108,
        44500,
        31881,
        48449,
        17937,
        25411,
        27099,
        3941,
        244,
        50464
      ],
      "temperature": 0.0,
      "avg_logprob": -0.23901428094431132,
      "compression_ratio": 2.037037037037037,
      "no_speech_prob": 0.17487509548664093,
      "confidence": 0.718,
      "words": [
        {
          "text": "जिल",
          "start": 0.0,
          "end": 0.3,
          "confidence": 0.502
        },
        {
          "text": "की",
          "start": 0.3,
          "end": 0.44,
          "confidence": 0.547
        },
        {
          "text": "बात",
          "start": 0.44,
          "end": 0.66,
          "confidence": 0.898
        },
        {
          "text": "उसे",
          "start": 0.66,
          "end": 0.96,
          "confidence": 0.857
        },
        {
          "text": "दे",
          "start": 0.96,
          "end": 1.18,
          "confidence": 0.935
        },
        {
          "text": "रही",
          "start": 1.18,
          "end": 1.38,
          "confidence": 0.902
        },
        {
          "text": "मार्ख",
          "start": 1.38,
          "end": 1.9,
          "confidence": 0.651
        }
      ]
    },
    {
      "id": 1,
      "seek": 0,
      "start": 2.48,
      "end": 6.34,
      "text": " मार्ख से कोई बनेगी नहीं बात",
      "tokens": [
        50464,
        48449,
        17937,
        25411,
        27099,
        3941,
        244,
        49316,
        21981,
        31970,
        33926,
        3941,
        230,
        8485,
        105,
        35082,
        21981,
        3941,
        245,
        31881,
        8485,
        101,
        44500,
        31881,
        31945,
        8485,
        105,
        17937,
        36158,
        50664
      ],
      "temperature": 0.0,
      "avg_logprob": -0.23901428094431132,
      "compression_ratio": 2.037037037037037,
      "no_speech_prob": 0.17487509548664093,
      "confidence": 0.824,
      "words": [
        {
          "text": "मार्ख",
          "start": 2.48,
          "end": 2.82,
          "confidence": 0.949
        },
        {
          "text": "से",
          "start": 2.82,
          "end": 3.58,
          "confidence": 0.852
        },
        {
          "text": "कोई",
          "start": 3.58,
          "end": 4.38,
          "confidence": 0.701
        },
        {
          "text": "बनेगी",
          "start": 4.38,
          "end": 5.9,
          "confidence": 0.725
        },
        {
          "text": "नहीं",
          "start": 5.9,
          "end": 6.2,
          "confidence": 0.86
        },
        {
          "text": "बात",
          "start": 6.2,
          "end": 6.34,
          "confidence": 0.912
        }
      ]
    },
    {
      "id": 2,
      "seek": 0,
      "start": 6.56,
      "end": 8.28,
      "text": " पलायन छोड़ी करें जिल की बात",
      "tokens": [
        50664,
        8485,
        103,
        46758,
        17937,
        48268,
        35082,
        8485,
        249,
        33926,
        3941,
        94,
        3941,
        120,
        31881,
        31970,
        25411,
        21981,
        31945,
        8485,
        250,
        33279,
        46758,
        31970,
        31881,
        8485,
        105,
        17937,
        36158,
        50764
      ],
      "temperature": 0.0,
      "avg_logprob": -0.23901428094431132,
      "compression_ratio": 2.037037037037037,
      "no_speech_prob": 0.17487509548664093,
      "confidence": 0.823,
      "words": [
        {
          "text": "पलायन",
          "start": 6.56,
          "end": 7.18,
          "confidence": 0.798
        },
        {
          "text": "छोड़ी",
          "start": 7.18,
          "end": 7.56,
          "confidence": 0.802
        },
        {
          "text": "करें",
          "start": 7.56,
          "end": 7.8,
          "confidence": 0.755
        },
        {
          "text": "जिल",
          "start": 7.8,
          "end": 8.04,
          "confidence": 0.916
        },
        {
          "text": "की",
          "start": 8.04,
          "end": 8.16,
          "confidence": 0.739
        },
        {
          "text": "बात",
          "start": 8.16,
          "end": 8.28,
          "confidence": 0.939
        }
      ]
    },
    {
      "id": 3,
      "seek": 0,
      "start": 9.12,
      "end": 10.5,
      "text": " रिकारड बना ऐसा पलायन ने",
      "tokens": [
        50764,
        8485,
        108,
        33279,
        41858,
        17937,
        25411,
        3941,
        94,
        8485,
        105,
        35082,
        17937,
        8485,
        238,
        45938,
        17937,
        8485,
        103,
        46758,
        17937,
        48268,
        35082,
        8485,
        101,
        21981,
        50864
      ],
      "temperature": 0.0,
      "avg_logprob": -0.23901428094431132,
      "compression_ratio": 2.037037037037037,
      "no_speech_prob": 0.17487509548664093,
      "confidence": 0.832,
      "words": [
        {
          "text": "रिकारड",
          "start": 9.12,
          "end": 9.62,
          "confidence": 0.804
        },
        {
          "text": "बना",
          "start": 9.62,
          "end": 9.8,
          "confidence": 0.954
        },
        {
          "text": "ऐसा",
          "start": 9.8,
          "end": 10.1,
          "confidence": 0.78
        },
        {
          "text": "पलायन",
          "start": 10.1,
          "end": 10.48,
          "confidence": 0.904
        },
        {
          "text": "ने",
          "start": 10.48,
          "end": 10.5,
          "confidence": 0.703
        }
      ]
    }
  ],
  "language": "hi"
}