{
  "text": " निर्नाई दिया गया है, तैनी वाल्सुरता मैं संतुष्वार मंदल मदुमानी जिनाग कुछ नाता हूँ।",
  "segments": [
    {
      "id": 0,
      "seek": 0,
      "start": 0.0,
      "end": 6.1,
      "text": " निर्नाई दिया गया है, तैनी वाल्सुरता मैं संतुष्वार मंदल मदुमानी जिनाग कुछ नाता हूँ।",
      "tokens": [
        50364,
        8485,
        101,
        33279,
        25411,
        27099,
        35082,
        17937,
        3941,
        230,
        8485,
        99,
        33279,
        48268,
        17937,
        8485,
        245,
        48268,
        17937,
        37139,
        43372,
        11,
        8485,
        97,
        43372,
        35082,
        31881,
        8485,
        113,
        17937,
        46758,
        27099,
        45938,
        8703,
        223,
        25411,
        36158,
        17937,
        48449,
        43372,
        31945,
        49316,
        31945,
        36158,
        8703,
        223,
        3941,
        115,
        27099,
        3941,
        113,
        17937,
        25411,
        48449,
        31945,
        3941,
        99,
        46758,
        48449,
        3941,
        99,
        8703,
        223,
        48521,
        17937,
        35082,
        31881,
        8485,
        250,
        33279,
        35082,
        17937,
        3941,
        245,
        31970,
        8703,
        223,
        3941,
        249,
        8485,
        101,
        17937,
        36158,
        17937,
        37139,
        8703,
        224,
        3941,
        223,
        8703,
        97,
        50664
      ],
      "temperature": 0.0,
      "avg_logprob": -0.5210325589743994,
      "compression_ratio": 1.7301587301587302,
      "no_speech_prob": 0.1925741732120514,
      "confidence": 0.606,
      "words": [
        {
          "text": "निर्नाई",
          "start": 0.0,
          "end": 0.64,
          "confidence": 0.651
        },
        {
          "text": "दिया",
          "start": 0.64,
          "end": 0.82,
          "confidence": 0.874
        },
        {
          "text": "गया",
          "start": 0.82,
          "end": 1.06,
          "confidence": 0.772
        },
        {
          "text": "है,",
          "start": 1.06,
          "end": 1.28,
          "confidence": 0.91
        },
        {
          "text": "तैनी",
          "start": 1.96,
          "end": 2.18,
          "confidence": 0.396
        },
        {
          "text": "वाल्सुरता",
          "start": 2.18,
          "end": 2.98,
          "confidence": 0.618
        },
        {
          "text": "मैं",
          "start": 2.98,
          "end": 3.32,
          "confidence": 0.666
        },
        {
          "text": "संतुष्वार",
          "start": 3.32,
          "end": 4.18,
          "confidence": 0.621
        },
        {
          "text": "मंदल",
          "start": 4.18,
          "end": 4.62,
          "confidence": 0.531
        },
        {
          "text": "मदुमानी",
          "start": 4.62,
          "end": 5.4,
          "confidence": 0.59
        },
        {
          "text": "जिनाग",
          "start": 5.4,
          "end": 5.68,
          "confidence": 0.497
        },
        {
          "text": "कुछ",
          "start": 5.68,
          "end": 5.88,
          "confidence": 0.67
        },
        {
          "text": "नाता",
          "start": 5.88,
          "end": 6.08,
          "confidence": 0.46
        },
        {
          "text": "हूँ।",
          "start": 6.08,
          "end": 6.1,
          "confidence": 0.632
        }
      ]
    }
  ],
  "language": "hi"
}