{
  "text": " जो आर्था देवों मैं रमेश कुमार माई की बिना परमीट के ही चल रही हैं स्वीपरे जिला बुकारो जिला मुच्छाले के नया मोड बस पढ़ाओ से प्रती दिन.",
  "segments": [
    {
      "id": 0,
      "seek": 0,
      "start": 0.0,
      "end": 11.8,
      "text": " जो आर्था देवों मैं रमेश कुमार माई की बिना परमीट के ही चल रही हैं स्वीपरे जिला बुकारो जिला मुच्छाले के नया मोड बस पढ़ाओ से प्रती दिन.",
      "tokens": [
        50364,
        8485,
        250,
        33926,
        8485,
        228,
        25411,
        27099,
        3941,
        98,
        17937,
        8485,
        99,
        21981,
        3941,
        113,
        33926,
        31945,
        48449,
        43372,
        31945,
        8485,
        108,
        48521,
        21981,
        3941,
        114,
        31970,
        8703,
        223,
        48521,
        17937,
        25411,
        48449,
        17937,
        3941,
        230,
        31970,
        31881,
        8485,
        105,
        33279,
        35082,
        17937,
        8485,
        103,
        25411,
        48521,
        31881,
        3941,
        253,
        31970,
        21981,
        37139,
        31881,
        8485,
        248,
        46758,
        8485,
        108,
        44500,
        31881,
        37139,
        43372,
        31945,
        49316,
        27099,
        3941,
        113,
        31881,
        3941,
        103,
        25411,
        21981,
        8485,
        250,
        33279,
        46758,
        17937,
        8485,
        105,
        8703,
        223,
        41858,
        17937,
        25411,
        33926,
        8485,
        250,
        33279,
        46758,
        17937,
        48449,
        8703,
        223,
        3941,
        248,
        27099,
        3941,
        249,
        17937,
        46758,
        21981,
        31970,
        21981,
        8485,
        101,
        48268,
        17937,
        48449,
        33926,
        3941,
        94,
        8485,
        105,
        45938,
        8485,
        103,
        3941,
        95,
        3941,
        120,
        17937,
        3941,
        241,
        49316,
        21981,
        8485,
        103,
        27099,
        25411,
        36158,
        31881,
        8485,
        99,
        33279,
        35082,
        13,
        50964
      ],
      "temperature": 0.0,
      "avg_logprob": -0.35324671609061103,
      "compression_ratio": 1.9540229885057472,
      "no_speech_prob": 0.007232008967548609,
      "confidence": 0.707,
      "words": [
        {
          "text": "जो",
          "start": 0.0,
          "end": 0.32,
          "confidence": 0.631
        },
        {
          "text": "आर्था",
          "start": 0.32,
          "end": 0.62,
          "confidence": 0.583
        },
        {
          "text": "देवों",
          "start": 0.62,
          "end": 1.1,
          "confidence": 0.45
        },
        {
          "text": "मैं",
          "start": 1.1,
          "end": 2.08,
          "confidence": 0.796
        },
        {
          "text": "रमेश",
          "start": 2.08,
          "end": 2.38,
          "confidence": 0.798
        },
        {
          "text": "कुमार",
          "start": 2.38,
          "end": 2.98,
          "confidence": 0.859
        },
        {
          "text": "माई",
          "start": 2.98,
          "end": 3.36,
          "confidence": 0.622
        },
        {
          "text": "की",
          "start": 3.36,
          "end": 3.64,
          "confidence": 0.48
        },
        {
          "text": "बिना",
          "start": 3.64,
          "end": 4.54,
          "confidence": 0.844
        },
        {
          "text": "परमीट",
          "start": 4.54,
          "end": 5.18,
          "confidence": 0.672
        },
        {
          "text": "के",
          "start": 5.18,
          "end": 5.42,
          "confidence": 0.638
        },
        {
          "text": "ही",
          "start": 5.42,
          "end": 5.54,
          "confidence": 0.532
        },
        {
          "text": "चल",
          "start": 5.54,
          "end": 5.88,
          "confidence": 0.899
        },
        {
          "text": "रही",
          "start": 5.88,
          "end": 6.18,
          "confidence": 0.949
        },
        {
          "text": "हैं",
          "start": 6.18,
          "end": 6.46,
          "confidence": 0.632
        },
        {
          "text": "स्वीपरे",
          "start": 6.46,
          "end": 7.04,
          "confidence": 0.65
        },
        {
          "text": "जिला",
          "start": 7.04,
          "end": 7.62,
          "confidence": 0.673
        },
        {
          "text": "बुकारो",
          "start": 7.62,
          "end": 8.64,
          "confidence": 0.716
        },
        {
          "text": "जिला",
          "start": 8.64,
          "end": 8.92,
          "confidence": 0.892
        },
        {
          "text": "मुच्छाले",
          "start": 8.92,
          "end": 9.52,
          "confidence": 0.714
        },
        {
          "text": "के",
          "start": 9.52,
          "end": 9.66,
          "confidence": 0.874
        },
        {
          "text": "नया",
          "start": 9.66,
          "end": 10.04,
          "confidence": 0.673
        },
        {
          "text": "मोड",
          "start": 10.04,
          "end": 10.3,
          "confidence": 0.776
        },
        {
          "text": "बस",
          "start": 10.3,
          "end": 10.58,
          "confidence": 0.71
        },
        {
          "text": "पढ़ाओ",
          "start": 10.58,
          "end": 11.02,
          "confidence": 0.724
        },
        {
          "text": "से",
          "start": 11.02,
          "end": 11.16,
          "confidence": 0.638
        },
        {
          "text": "प्रती",
          "start": 11.16,
          "end": 11.54,
          "confidence": 0.797
        },
        {
          "text": "दिन.",
          "start": 11.54,
          "end": 11.8,
          "confidence": 0.863
        }
      ]
    }
  ],
  "language": "hi"
}