{
  "text": " पनचाईज पर अपने पर प्रशाँच पर प्रशाँच पर प्रशाँच पर प्रशाँच पर प्रशाँच पर प्रशाँच पर प्रशाँच पर प्रशाँच पर प्रशाँच पर प्रशाँच पर प्रशाँच पर प्रशाँच पर प्रशाँच पर प्रशाँच पर",
  "segments": [
    {
      "id": 0,
      "seek": 0,
      "start": 0.0,
      "end": 29.98,
      "text": " पनचाईज पर अपने पर प्रशाँच पर प्रशाँच पर प्रशाँच पर प्रशाँच पर प्रशाँच पर प्रशाँच पर प्रशाँच पर प्रशाँच पर प्रशाँच पर प्रशाँच पर प्रशाँच पर प्रशाँच पर प्रशाँच पर प्रशाँच पर",
      "tokens": [
        50364,
        220,
        156,
        97,
        103,
        156,
        97,
        101,
        156,
        97,
        248,
        17937,
        3941,
        230,
        3941,
        250,
        8485,
        103,
        25411,
        8485,
        227,
        3941,
        103,
        35082,
        21981,
        8485,
        103,
        25411,
        8485,
        103,
        27099,
        25411,
        3941,
        114,
        17937,
        3941,
        223,
        3941,
        248,
        8485,
        103,
        25411,
        8485,
        103,
        27099,
        25411,
        3941,
        114,
        17937,
        3941,
        223,
        3941,
        248,
        8485,
        103,
        25411,
        8485,
        103,
        27099,
        25411,
        3941,
        114,
        17937,
        3941,
        223,
        3941,
        248,
        8485,
        103,
        25411,
        8485,
        103,
        27099,
        25411,
        3941,
        114,
        17937,
        3941,
        223,
        3941,
        248,
        8485,
        103,
        25411,
        8485,
        103,
        27099,
        25411,
        3941,
        114,
        17937,
        3941,
        223,
        3941,
        248,
        8485,
        103,
        25411,
        8485,
        103,
        27099,
        25411,
        3941,
        114,
        17937,
        3941,
        223,
        3941,
        248,
        8485,
        103,
        25411,
        8485,
        103,
        27099,
        25411,
        3941,
        114,
        17937,
        3941,
        223,
        3941,
        248,
        8485,
        103,
        25411,
        8485,
        103,
        27099,
        25411,
        3941,
        114,
        17937,
        3941,
        223,
        3941,
        248,
        8485,
        103,
        25411,
        8485,
        103,
        27099,
        25411,
        3941,
        114,
        17937,
        3941,
        223,
        3941,
        248,
        8485,
        103,
        25411,
        8485,
        103,
        27099,
        25411,
        3941,
        114,
        17937,
        3941,
        223,
        3941,
        248,
        8485,
        103,
        25411,
        8485,
        103,
        27099,
        25411,
        3941,
        114,
        17937,
        3941,
        223,
        3941,
        248,
        8485,
        103,
        25411,
        8485,
        103,
        27099,
        25411,
        3941,
        114,
        17937,
        3941,
        223,
        3941,
        248,
        8485,
        103,
        25411,
        8485,
        103,
        27099,
        25411,
        3941,
        114,
        17937,
        3941,
        223,
        3941,
        248,
        8485,
        103,
        25411,
        8485,
        103,
        27099,
        25411,
        3941,
        114,
        17937,
        3941,
        223,
        3941,
        248,
        8485,
        103,
        25411
      ],
      "temperature": 0.0,
      "avg_logprob": -0.31042616102430554,
      "compression_ratio": 7.274193548387097,
      "no_speech_prob": 0.4830266535282135,
      "confidence": 0.731,
      "words": [
        {
          "text": "पनचाईज",
          "start": 0.0,
          "end": 1.94,
          "confidence": 0.5
        },
        {
          "text": "पर",
          "start": 1.94,
          "end": 1.96,
          "confidence": 0.222
        },
        {
          "text": "अपने",
          "start": 1.96,
          "end": 1.98,
          "confidence": 0.34
        },
        {
          "text": "पर",
          "start": 1.98,
          "end": 2.0,
          "confidence": 0.266
        },
        {
          "text": "प्रशाँच",
          "start": 2.0,
          "end": 2.02,
          "confidence": 0.287
        },
        {
          "text": "पर",
          "start": 2.02,
          "end": 2.04,
          "confidence": 0.35
        },
        {
          "text": "प्रशाँच",
          "start": 2.04,
          "end": 2.06,
          "confidence": 0.607
        },
        {
          "text": "पर",
          "start": 2.06,
          "end": 2.08,
          "confidence": 0.512
        },
        {
          "text": "प्रशाँच",
          "start": 2.08,
          "end": 2.1,
          "confidence": 0.781
        },
        {
          "text": "पर",
          "start": 2.1,
          "end": 2.12,
          "confidence": 0.631
        },
        {
          "text": "प्रशाँच",
          "start": 2.12,
          "end": 2.14,
          "confidence": 0.851
        },
        {
          "text": "पर",
          "start": 2.14,
          "end": 2.18,
          "confidence": 0.693
        },
        {
          "text": "प्रशाँच",
          "start": 2.18,
          "end": 2.3,
          "confidence": 0.887
        },
        {
          "text": "पर",
          "start": 2.3,
          "end": 4.48,
          "confidence": 0.751
        },
        {
          "text": "प्रशाँच",
          "start": 4.48,
          "end": 4.62,
          "confidence": 0.909
        },
        {
          "text": "पर",
          "start": 4.62,
          "end": 5.02,
          "confidence": 0.803
        },
        {
          "text": "प्रशाँच",
          "start": 5.02,
          "end": 5.48,
          "confidence": 0.919
        },
        {
          "text": "पर",
          "start": 5.48,
          "end": 5.52,
          "confidence": 0.838
        },
        {
          "text": "प्रशाँच",
          "start": 5.52,
          "end": 5.68,
          "confidence": 0.927
        },
        {
          "text": "पर",
          "start": 5.68,
          "end": 5.98,
          "confidence": 0.862
        },
        {
          "text": "प्रशाँच",
          "start": 5.98,
          "end": 6.34,
          "confidence": 0.931
        },
        {
          "text": "पर",
          "start": 6.34,
          "end": 6.46,
          "confidence": 0.876
        },
        {
          "text": "प्रशाँच",
          "start": 6.46,
          "end": 7.28,
          "confidence": 0.933
        },
        {
          "text": "पर",
          "start": 7.28,
          "end": 7.48,
          "confidence": 0.886
        },
        {
          "text": "प्रशाँच",
          "start": 7.48,
          "end": 8.94,
          "confidence": 0.934
        },
        {
          "text": "पर",
          "start": 8.94,
          "end": 9.16,
          "confidence": 0.892
        },
        {
          "text": "प्रशाँच",
          "start": 9.16,
          "end": 9.36,
          "confidence": 0.935
        },
        {
          "text": "पर",
          "start": 9.36,
          "end": 9.38,
          "confidence": 0.9
        },
        {
          "text": "प्रशाँच",
          "start": 9.38,
          "end": 9.4,
          "confidence": 0.937
        },
        {
          "text": "पर",
          "start": 9.4,
          "end": 9.42,
          "confidence": 0.907
        },
        {
          "text": "प्रशाँच",
          "start": 9.42,
          "end": 9.52,
          "confidence": 0.938
        },
        {
          "text": "पर",
          "start": 9.52,
          "end": 29.98,
          "confidence": 0.905
        }
      ]
    }
  ],
  "language": "hi"
}