{
  "text": " इसके लिए मैं साथ खंदवानी को कोची कोची नमन करता हूँ और आपका करता हूँ की प्रशाथ नहीं है।",
  "segments": [
    {
      "id": 0,
      "seek": 0,
      "start": 0.0,
      "end": 7.18,
      "text": " इसके लिए मैं साथ खंदवानी को कोची कोची नमन करता हूँ और आपका करता हूँ की प्रशाथ नहीं है।",
      "tokens": [
        50364,
        8485,
        229,
        45938,
        41858,
        21981,
        8485,
        110,
        33279,
        3941,
        237,
        48449,
        43372,
        31945,
        49316,
        17937,
        3941,
        98,
        8485,
        244,
        31945,
        3941,
        99,
        3941,
        113,
        17937,
        35082,
        31881,
        31970,
        33926,
        31970,
        33926,
        3941,
        248,
        31881,
        31970,
        33926,
        3941,
        248,
        31881,
        8485,
        101,
        48521,
        35082,
        31970,
        25411,
        36158,
        17937,
        37139,
        8703,
        224,
        3941,
        223,
        8485,
        242,
        25411,
        8485,
        228,
        3941,
        103,
        41858,
        17937,
        31970,
        25411,
        36158,
        17937,
        37139,
        8703,
        224,
        3941,
        223,
        31970,
        31881,
        8485,
        103,
        27099,
        25411,
        3941,
        114,
        17937,
        3941,
        98,
        8485,
        101,
        44500,
        31881,
        31945,
        37139,
        43372,
        8703,
        97,
        50714
      ],
      "temperature": 0.0,
      "avg_logprob": -0.4478810628255208,
      "compression_ratio": 1.7619047619047619,
      "no_speech_prob": 0.5777363777160645,
      "confidence": 0.639,
      "words": [
        {
          "text": "इसके",
          "start": 0.0,
          "end": 2.74,
          "confidence": 0.619
        },
        {
          "text": "लिए",
          "start": 2.74,
          "end": 3.12,
          "confidence": 0.912
        },
        {
          "text": "मैं",
          "start": 3.12,
          "end": 3.38,
          "confidence": 0.84
        },
        {
          "text": "साथ",
          "start": 3.38,
          "end": 3.52,
          "confidence": 0.579
        },
        {
          "text": "खंदवानी",
          "start": 3.52,
          "end": 3.98,
          "confidence": 0.677
        },
        {
          "text": "को",
          "start": 3.98,
          "end": 4.06,
          "confidence": 0.905
        },
        {
          "text": "कोची",
          "start": 4.06,
          "end": 4.42,
          "confidence": 0.733
        },
        {
          "text": "कोची",
          "start": 4.42,
          "end": 4.82,
          "confidence": 0.879
        },
        {
          "text": "नमन",
          "start": 4.82,
          "end": 5.26,
          "confidence": 0.782
        },
        {
          "text": "करता",
          "start": 5.26,
          "end": 5.66,
          "confidence": 0.864
        },
        {
          "text": "हूँ",
          "start": 5.66,
          "end": 5.76,
          "confidence": 0.812
        },
        {
          "text": "और",
          "start": 5.76,
          "end": 6.04,
          "confidence": 0.726
        },
        {
          "text": "आपका",
          "start": 6.04,
          "end": 6.24,
          "confidence": 0.575
        },
        {
          "text": "करता",
          "start": 6.24,
          "end": 6.54,
          "confidence": 0.875
        },
        {
          "text": "हूँ",
          "start": 6.54,
          "end": 6.72,
          "confidence": 0.889
        },
        {
          "text": "की",
          "start": 6.72,
          "end": 6.92,
          "confidence": 0.538
        },
        {
          "text": "प्रशाथ",
          "start": 6.92,
          "end": 7.14,
          "confidence": 0.297
        },
        {
          "text": "नहीं",
          "start": 7.14,
          "end": 7.16,
          "confidence": 0.374
        },
        {
          "text": "है।",
          "start": 7.16,
          "end": 7.18,
          "confidence": 0.437
        }
      ]
    }
  ],
  "language": "hi"
}