{
  "text": " विहर मॉबाल वानी के साथ में संतोष मार्मणडल मदवनी जिलाग फुटोनाप साफधानी हटी जुलखटनाग हटी वेलवेक की एक बड़ी काम में आता है लेकिन जो बात की जो बात की जो बात की जो बात की जो बात की जो बात की जो बात की जो बात की जो बात की जो बात",
  "segments": [
    {
      "id": 0,
      "seek": 0,
      "start": 0.0,
      "end": 29.98,
      "text": " विहर मॉबाल वानी के साथ में संतोष मार्मणडल मदवनी जिलाग फुटोनाप साफधानी हटी जुलखटनाग हटी वेलवेक की एक बड़ी काम में आता है लेकिन जो बात की जो बात की जो बात की जो बात की जो बात की जो बात की जो बात की जो बात की जो बात की जो बात",
      "tokens": [
        50364,
        8485,
        113,
        33279,
        44500,
        25411,
        48449,
        8703,
        231,
        3941,
        105,
        17937,
        46758,
        8485,
        113,
        17937,
        35082,
        31881,
        31970,
        21981,
        49316,
        17937,
        3941,
        98,
        48449,
        21981,
        31945,
        49316,
        31945,
        36158,
        33926,
        3941,
        115,
        48449,
        17937,
        25411,
        27099,
        48521,
        3941,
        96,
        3941,
        94,
        46758,
        48449,
        3941,
        99,
        3941,
        113,
        35082,
        31881,
        8485,
        250,
        33279,
        46758,
        17937,
        3941,
        245,
        8485,
        104,
        8703,
        223,
        3941,
        253,
        33926,
        35082,
        17937,
        3941,
        103,
        49316,
        17937,
        3941,
        104,
        3941,
        100,
        17937,
        35082,
        31881,
        37139,
        3941,
        253,
        31881,
        8485,
        250,
        8703,
        223,
        46758,
        3941,
        244,
        3941,
        253,
        35082,
        17937,
        3941,
        245,
        37139,
        3941,
        253,
        31881,
        8485,
        113,
        21981,
        46758,
        3941,
        113,
        21981,
        41858,
        31970,
        31881,
        8485,
        237,
        41858,
        8485,
        105,
        3941,
        94,
        3941,
        120,
        31881,
        31970,
        17937,
        48521,
        48449,
        21981,
        31945,
        8485,
        228,
        36158,
        17937,
        37139,
        43372,
        8485,
        110,
        21981,
        41858,
        33279,
        35082,
        8485,
        250,
        33926,
        8485,
        105,
        17937,
        36158,
        31970,
        31881,
        8485,
        250,
        33926,
        8485,
        105,
        17937,
        36158,
        31970,
        31881,
        8485,
        250,
        33926,
        8485,
        105,
        17937,
        36158,
        31970,
        31881,
        8485,
        250,
        33926,
        8485,
        105,
        17937,
        36158,
        31970,
        31881,
        8485,
        250,
        33926,
        8485,
        105,
        17937,
        36158,
        31970,
        31881,
        8485,
        250,
        33926,
        8485,
        105,
        17937,
        36158,
        31970,
        31881,
        8485,
        250,
        33926,
        8485,
        105,
        17937,
        36158,
        31970,
        31881,
        8485,
        250,
        33926,
        8485,
        105,
        17937,
        36158,
        31970,
        31881,
        8485,
        250,
        33926,
        8485,
        105,
        17937,
        36158,
        31970,
        31881,
        8485,
        250,
        33926,
        8485,
        105,
        17937,
        36158
      ],
      "temperature": 0.0,
      "avg_logprob": -0.38548607720269096,
      "compression_ratio": 3.07103825136612,
      "no_speech_prob": 0.4263482987880707,
      "confidence": 0.678,
      "words": [
        {
          "text": "विहर",
          "start": 0.0,
          "end": 0.54,
          "confidence": 0.591
        },
        {
          "text": "मॉबाल",
          "start": 0.54,
          "end": 0.9,
          "confidence": 0.632
        },
        {
          "text": "वानी",
          "start": 0.9,
          "end": 1.2,
          "confidence": 0.763
        },
        {
          "text": "के",
          "start": 1.2,
          "end": 1.44,
          "confidence": 0.92
        },
        {
          "text": "साथ",
          "start": 1.44,
          "end": 1.48,
          "confidence": 0.953
        },
        {
          "text": "में",
          "start": 1.48,
          "end": 1.72,
          "confidence": 0.525
        },
        {
          "text": "संतोष",
          "start": 1.72,
          "end": 2.1,
          "confidence": 0.703
        },
        {
          "text": "मार्मणडल",
          "start": 2.1,
          "end": 3.0,
          "confidence": 0.646
        },
        {
          "text": "मदवनी",
          "start": 3.0,
          "end": 3.64,
          "confidence": 0.679
        },
        {
          "text": "जिलाग",
          "start": 3.64,
          "end": 3.86,
          "confidence": 0.638
        },
        {
          "text": "फुटोनाप",
          "start": 3.86,
          "end": 4.66,
          "confidence": 0.665
        },
        {
          "text": "साफधानी",
          "start": 4.66,
          "end": 5.24,
          "confidence": 0.653
        },
        {
          "text": "हटी",
          "start": 5.24,
          "end": 5.76,
          "confidence": 0.786
        },
        {
          "text": "जुलखटनाग",
          "start": 5.76,
          "end": 6.72,
          "confidence": 0.579
        },
        {
          "text": "हटी",
          "start": 6.72,
          "end": 7.02,
          "confidence": 0.872
        },
        {
          "text": "वेलवेक",
          "start": 7.02,
          "end": 7.84,
          "confidence": 0.647
        },
        {
          "text": "की",
          "start": 7.84,
          "end": 7.96,
          "confidence": 0.48
        },
        {
          "text": "एक",
          "start": 7.96,
          "end": 8.18,
          "confidence": 0.357
        },
        {
          "text": "बड़ी",
          "start": 8.18,
          "end": 8.82,
          "confidence": 0.695
        },
        {
          "text": "काम",
          "start": 8.82,
          "end": 9.24,
          "confidence": 0.664
        },
        {
          "text": "में",
          "start": 9.24,
          "end": 9.26,
          "confidence": 0.702
        },
        {
          "text": "आता",
          "start": 9.26,
          "end": 9.38,
          "confidence": 0.914
        },
        {
          "text": "है",
          "start": 9.38,
          "end": 9.74,
          "confidence": 0.843
        },
        {
          "text": "लेकिन",
          "start": 9.74,
          "end": 9.86,
          "confidence": 0.715
        },
        {
          "text": "जो",
          "start": 9.86,
          "end": 10.08,
          "confidence": 0.955
        },
        {
          "text": "बात",
          "start": 10.08,
          "end": 10.3,
          "confidence": 0.669
        },
        {
          "text": "की",
          "start": 10.3,
          "end": 10.46,
          "confidence": 0.579
        },
        {
          "text": "जो",
          "start": 10.46,
          "end": 10.56,
          "confidence": 0.29
        },
        {
          "text": "बात",
          "start": 10.56,
          "end": 10.58,
          "confidence": 0.651
        },
        {
          "text": "की",
          "start": 10.58,
          "end": 10.6,
          "confidence": 0.505
        },
        {
          "text": "जो",
          "start": 10.6,
          "end": 10.62,
          "confidence": 0.378
        },
        {
          "text": "बात",
          "start": 10.62,
          "end": 10.64,
          "confidence": 0.764
        },
        {
          "text": "की",
          "start": 10.64,
          "end": 10.66,
          "confidence": 0.636
        },
        {
          "text": "जो",
          "start": 10.66,
          "end": 10.68,
          "confidence": 0.432
        },
        {
          "text": "बात",
          "start": 10.68,
          "end": 10.7,
          "confidence": 0.83
        },
        {
          "text": "की",
          "start": 10.7,
          "end": 10.72,
          "confidence": 0.703
        },
        {
          "text": "जो",
          "start": 10.72,
          "end": 10.74,
          "confidence": 0.477
        },
        {
          "text": "बात",
          "start": 10.74,
          "end": 10.76,
          "confidence": 0.868
        },
        {
          "text": "की",
          "start": 10.76,
          "end": 10.78,
          "confidence": 0.75
        },
        {
          "text": "जो",
          "start": 10.78,
          "end": 10.8,
          "confidence": 0.526
        },
        {
          "text": "बात",
          "start": 10.8,
          "end": 10.82,
          "confidence": 0.895
        },
        {
          "text": "की",
          "start": 10.82,
          "end": 10.84,
          "confidence": 0.778
        },
        {
          "text": "जो",
          "start": 10.84,
          "end": 10.86,
          "confidence": 0.578
        },
        {
          "text": "बात",
          "start": 10.86,
          "end": 10.88,
          "confidence": 0.911
        },
        {
          "text": "की",
          "start": 10.88,
          "end": 10.9,
          "confidence": 0.798
        },
        {
          "text": "जो",
          "start": 10.9,
          "end": 10.92,
          "confidence": 0.63
        },
        {
          "text": "बात",
          "start": 10.92,
          "end": 10.94,
          "confidence": 0.924
        },
        {
          "text": "की",
          "start": 10.94,
          "end": 10.96,
          "confidence": 0.817
        },
        {
          "text": "जो",
          "start": 10.96,
          "end": 10.98,
          "confidence": 0.682
        },
        {
          "text": "बात",
          "start": 10.98,
          "end": 11.0,
          "confidence": 0.933
        },
        {
          "text": "की",
          "start": 11.0,
          "end": 11.02,
          "confidence": 0.831
        },
        {
          "text": "जो",
          "start": 11.02,
          "end": 11.04,
          "confidence": 0.728
        },
        {
          "text": "बात",
          "start": 11.04,
          "end": 29.98,
          "confidence": 0.94
        }
      ]
    }
  ],
  "language": "hi"
}