{
  "text": " और जटुरिक से खाता मारी कर खादवाई करते का माफ़दन अपना लेकर दिये। मैं तेर नेंज़र मर्षी सांतिक लग के ओर से प्यार मुगाल वानी के लिए मधुरन के प्रेश के दन्दबाद।",
  "segments": [
    {
      "id": 0,
      "seek": 0,
      "start": 0.0,
      "end": 11.8,
      "text": " और जटुरिक से खाता मारी कर खादवाई करते का माफ़दन अपना लेकर दिये। मैं तेर नेंज़र मर्षी सांतिक लग के ओर से प्यार मुगाल वानी के लिए मधुरन के प्रेश के दन्दबाद।",
      "tokens": [
        50364,
        8485,
        242,
        25411,
        8485,
        250,
        3941,
        253,
        8703,
        223,
        25411,
        33279,
        41858,
        49316,
        21981,
        8485,
        244,
        17937,
        36158,
        17937,
        48449,
        17937,
        25411,
        31881,
        31970,
        25411,
        8485,
        244,
        17937,
        3941,
        99,
        3941,
        113,
        17937,
        3941,
        230,
        31970,
        25411,
        36158,
        21981,
        31970,
        17937,
        48449,
        17937,
        3941,
        104,
        3941,
        120,
        3941,
        99,
        35082,
        8485,
        227,
        3941,
        103,
        35082,
        17937,
        8485,
        110,
        21981,
        41858,
        25411,
        8485,
        99,
        33279,
        48268,
        21981,
        8703,
        97,
        48449,
        43372,
        31945,
        8485,
        97,
        21981,
        25411,
        8485,
        101,
        21981,
        31945,
        3941,
        250,
        3941,
        120,
        25411,
        48449,
        25411,
        27099,
        3941,
        115,
        31881,
        49316,
        17937,
        31945,
        36158,
        33279,
        41858,
        8485,
        110,
        3941,
        245,
        31970,
        21981,
        8485,
        241,
        25411,
        49316,
        21981,
        8485,
        103,
        27099,
        48268,
        17937,
        25411,
        48449,
        8703,
        223,
        3941,
        245,
        17937,
        46758,
        8485,
        113,
        17937,
        35082,
        31881,
        31970,
        21981,
        8485,
        110,
        33279,
        3941,
        237,
        48449,
        3941,
        100,
        8703,
        223,
        25411,
        35082,
        31970,
        21981,
        8485,
        103,
        27099,
        25411,
        21981,
        3941,
        114,
        31970,
        21981,
        8485,
        99,
        35082,
        27099,
        3941,
        99,
        3941,
        105,
        17937,
        3941,
        99,
        8703,
        97,
        50964
      ],
      "temperature": 0.0,
      "avg_logprob": -0.445413428616811,
      "compression_ratio": 2.0833333333333335,
      "no_speech_prob": 0.5628170371055603,
      "confidence": 0.639,
      "words": [
        {
          "text": "और",
          "start": 0.0,
          "end": 0.84,
          "confidence": 0.651
        },
        {
          "text": "जटुरिक",
          "start": 0.84,
          "end": 1.6,
          "confidence": 0.528
        },
        {
          "text": "से",
          "start": 1.6,
          "end": 1.72,
          "confidence": 0.659
        },
        {
          "text": "खाता",
          "start": 1.72,
          "end": 2.08,
          "confidence": 0.597
        },
        {
          "text": "मारी",
          "start": 2.08,
          "end": 2.48,
          "confidence": 0.796
        },
        {
          "text": "कर",
          "start": 2.48,
          "end": 2.82,
          "confidence": 0.896
        },
        {
          "text": "खादवाई",
          "start": 2.82,
          "end": 3.56,
          "confidence": 0.607
        },
        {
          "text": "करते",
          "start": 3.56,
          "end": 3.94,
          "confidence": 0.701
        },
        {
          "text": "का",
          "start": 3.94,
          "end": 4.06,
          "confidence": 0.737
        },
        {
          "text": "माफ़दन",
          "start": 4.06,
          "end": 4.52,
          "confidence": 0.607
        },
        {
          "text": "अपना",
          "start": 4.52,
          "end": 4.92,
          "confidence": 0.809
        },
        {
          "text": "लेकर",
          "start": 4.92,
          "end": 5.22,
          "confidence": 0.5
        },
        {
          "text": "दिये।",
          "start": 5.22,
          "end": 5.98,
          "confidence": 0.587
        },
        {
          "text": "मैं",
          "start": 5.98,
          "end": 6.08,
          "confidence": 0.829
        },
        {
          "text": "तेर",
          "start": 6.08,
          "end": 6.44,
          "confidence": 0.787
        },
        {
          "text": "नेंज़र",
          "start": 6.44,
          "end": 6.92,
          "confidence": 0.513
        },
        {
          "text": "मर्षी",
          "start": 6.92,
          "end": 7.16,
          "confidence": 0.668
        },
        {
          "text": "सांतिक",
          "start": 7.16,
          "end": 7.82,
          "confidence": 0.588
        },
        {
          "text": "लग",
          "start": 7.82,
          "end": 8.06,
          "confidence": 0.708
        },
        {
          "text": "के",
          "start": 8.06,
          "end": 8.24,
          "confidence": 0.418
        },
        {
          "text": "ओर",
          "start": 8.24,
          "end": 8.48,
          "confidence": 0.822
        },
        {
          "text": "से",
          "start": 8.48,
          "end": 8.5,
          "confidence": 0.88
        },
        {
          "text": "प्यार",
          "start": 8.5,
          "end": 8.8,
          "confidence": 0.718
        },
        {
          "text": "मुगाल",
          "start": 8.8,
          "end": 9.1,
          "confidence": 0.662
        },
        {
          "text": "वानी",
          "start": 9.1,
          "end": 9.36,
          "confidence": 0.725
        },
        {
          "text": "के",
          "start": 9.36,
          "end": 9.58,
          "confidence": 0.886
        },
        {
          "text": "लिए",
          "start": 9.58,
          "end": 9.7,
          "confidence": 0.957
        },
        {
          "text": "मधुरन",
          "start": 9.7,
          "end": 10.2,
          "confidence": 0.546
        },
        {
          "text": "के",
          "start": 10.2,
          "end": 10.4,
          "confidence": 0.492
        },
        {
          "text": "प्रेश",
          "start": 10.4,
          "end": 10.96,
          "confidence": 0.428
        },
        {
          "text": "के",
          "start": 10.96,
          "end": 10.98,
          "confidence": 0.733
        },
        {
          "text": "दन्दबाद।",
          "start": 10.98,
          "end": 11.8,
          "confidence": 0.677
        }
      ]
    }
  ],
  "language": "hi"
}