{
  "text": " पड़ाना पर पड़ाना पर पड़ाना पर पड़ाना पर पड़ाना पर पड़ाना पर पड़ाना पर पड़ाना पर पड़ाना पर पड़ाना पर पड़ाना पर पड़ाना पर पड़ाना पर पड़ाना पर पड़ाना पर पड़ाना पर पड़ाना पर पड़ाना पर पड़ा",
  "segments": [
    {
      "id": 0,
      "seek": 0,
      "start": 0.0,
      "end": 29.98,
      "text": " पड़ाना पर पड़ाना पर पड़ाना पर पड़ाना पर पड़ाना पर पड़ाना पर पड़ाना पर पड़ाना पर पड़ाना पर पड़ाना पर पड़ाना पर पड़ाना पर पड़ाना पर पड़ाना पर पड़ाना पर पड़ाना पर पड़ाना पर पड़ाना पर पड़ा",
      "tokens": [
        50364,
        8485,
        103,
        3941,
        94,
        3941,
        120,
        17937,
        35082,
        17937,
        8485,
        103,
        25411,
        8485,
        103,
        3941,
        94,
        3941,
        120,
        17937,
        35082,
        17937,
        8485,
        103,
        25411,
        8485,
        103,
        3941,
        94,
        3941,
        120,
        17937,
        35082,
        17937,
        8485,
        103,
        25411,
        8485,
        103,
        3941,
        94,
        3941,
        120,
        17937,
        35082,
        17937,
        8485,
        103,
        25411,
        8485,
        103,
        3941,
        94,
        3941,
        120,
        17937,
        35082,
        17937,
        8485,
        103,
        25411,
        8485,
        103,
        3941,
        94,
        3941,
        120,
        17937,
        35082,
        17937,
        8485,
        103,
        25411,
        8485,
        103,
        3941,
        94,
        3941,
        120,
        17937,
        35082,
        17937,
        8485,
        103,
        25411,
        8485,
        103,
        3941,
        94,
        3941,
        120,
        17937,
        35082,
        17937,
        8485,
        103,
        25411,
        8485,
        103,
        3941,
        94,
        3941,
        120,
        17937,
        35082,
        17937,
        8485,
        103,
        25411,
        8485,
        103,
        3941,
        94,
        3941,
        120,
        17937,
        35082,
        17937,
        8485,
        103,
        25411,
        8485,
        103,
        3941,
        94,
        3941,
        120,
        17937,
        35082,
        17937,
        8485,
        103,
        25411,
        8485,
        103,
        3941,
        94,
        3941,
        120,
        17937,
        35082,
        17937,
        8485,
        103,
        25411,
        8485,
        103,
        3941,
        94,
        3941,
        120,
        17937,
        35082,
        17937,
        8485,
        103,
        25411,
        8485,
        103,
        3941,
        94,
        3941,
        120,
        17937,
        35082,
        17937,
        8485,
        103,
        25411,
        8485,
        103,
        3941,
        94,
        3941,
        120,
        17937,
        35082,
        17937,
        8485,
        103,
        25411,
        8485,
        103,
        3941,
        94,
        3941,
        120,
        17937,
        35082,
        17937,
        8485,
        103,
        25411,
        8485,
        103,
        3941,
        94,
        3941,
        120,
        17937,
        35082,
        17937,
        8485,
        103,
        25411,
        8485,
        103,
        3941,
        94,
        3941,
        120,
        17937,
        35082,
        17937,
        8485,
        103,
        25411,
        8485,
        103,
        3941,
        94,
        3941,
        120,
        17937
      ],
      "temperature": 0.0,
      "avg_logprob": -0.1964484151204427,
      "compression_ratio": 12.631578947368421,
      "no_speech_prob": 0.40167877078056335,
      "confidence": 0.82,
      "words": [
        {
          "text": "पड़ाना",
          "start": 0.0,
          "end": 2.28,
          "confidence": 0.36
        },
        {
          "text": "पर",
          "start": 2.28,
          "end": 2.3,
          "confidence": 0.287
        },
        {
          "text": "पड़ाना",
          "start": 2.3,
          "end": 2.48,
          "confidence": 0.55
        },
        {
          "text": "पर",
          "start": 2.48,
          "end": 2.5,
          "confidence": 0.455
        },
        {
          "text": "पड़ाना",
          "start": 2.5,
          "end": 2.52,
          "confidence": 0.729
        },
        {
          "text": "पर",
          "start": 2.52,
          "end": 2.62,
          "confidence": 0.662
        },
        {
          "text": "पड़ाना",
          "start": 2.62,
          "end": 2.96,
          "confidence": 0.839
        },
        {
          "text": "पर",
          "start": 2.96,
          "end": 3.42,
          "confidence": 0.72
        },
        {
          "text": "पड़ाना",
          "start": 3.42,
          "end": 6.28,
          "confidence": 0.876
        },
        {
          "text": "पर",
          "start": 6.28,
          "end": 6.54,
          "confidence": 0.749
        },
        {
          "text": "पड़ाना",
          "start": 6.54,
          "end": 7.26,
          "confidence": 0.899
        },
        {
          "text": "पर",
          "start": 7.26,
          "end": 7.54,
          "confidence": 0.776
        },
        {
          "text": "पड़ाना",
          "start": 7.54,
          "end": 8.32,
          "confidence": 0.915
        },
        {
          "text": "पर",
          "start": 8.32,
          "end": 8.58,
          "confidence": 0.81
        },
        {
          "text": "पड़ाना",
          "start": 8.58,
          "end": 8.6,
          "confidence": 0.928
        },
        {
          "text": "पर",
          "start": 8.6,
          "end": 8.62,
          "confidence": 0.827
        },
        {
          "text": "पड़ाना",
          "start": 8.62,
          "end": 8.8,
          "confidence": 0.936
        },
        {
          "text": "पर",
          "start": 8.8,
          "end": 8.82,
          "confidence": 0.842
        },
        {
          "text": "पड़ाना",
          "start": 8.82,
          "end": 8.84,
          "confidence": 0.941
        },
        {
          "text": "पर",
          "start": 8.84,
          "end": 8.86,
          "confidence": 0.85
        },
        {
          "text": "पड़ाना",
          "start": 8.86,
          "end": 8.96,
          "confidence": 0.943
        },
        {
          "text": "पर",
          "start": 8.96,
          "end": 8.98,
          "confidence": 0.851
        },
        {
          "text": "पड़ाना",
          "start": 8.98,
          "end": 9.2,
          "confidence": 0.945
        },
        {
          "text": "पर",
          "start": 9.2,
          "end": 9.54,
          "confidence": 0.853
        },
        {
          "text": "पड़ाना",
          "start": 9.54,
          "end": 9.66,
          "confidence": 0.944
        },
        {
          "text": "पर",
          "start": 9.66,
          "end": 9.88,
          "confidence": 0.857
        },
        {
          "text": "पड़ाना",
          "start": 9.88,
          "end": 9.98,
          "confidence": 0.944
        },
        {
          "text": "पर",
          "start": 9.98,
          "end": 10.0,
          "confidence": 0.862
        },
        {
          "text": "पड़ाना",
          "start": 10.0,
          "end": 10.02,
          "confidence": 0.945
        },
        {
          "text": "पर",
          "start": 10.02,
          "end": 10.04,
          "confidence": 0.864
        },
        {
          "text": "पड़ाना",
          "start": 10.04,
          "end": 10.06,
          "confidence": 0.945
        },
        {
          "text": "पर",
          "start": 10.06,
          "end": 10.08,
          "confidence": 0.864
        },
        {
          "text": "पड़ाना",
          "start": 10.08,
          "end": 10.1,
          "confidence": 0.943
        },
        {
          "text": "पर",
          "start": 10.1,
          "end": 10.12,
          "confidence": 0.865
        },
        {
          "text": "पड़ाना",
          "start": 10.12,
          "end": 11.06,
          "confidence": 0.942
        },
        {
          "text": "पर",
          "start": 11.06,
          "end": 11.08,
          "confidence": 0.871
        },
        {
          "text": "पड़ा",
          "start": 11.08,
          "end": 29.98,
          "confidence": 0.933
        }
      ]
    }
  ],
  "language": "hi"
}