{
  "text": " मैं रण्डे हिल्ड़ी भाविश्ट भाविश्पर्ट करते हैं धन्यवाद.",
  "segments": [
    {
      "id": 0,
      "seek": 0,
      "start": 0.0,
      "end": 4.28,
      "text": " मैं रण्डे हिल्ड़ी भाविश्ट भाविश्पर्ट करते हैं धन्यवाद.",
      "tokens": [
        50364,
        48449,
        43372,
        31945,
        8485,
        108,
        3941,
        96,
        27099,
        3941,
        94,
        21981,
        37139,
        33279,
        46758,
        27099,
        3941,
        94,
        3941,
        120,
        31881,
        8485,
        255,
        17937,
        3941,
        113,
        33279,
        3941,
        114,
        27099,
        3941,
        253,
        8485,
        255,
        17937,
        3941,
        113,
        33279,
        3941,
        114,
        27099,
        3941,
        103,
        25411,
        27099,
        3941,
        253,
        31970,
        25411,
        36158,
        21981,
        37139,
        43372,
        31945,
        8485,
        100,
        35082,
        27099,
        48268,
        3941,
        113,
        17937,
        3941,
        99,
        13,
        50564
      ],
      "temperature": 0.0,
      "avg_logprob": -0.5121060841119112,
      "compression_ratio": 1.553191489361702,
      "no_speech_prob": 0.2639693021774292,
      "confidence": 0.6,
      "words": [
        {
          "text": "मैं",
          "start": 0.0,
          "end": 1.14,
          "confidence": 0.587
        },
        {
          "text": "रण्डे",
          "start": 1.14,
          "end": 1.36,
          "confidence": 0.553
        },
        {
          "text": "हिल्ड़ी",
          "start": 1.36,
          "end": 1.98,
          "confidence": 0.458
        },
        {
          "text": "भाविश्ट",
          "start": 1.98,
          "end": 2.62,
          "confidence": 0.52
        },
        {
          "text": "भाविश्पर्ट",
          "start": 2.62,
          "end": 3.22,
          "confidence": 0.611
        },
        {
          "text": "करते",
          "start": 3.22,
          "end": 3.46,
          "confidence": 0.734
        },
        {
          "text": "हैं",
          "start": 3.46,
          "end": 3.52,
          "confidence": 0.692
        },
        {
          "text": "धन्यवाद.",
          "start": 3.52,
          "end": 4.28,
          "confidence": 0.829
        }
      ]
    }
  ],
  "language": "hi"
}