Ensembled Transcription
"I'll carefully follow each and every word from the prompt to ensemble the outputs from the three ASR models.

**Step 1: Select the longest transcription without hallucinations**

From the Whisper-hindi-large-v2 output, I see that ""कुमार"" appears multiple times, which is a potential case of hallucination (more than 5 consecutive repetitions). However, this might not be a hard hallucination since it's a common name.

Let me check the other outputs:

* Whisper-large-v2: The longest transcription without ""कुमार"" repeated more than 5 times is:
01-00004-02.mp3:
Word,Start Time,End Time,Confidence
वहने,0.0,0.7,0.634
राहुल,0.7,1.12,0.607
कुमार,1.12,1.44,0.882
भुकेश,1.44,1.96,0.632
...
* IndicConformer: The longest transcription is:
वही राहुल कुमार मुकेश कुमाररण कुमार राजा कुमार अनुरा कुमार सनी कुमारहेश कुमार मनीष कुमार सहित दर्जनों कार्यकर्ता भी शामिल थे धन्यवाद दिलीप पांडे ज ऐ बिहार मोबाइल वाणीस

Since the IndicConformer output is significantly longer, I'll choose it as the base transcription for now.

**Step 2: Merge and resolve conflicts**

Now that we have a base transcription from IndicConformer, let's merge the other outputs with it:

1. Whisper-hindi-large-v2:
	* ""वहने"", ""भुकेश"" are not present in IndicConformer; we can add them as separate entities.
	* ""राहुल"", ""कुमार"" are already present in IndicConformer, so no change is needed.
2. Whisper-large-v2:
	* Most of the output is covered by IndicConformer; however, some words like ""वहने"", ""भुकेश"" and ""अनुरख"" appear to be variants or typos.

Merging these outputs will result in a single transcription with all entities and relationships:

वही राहुल कुमार मुकेश कुमाररण कुमार राजा कुमार अनुरा कुमार सनी कुमारहेश कुमार मनीष कुमार सहित दर्जनों कार्यकर्ता भी शामिल थे धन्यवाद दिलीप पांडे ज ऐ बिहार मोबाइल वाणीस
राहुल, 0.7, 1.12, 0.607
कुमार, 1.12, 1.44, 0.882
भुकेश, 1.44, 1.96, 0.632
वहने, 0.0, 0.7, 0.634
अनुरख, 3.46, 3.84, 0.658

**Step 3: Resolve conflicts and ambiguities**

After merging the outputs, there are some potential conflicts:

* ""कुमार"" appears multiple times in IndicConformer; we can assume it's a single entity.
* ""राहुल"", ""भुकेश"", ""वहने"", and ""अनुरख"" appear as separate entities; however, their relationships with other entities need clarification.

To resolve these conflicts, I'll make some educated guesses based on the context:

* ""कुमार"" is a common name, so it's likely that all instances refer to the same person.
* ""राहुल"", ""भुकेश"", and ""वहने"" might be different individuals or roles; however, without more information, we can't determine their relationships with other entities.
* ""अनुरख"" seems to be a variant of ""अनुरा""; I'll assume it's a typo.

The final merged transcription is:

वही राहुल कुमार मुकेश कुमाररण कुमार राजा कुमार अनुरा सहित दर्जनों कार्यकर्ता भी शामिल थे धन्यवाद दिलीप पांडे ज ऐ बिहार मोबाइल वाणीस
राहुल, 0.7, 1.12, 0.607
कुमार, 1.12, 1.44, 0.882
भुकेश, 1.44, 1.96, 0.632
वहने, 0.0, 0.7, 0.634

Note that this is a complex task and the final output may not be perfect due to the ambiguity in the input data."
